dataset,instance_id,repeat,trace_idx,diagnosis,rf_prediction,n_llm_evidence_features,llm_evidence_features,shap_top1_feature,n_overlap_top3,n_overlap_top5,any_overlap_top3,any_overlap_top5,llm_feature_fraction_in_shap_top3,llm_feature_fraction_in_shap_top5,shap_top1_used_by_llm,grounded_rate,unsupported_rate
nasa_fd001,u001_e0050,0,0,healthy,healthy,4,"[""s21_delta_mean"", ""s12_delta_mean"", ""s7_slope"", ""s3_slope""]",s11_slope,0,1,False,True,0.0,0.25,False,1.0,0.0
nasa_fd001,u001_e0050,0,1,healthy,healthy,4,"[""s21_delta_mean"", ""s12_delta_mean"", ""s2_delta_mean"", ""s7_delta_mean""]",s11_slope,0,1,False,True,0.0,0.25,False,1.0,0.0
nasa_fd001,u001_e0050,0,2,healthy,healthy,4,"[""s21_delta_mean"", ""s21_slope"", ""s12_delta_mean"", ""s7_slope""]",s11_slope,0,1,False,True,0.0,0.25,False,1.0,0.0
nasa_fd001,u001_e0050,0,3,degraded,healthy,4,"[""s3_slope"", ""s8_delta_mean"", ""s14_z_last"", ""s21_delta_mean""]",s11_slope,0,0,False,False,0.0,0.0,False,1.0,0.0
nasa_fd001,u001_e0050,0,4,healthy,healthy,4,"[""s21_delta_mean"", ""s12_delta_mean"", ""s7_slope"", ""s3_slope""]",s11_slope,0,1,False,True,0.0,0.25,False,1.0,0.0
nasa_fd001,u001_e0080,0,0,healthy,healthy,3,"[""s4_z_last"", ""s11_z_last"", ""s17_delta_mean""]",s11_slope,0,0,False,False,0.0,0.0,False,1.0,0.0
nasa_fd001,u001_e0080,0,1,healthy,healthy,4,"[""s4_z_last"", ""s3_delta_mean"", ""s15_delta_mean"", ""s17_delta_mean""]",s11_slope,0,0,False,False,0.0,0.0,False,1.0,0.0
nasa_fd001,u001_e0080,0,2,healthy,healthy,4,"[""s4_z_last"", ""s17_delta_mean"", ""s11_z_last"", ""s20_delta_mean""]",s11_slope,0,0,False,False,0.0,0.0,False,1.0,0.0
nasa_fd001,u001_e0080,0,3,degraded,healthy,4,"[""s4_z_last"", ""s17_delta_mean"", ""s9_z_last"", ""s15_slope""]",s11_slope,0,1,False,True,0.0,0.25,False,1.0,0.0
nasa_fd001,u001_e0080,0,4,healthy,healthy,3,"[""s4_z_last"", ""s11_z_last"", ""s17_delta_mean""]",s11_slope,0,0,False,False,0.0,0.0,False,1.0,0.0
nasa_fd001,u001_e0100,0,0,healthy,healthy,4,"[""s7_z_last"", ""s4_z_last"", ""s21_z_last"", ""s15_slope""]",s11_slope,0,1,False,True,0.0,0.25,False,1.0,0.0
nasa_fd001,u001_e0100,0,1,healthy,healthy,4,"[""s4_z_last"", ""s7_z_last"", ""s20_delta_mean"", ""s9_z_last""]",s11_slope,0,0,False,False,0.0,0.0,False,1.0,0.0
nasa_fd001,u001_e0100,0,2,healthy,healthy,4,"[""s4_z_last"", ""s7_z_last"", ""s21_z_last"", ""s15_slope""]",s11_slope,0,1,False,True,0.0,0.25,False,1.0,0.0
nasa_fd001,u001_e0100,0,3,healthy,healthy,4,"[""s7_z_last"", ""s20_slope"", ""s4_z_last"", ""s15_slope""]",s11_slope,0,1,False,True,0.0,0.25,False,1.0,0.0
nasa_fd001,u001_e0100,0,4,degraded,healthy,4,"[""s2_delta_mean"", ""s9_z_last"", ""s15_slope"", ""s20_delta_mean""]",s11_slope,0,1,False,True,0.0,0.25,False,1.0,0.0
nasa_fd001,u001_e0140,0,0,degraded,healthy,4,"[""s2_delta_mean"", ""s13_slope"", ""s7_z_last"", ""s9_slope""]",s4_slope,0,0,False,False,0.0,0.0,False,1.0,0.0
nasa_fd001,u001_e0140,0,1,healthy,healthy,4,"[""s2_delta_mean"", ""s8_z_last"", ""s13_slope"", ""s7_z_last""]",s4_slope,0,0,False,False,0.0,0.0,False,1.0,0.0
nasa_fd001,u001_e0140,0,2,healthy,healthy,4,"[""s2_z_last"", ""s8_z_last"", ""s7_z_last"", ""s13_delta_mean""]",s4_slope,0,0,False,False,0.0,0.0,False,1.0,0.0
nasa_fd001,u001_e0140,0,3,degraded,healthy,4,"[""s2_delta_mean"", ""s13_slope"", ""s7_z_last"", ""s8_z_last""]",s4_slope,0,0,False,False,0.0,0.0,False,1.0,0.0
nasa_fd001,u001_e0140,0,4,degraded,healthy,4,"[""s2_delta_mean"", ""s8_z_last"", ""s7_z_last"", ""s13_slope""]",s4_slope,0,0,False,False,0.0,0.0,False,1.0,0.0
nasa_fd001,u001_e0170,0,0,degraded,degraded,4,"[""s8_slope"", ""s13_slope"", ""s11_slope"", ""s4_slope""]",s11_slope,2,2,True,True,0.5,0.5,True,1.0,0.0
nasa_fd001,u001_e0170,0,1,degraded,degraded,4,"[""s8_slope"", ""s13_slope"", ""s11_slope"", ""s4_slope""]",s11_slope,2,2,True,True,0.5,0.5,True,1.0,0.0
nasa_fd001,u001_e0170,0,2,degraded,degraded,4,"[""s8_slope"", ""s13_slope"", ""s4_slope"", ""s15_slope""]",s11_slope,1,1,True,True,0.25,0.25,False,1.0,0.0
nasa_fd001,u001_e0170,0,3,degraded,degraded,4,"[""s8_slope"", ""s13_slope"", ""s11_slope"", ""s4_slope""]",s11_slope,2,2,True,True,0.5,0.5,True,1.0,0.0
nasa_fd001,u001_e0170,0,4,degraded,degraded,4,"[""s8_slope"", ""s13_slope"", ""s4_slope"", ""s15_slope""]",s11_slope,1,1,True,True,0.25,0.25,False,1.0,0.0
nasa_fd001,u005_e0080,0,0,healthy,healthy,3,"[""s3_delta_mean"", ""s12_slope"", ""s20_z_last""]",s11_slope,0,0,False,False,0.0,0.0,False,1.0,0.0
nasa_fd001,u005_e0080,0,1,healthy,healthy,3,"[""s3_slope"", ""s12_slope"", ""s2_delta_mean""]",s11_slope,0,0,False,False,0.0,0.0,False,1.0,0.0
nasa_fd001,u005_e0080,0,2,healthy,healthy,4,"[""s12_delta_mean"", ""s12_z_last"", ""s3_delta_mean"", ""s3_slope""]",s11_slope,0,1,False,True,0.0,0.25,False,1.0,0.0
nasa_fd001,u005_e0080,0,3,degraded,healthy,4,"[""s3_slope"", ""s13_z_last"", ""s12_delta_mean"", ""s17_slope""]",s11_slope,0,1,False,True,0.0,0.25,False,1.0,0.0
nasa_fd001,u005_e0080,0,4,healthy,healthy,4,"[""s3_slope"", ""s3_delta_mean"", ""s12_slope"", ""s20_z_last""]",s11_slope,0,0,False,False,0.0,0.0,False,1.0,0.0
nasa_fd001,u005_e0110,0,0,degraded,healthy,3,"[""s8_slope"", ""s11_z_last"", ""s20_slope""]",s11_slope,0,0,False,False,0.0,0.0,False,1.0,0.0
nasa_fd001,u005_e0110,0,1,healthy,healthy,4,"[""s3_z_last"", ""s8_slope"", ""s21_z_last"", ""s20_slope""]",s11_slope,0,0,False,False,0.0,0.0,False,1.0,0.0
nasa_fd001,u005_e0110,0,2,healthy,healthy,4,"[""s3_z_last"", ""s2_z_last"", ""s8_slope"", ""s20_slope""]",s11_slope,0,0,False,False,0.0,0.0,False,1.0,0.0
nasa_fd001,u005_e0110,0,3,degraded,healthy,4,"[""s8_slope"", ""s3_z_last"", ""s11_z_last"", ""s20_slope""]",s11_slope,0,0,False,False,0.0,0.0,False,1.0,0.0
nasa_fd001,u005_e0110,0,4,healthy,healthy,4,"[""s3_z_last"", ""s8_slope"", ""s20_delta_mean"", ""s6_slope""]",s11_slope,0,0,False,False,0.0,0.0,False,1.0,0.0
nasa_fd001,u005_e0150,0,0,healthy,healthy,4,"[""s7_delta_mean"", ""s4_z_last"", ""s15_delta_mean"", ""s9_z_last""]",s11_slope,0,0,False,False,0.0,0.0,False,1.0,0.0
nasa_fd001,u005_e0150,0,1,healthy,healthy,4,"[""s7_delta_mean"", ""s7_slope"", ""s15_delta_mean"", ""s15_slope""]",s11_slope,0,0,False,False,0.0,0.0,False,1.0,0.0
nasa_fd001,u005_e0150,0,2,healthy,healthy,4,"[""s7_delta_mean"", ""s7_slope"", ""s4_z_last"", ""s15_slope""]",s11_slope,0,0,False,False,0.0,0.0,False,1.0,0.0
nasa_fd001,u005_e0150,0,3,healthy,healthy,4,"[""s7_delta_mean"", ""s7_slope"", ""s4_z_last"", ""s15_delta_mean""]",s11_slope,0,0,False,False,0.0,0.0,False,1.0,0.0
nasa_fd001,u005_e0150,0,4,healthy,healthy,4,"[""s7_delta_mean"", ""s7_slope"", ""s4_z_last"", ""s15_slope""]",s11_slope,0,0,False,False,0.0,0.0,False,1.0,0.0
nasa_fd001,u005_e0180,0,0,degraded,healthy,3,"[""s14_z_last"", ""s20_delta_mean"", ""s3_slope""]",s11_slope,0,0,False,False,0.0,0.0,False,1.0,0.0
nasa_fd001,u005_e0180,0,1,healthy,healthy,3,"[""s8_z_last"", ""s9_z_last"", ""s7_z_last""]",s11_slope,0,0,False,False,0.0,0.0,False,1.0,0.0
nasa_fd001,u005_e0180,0,2,healthy,healthy,3,"[""s8_z_last"", ""s9_z_last"", ""s21_slope""]",s11_slope,0,0,False,False,0.0,0.0,False,1.0,0.0
nasa_fd001,u005_e0180,0,3,healthy,healthy,4,"[""s8_z_last"", ""s9_z_last"", ""s14_z_last"", ""s20_slope""]",s11_slope,0,0,False,False,0.0,0.0,False,1.0,0.0
nasa_fd001,u005_e0180,0,4,healthy,healthy,4,"[""s8_z_last"", ""s9_z_last"", ""s7_z_last"", ""s3_slope""]",s11_slope,0,0,False,False,0.0,0.0,False,1.0,0.0
nasa_fd001,u005_e0230,0,0,degraded,degraded,4,"[""s13_delta_mean"", ""s17_slope"", ""s21_delta_mean"", ""s12_delta_mean""]",s11_slope,1,1,True,True,0.25,0.25,False,1.0,0.0
nasa_fd001,u005_e0230,0,1,degraded,degraded,4,"[""s13_delta_mean"", ""s17_slope"", ""s21_delta_mean"", ""s12_delta_mean""]",s11_slope,1,1,True,True,0.25,0.25,False,1.0,0.0
nasa_fd001,u005_e0230,0,2,degraded,degraded,4,"[""s13_delta_mean"", ""s17_slope"", ""s21_delta_mean"", ""s12_delta_mean""]",s11_slope,1,1,True,True,0.25,0.25,False,1.0,0.0
nasa_fd001,u005_e0230,0,3,degraded,degraded,3,"[""s13_delta_mean"", ""s17_slope"", ""s21_delta_mean""]",s11_slope,1,1,True,True,0.3333333333333333,0.3333333333333333,False,1.0,0.0
nasa_fd001,u005_e0230,0,4,degraded,degraded,3,"[""s13_delta_mean"", ""s17_slope"", ""s21_delta_mean""]",s11_slope,1,1,True,True,0.3333333333333333,0.3333333333333333,False,1.0,0.0
nasa_fd001,u005_e0250,0,0,degraded,degraded,4,"[""s9_slope"", ""s14_slope"", ""s20_slope"", ""s21_z_last""]",s11_slope,0,0,False,False,0.0,0.0,False,1.0,0.0
nasa_fd001,u005_e0250,0,1,degraded,degraded,4,"[""s9_slope"", ""s14_slope"", ""s15_slope"", ""s20_slope""]",s11_slope,0,0,False,False,0.0,0.0,False,1.0,0.0
nasa_fd001,u005_e0250,0,2,degraded,degraded,4,"[""s9_slope"", ""s14_slope"", ""s20_slope"", ""s21_slope""]",s11_slope,0,0,False,False,0.0,0.0,False,1.0,0.0
nasa_fd001,u005_e0250,0,3,degraded,degraded,4,"[""s14_slope"", ""s9_slope"", ""s20_slope"", ""s21_slope""]",s11_slope,0,0,False,False,0.0,0.0,False,0.75,0.25
nasa_fd001,u005_e0250,0,4,degraded,degraded,4,"[""s9_slope"", ""s14_slope"", ""s15_slope"", ""s20_z_last""]",s11_slope,0,0,False,False,0.0,0.0,False,1.0,0.0
nasa_fd001,u005_e0260,0,0,degraded,degraded,3,"[""s3_slope"", ""s15_slope"", ""s21_slope""]",s11_slope,0,0,False,False,0.0,0.0,False,1.0,0.0
nasa_fd001,u005_e0260,0,1,degraded,degraded,4,"[""s3_slope"", ""s15_slope"", ""s21_slope"", ""s12_slope""]",s11_slope,0,0,False,False,0.0,0.0,False,1.0,0.0
nasa_fd001,u005_e0260,0,2,degraded,degraded,4,"[""s3_slope"", ""s15_slope"", ""s12_slope"", ""s21_slope""]",s11_slope,0,0,False,False,0.0,0.0,False,1.0,0.0
nasa_fd001,u005_e0260,0,3,degraded,degraded,4,"[""s3_slope"", ""s15_slope"", ""s21_slope"", ""s12_slope""]",s11_slope,0,0,False,False,0.0,0.0,False,1.0,0.0
nasa_fd001,u005_e0260,0,4,degraded,degraded,3,"[""s3_slope"", ""s14_delta_mean"", ""s21_slope""]",s11_slope,0,0,False,False,0.0,0.0,False,1.0,0.0
nasa_fd001,u011_e0050,0,0,healthy,healthy,4,"[""s6_slope"", ""s6_delta_mean"", ""s21_slope"", ""s3_z_last""]",s11_slope,0,0,False,False,0.0,0.0,False,1.0,0.0
nasa_fd001,u011_e0050,0,1,healthy,healthy,4,"[""s6_slope"", ""s6_delta_mean"", ""s21_slope"", ""s21_z_last""]",s11_slope,0,0,False,False,0.0,0.0,False,1.0,0.0
nasa_fd001,u011_e0050,0,2,healthy,healthy,4,"[""s6_slope"", ""s6_delta_mean"", ""s21_slope"", ""s3_z_last""]",s11_slope,0,0,False,False,0.0,0.0,False,1.0,0.0
nasa_fd001,u011_e0050,0,3,healthy,healthy,4,"[""s6_slope"", ""s6_delta_mean"", ""s21_slope"", ""s3_z_last""]",s11_slope,0,0,False,False,0.0,0.0,False,1.0,0.0
nasa_fd001,u011_e0050,0,4,healthy,healthy,4,"[""s6_slope"", ""s6_delta_mean"", ""s21_slope"", ""s21_z_last""]",s11_slope,0,0,False,False,0.0,0.0,False,1.0,0.0
nasa_fd001,u011_e0070,0,0,healthy,healthy,4,"[""s6_slope"", ""s7_slope"", ""s8_z_last"", ""s15_delta_mean""]",s11_slope,0,0,False,False,0.0,0.0,False,1.0,0.0
nasa_fd001,u011_e0070,0,1,healthy,healthy,4,"[""s6_slope"", ""s8_z_last"", ""s15_delta_mean"", ""s20_delta_mean""]",s11_slope,0,0,False,False,0.0,0.0,False,1.0,0.0
nasa_fd001,u011_e0070,0,2,healthy,healthy,3,"[""s6_slope"", ""s15_delta_mean"", ""s8_z_last""]",s11_slope,0,0,False,False,0.0,0.0,False,1.0,0.0
nasa_fd001,u011_e0070,0,3,healthy,healthy,4,"[""s6_slope"", ""s7_slope"", ""s8_z_last"", ""s15_delta_mean""]",s11_slope,0,0,False,False,0.0,0.0,False,1.0,0.0
nasa_fd001,u011_e0070,0,4,healthy,healthy,4,"[""s6_slope"", ""s7_slope"", ""s8_z_last"", ""s15_delta_mean""]",s11_slope,0,0,False,False,0.0,0.0,False,1.0,0.0
nasa_fd001,u011_e0130,0,0,degraded,healthy,4,"[""s3_delta_mean"", ""s13_delta_mean"", ""s15_slope"", ""s20_z_last""]",s11_slope,0,1,False,True,0.0,0.25,False,1.0,0.0
nasa_fd001,u011_e0130,0,1,degraded,healthy,4,"[""s2_delta_mean"", ""s3_slope"", ""s13_delta_mean"", ""s15_slope""]",s11_slope,0,1,False,True,0.0,0.25,False,1.0,0.0
nasa_fd001,u011_e0130,0,2,degraded,healthy,4,"[""s3_delta_mean"", ""s13_delta_mean"", ""s15_slope"", ""s20_z_last""]",s11_slope,0,1,False,True,0.0,0.25,False,1.0,0.0
nasa_fd001,u011_e0130,0,3,degraded,healthy,4,"[""s2_slope"", ""s3_slope"", ""s13_delta_mean"", ""s15_slope""]",s11_slope,0,1,False,True,0.0,0.25,False,1.0,0.0
nasa_fd001,u011_e0130,0,4,degraded,healthy,4,"[""s3_delta_mean"", ""s15_slope"", ""s17_slope"", ""s20_z_last""]",s11_slope,0,1,False,True,0.0,0.25,False,1.0,0.0
nasa_fd001,u011_e0160,0,0,healthy,healthy,4,"[""s7_z_last"", ""s15_z_last"", ""s12_delta_mean"", ""s21_delta_mean""]",s11_slope,1,1,True,True,0.25,0.25,False,1.0,0.0
nasa_fd001,u011_e0160,0,1,healthy,healthy,4,"[""s7_z_last"", ""s14_slope"", ""s21_delta_mean"", ""s12_slope""]",s11_slope,0,1,False,True,0.0,0.25,False,1.0,0.0
nasa_fd001,u011_e0160,0,2,healthy,healthy,4,"[""s7_z_last"", ""s14_slope"", ""s21_delta_mean"", ""s12_slope""]",s11_slope,0,1,False,True,0.0,0.25,False,1.0,0.0
nasa_fd001,u011_e0160,0,3,healthy,healthy,4,"[""s7_z_last"", ""s21_delta_mean"", ""s12_slope"", ""s3_slope""]",s11_slope,0,1,False,True,0.0,0.25,False,1.0,0.0
nasa_fd001,u011_e0160,0,4,healthy,healthy,4,"[""s7_z_last"", ""s14_slope"", ""s12_slope"", ""s21_delta_mean""]",s11_slope,0,1,False,True,0.0,0.25,False,1.0,0.0
nasa_fd001,u011_e0190,0,0,degraded,healthy,4,"[""s9_delta_mean"", ""s14_delta_mean"", ""s9_slope"", ""s14_slope""]",s4_slope,0,0,False,False,0.0,0.0,False,1.0,0.0
nasa_fd001,u011_e0190,0,1,degraded,healthy,4,"[""s14_delta_mean"", ""s14_slope"", ""s9_delta_mean"", ""s9_slope""]",s4_slope,0,0,False,False,0.0,0.0,False,1.0,0.0
nasa_fd001,u011_e0190,0,2,healthy,healthy,4,"[""s3_z_last"", ""s14_z_last"", ""s9_slope"", ""s17_slope""]",s4_slope,0,1,False,True,0.0,0.25,False,1.0,0.0
nasa_fd001,u011_e0190,0,3,degraded,healthy,4,"[""s14_delta_mean"", ""s9_delta_mean"", ""s9_slope"", ""s14_slope""]",s4_slope,0,0,False,False,0.0,0.0,False,1.0,0.0
nasa_fd001,u011_e0190,0,4,healthy,healthy,3,"[""s3_z_last"", ""s14_delta_mean"", ""s7_slope""]",s4_slope,0,0,False,False,0.0,0.0,False,1.0,0.0
nasa_fd001,u011_e0200,0,0,degraded,degraded,4,"[""s14_delta_mean"", ""s14_slope"", ""s9_slope"", ""s21_slope""]",s4_slope,0,0,False,False,0.0,0.0,False,1.0,0.0
nasa_fd001,u011_e0200,0,1,degraded,degraded,4,"[""s14_delta_mean"", ""s14_slope"", ""s9_slope"", ""s21_slope""]",s4_slope,0,0,False,False,0.0,0.0,False,1.0,0.0
nasa_fd001,u011_e0200,0,2,degraded,degraded,4,"[""s14_delta_mean"", ""s9_slope"", ""s21_slope"", ""s7_z_last""]",s4_slope,0,0,False,False,0.0,0.0,False,1.0,0.0
nasa_fd001,u011_e0200,0,3,degraded,degraded,4,"[""s14_delta_mean"", ""s14_slope"", ""s9_slope"", ""s21_slope""]",s4_slope,0,0,False,False,0.0,0.0,False,1.0,0.0
nasa_fd001,u011_e0200,0,4,degraded,degraded,4,"[""s14_delta_mean"", ""s9_slope"", ""s21_slope"", ""s6_slope""]",s4_slope,0,0,False,False,0.0,0.0,False,1.0,0.0
nasa_fd001,u011_e0240,0,0,degraded,degraded,4,"[""s9_slope"", ""s14_delta_mean"", ""s20_delta_mean"", ""s21_delta_mean""]",s11_slope,0,1,False,True,0.0,0.25,False,1.0,0.0
nasa_fd001,u011_e0240,0,1,degraded,degraded,4,"[""s9_slope"", ""s14_slope"", ""s9_delta_mean"", ""s14_delta_mean""]",s11_slope,0,0,False,False,0.0,0.0,False,1.0,0.0
nasa_fd001,u011_e0240,0,2,degraded,degraded,4,"[""s9_slope"", ""s14_slope"", ""s9_delta_mean"", ""s14_delta_mean""]",s11_slope,0,0,False,False,0.0,0.0,False,1.0,0.0
nasa_fd001,u011_e0240,0,3,degraded,degraded,4,"[""s9_slope"", ""s14_slope"", ""s14_delta_mean"", ""s20_slope""]",s11_slope,0,0,False,False,0.0,0.0,False,1.0,0.0
nasa_fd001,u011_e0240,0,4,degraded,degraded,4,"[""s9_slope"", ""s14_slope"", ""s20_delta_mean"", ""s21_delta_mean""]",s11_slope,0,1,False,True,0.0,0.25,False,1.0,0.0
nasa_fd001,u013_e0060,0,0,healthy,healthy,4,"[""s11_z_last"", ""s14_z_last"", ""s7_z_last"", ""s15_z_last""]",s11_slope,0,0,False,False,0.0,0.0,False,1.0,0.0
nasa_fd001,u013_e0060,0,1,healthy,healthy,4,"[""s11_z_last"", ""s14_z_last"", ""s7_z_last"", ""s15_z_last""]",s11_slope,0,0,False,False,0.0,0.0,False,1.0,0.0
nasa_fd001,u013_e0060,0,2,healthy,healthy,4,"[""s11_z_last"", ""s14_z_last"", ""s21_z_last"", ""s7_z_last""]",s11_slope,0,0,False,False,0.0,0.0,False,1.0,0.0
nasa_fd001,u013_e0060,0,3,healthy,healthy,4,"[""s11_z_last"", ""s14_z_last"", ""s21_z_last"", ""s7_z_last""]",s11_slope,0,0,False,False,0.0,0.0,False,1.0,0.0
nasa_fd001,u013_e0060,0,4,healthy,healthy,4,"[""s11_z_last"", ""s14_z_last"", ""s15_z_last"", ""s20_z_last""]",s11_slope,0,0,False,False,0.0,0.0,False,1.0,0.0
nasa_fd001,u013_e0070,0,0,degraded,healthy,3,"[""s17_z_last"", ""s15_delta_mean"", ""s7_slope""]",s11_slope,0,0,False,False,0.0,0.0,False,1.0,0.0
nasa_fd001,u013_e0070,0,1,degraded,healthy,3,"[""s17_z_last"", ""s15_delta_mean"", ""s7_slope""]",s11_slope,0,0,False,False,0.0,0.0,False,1.0,0.0
nasa_fd001,u013_e0070,0,2,degraded,healthy,3,"[""s17_z_last"", ""s15_delta_mean"", ""s7_slope""]",s11_slope,0,0,False,False,0.0,0.0,False,1.0,0.0
nasa_fd001,u013_e0070,0,3,degraded,healthy,4,"[""s17_z_last"", ""s15_delta_mean"", ""s7_slope"", ""s13_z_last""]",s11_slope,0,0,False,False,0.0,0.0,False,1.0,0.0
nasa_fd001,u013_e0070,0,4,healthy,healthy,4,"[""s17_z_last"", ""s13_z_last"", ""s7_slope"", ""s4_delta_mean""]",s11_slope,0,1,False,True,0.0,0.25,False,1.0,0.0
nasa_fd001,u013_e0120,0,0,degraded,healthy,4,"[""s14_z_last"", ""s14_slope"", ""s9_z_last"", ""s7_slope""]",s4_slope,0,0,False,False,0.0,0.0,False,1.0,0.0
nasa_fd001,u013_e0120,0,1,degraded,healthy,4,"[""s14_z_last"", ""s14_slope"", ""s9_z_last"", ""s9_slope""]",s4_slope,0,0,False,False,0.0,0.0,False,1.0,0.0
nasa_fd001,u013_e0120,0,2,degraded,healthy,4,"[""s14_z_last"", ""s14_slope"", ""s9_z_last"", ""s8_z_last""]",s4_slope,0,0,False,False,0.0,0.0,False,1.0,0.0
nasa_fd001,u013_e0120,0,3,healthy,healthy,4,"[""s14_z_last"", ""s9_z_last"", ""s20_z_last"", ""s7_slope""]",s4_slope,0,0,False,False,0.0,0.0,False,1.0,0.0
nasa_fd001,u013_e0120,0,4,healthy,healthy,4,"[""s14_z_last"", ""s9_z_last"", ""s14_delta_mean"", ""s20_z_last""]",s4_slope,0,0,False,False,0.0,0.0,False,1.0,0.0
nasa_fd001,u013_e0130,0,0,degraded,healthy,4,"[""s9_delta_mean"", ""s14_delta_mean"", ""s17_delta_mean"", ""s8_z_last""]",s4_slope,0,0,False,False,0.0,0.0,False,1.0,0.0
nasa_fd001,u013_e0130,0,1,healthy,healthy,4,"[""s17_delta_mean"", ""s14_delta_mean"", ""s8_z_last"", ""s9_delta_mean""]",s4_slope,0,0,False,False,0.0,0.0,False,1.0,0.0
nasa_fd001,u013_e0130,0,2,healthy,healthy,4,"[""s8_z_last"", ""s17_delta_mean"", ""s14_delta_mean"", ""s9_z_last""]",s4_slope,0,0,False,False,0.0,0.0,False,1.0,0.0
nasa_fd001,u013_e0130,0,3,healthy,healthy,4,"[""s8_z_last"", ""s17_delta_mean"", ""s14_delta_mean"", ""s9_z_last""]",s4_slope,0,0,False,False,0.0,0.0,False,1.0,0.0
nasa_fd001,u013_e0130,0,4,healthy,healthy,4,"[""s14_delta_mean"", ""s17_delta_mean"", ""s9_z_last"", ""s8_z_last""]",s4_slope,0,0,False,False,0.0,0.0,False,1.0,0.0
nasa_fd001,u013_e0140,0,0,degraded,degraded,4,"[""s14_delta_mean"", ""s9_slope"", ""s4_z_last"", ""s12_z_last""]",s4_slope,0,0,False,False,0.0,0.0,False,1.0,0.0
nasa_fd001,u013_e0140,0,1,degraded,degraded,4,"[""s9_delta_mean"", ""s14_delta_mean"", ""s9_slope"", ""s14_slope""]",s4_slope,0,0,False,False,0.0,0.0,False,1.0,0.0
nasa_fd001,u013_e0140,0,2,degraded,degraded,4,"[""s9_delta_mean"", ""s14_delta_mean"", ""s9_slope"", ""s14_slope""]",s4_slope,0,0,False,False,0.0,0.0,False,1.0,0.0
nasa_fd001,u013_e0140,0,3,degraded,degraded,4,"[""s9_delta_mean"", ""s14_delta_mean"", ""s14_slope"", ""s9_slope""]",s4_slope,0,0,False,False,0.0,0.0,False,1.0,0.0
nasa_fd001,u013_e0140,0,4,degraded,degraded,4,"[""s9_delta_mean"", ""s9_slope"", ""s14_delta_mean"", ""s14_slope""]",s4_slope,0,0,False,False,0.0,0.0,False,1.0,0.0
nasa_fd001,u013_e0160,0,0,degraded,degraded,4,"[""s9_delta_mean"", ""s9_slope"", ""s14_delta_mean"", ""s14_slope""]",s11_slope,0,0,False,False,0.0,0.0,False,1.0,0.0
nasa_fd001,u013_e0160,0,1,degraded,degraded,4,"[""s9_slope"", ""s9_delta_mean"", ""s14_slope"", ""s14_delta_mean""]",s11_slope,0,0,False,False,0.0,0.0,False,1.0,0.0
nasa_fd001,u013_e0160,0,2,degraded,degraded,4,"[""s9_delta_mean"", ""s9_slope"", ""s14_delta_mean"", ""s14_slope""]",s11_slope,0,0,False,False,0.0,0.0,False,1.0,0.0
nasa_fd001,u013_e0160,0,3,degraded,degraded,4,"[""s9_slope"", ""s14_slope"", ""s9_delta_mean"", ""s14_delta_mean""]",s11_slope,0,0,False,False,0.0,0.0,False,1.0,0.0
nasa_fd001,u013_e0160,0,4,degraded,degraded,4,"[""s9_slope"", ""s14_slope"", ""s9_delta_mean"", ""s14_delta_mean""]",s11_slope,0,0,False,False,0.0,0.0,False,1.0,0.0
nasa_fd001,u019_e0050,0,0,healthy,healthy,3,"[""s15_z_last"", ""s20_z_last"", ""s3_slope""]",s11_slope,0,0,False,False,0.0,0.0,False,1.0,0.0
nasa_fd001,u019_e0050,0,1,healthy,healthy,3,"[""s15_z_last"", ""s3_slope"", ""s17_z_last""]",s11_slope,0,0,False,False,0.0,0.0,False,1.0,0.0
nasa_fd001,u019_e0050,0,2,healthy,healthy,3,"[""s15_z_last"", ""s20_z_last"", ""s3_slope""]",s11_slope,0,0,False,False,0.0,0.0,False,1.0,0.0
nasa_fd001,u019_e0050,0,3,healthy,healthy,3,"[""s15_z_last"", ""s3_slope"", ""s20_z_last""]",s11_slope,0,0,False,False,0.0,0.0,False,1.0,0.0
nasa_fd001,u019_e0050,0,4,healthy,healthy,3,"[""s15_z_last"", ""s3_slope"", ""s20_z_last""]",s11_slope,0,0,False,False,0.0,0.0,False,1.0,0.0
nasa_fd001,u019_e0060,0,0,healthy,healthy,4,"[""s3_slope"", ""s2_delta_mean"", ""s20_delta_mean"", ""s21_delta_mean""]",s11_slope,0,0,False,False,0.0,0.0,False,1.0,0.0
nasa_fd001,u019_e0060,0,1,healthy,healthy,3,"[""s3_slope"", ""s2_delta_mean"", ""s20_delta_mean""]",s11_slope,0,0,False,False,0.0,0.0,False,1.0,0.0
nasa_fd001,u019_e0060,0,2,healthy,healthy,4,"[""s3_slope"", ""s2_delta_mean"", ""s20_delta_mean"", ""s21_delta_mean""]",s11_slope,0,0,False,False,0.0,0.0,False,1.0,0.0
nasa_fd001,u019_e0060,0,3,healthy,healthy,4,"[""s3_slope"", ""s2_delta_mean"", ""s20_delta_mean"", ""s21_delta_mean""]",s11_slope,0,0,False,False,0.0,0.0,False,1.0,0.0
nasa_fd001,u019_e0060,0,4,healthy,healthy,4,"[""s2_delta_mean"", ""s3_slope"", ""s20_delta_mean"", ""s21_delta_mean""]",s11_slope,0,0,False,False,0.0,0.0,False,1.0,0.0
nasa_fd001,u023_e0120,0,0,healthy,healthy,4,"[""s2_delta_mean"", ""s15_z_last"", ""s9_z_last"", ""s13_z_last""]",s4_slope,0,0,False,False,0.0,0.0,False,1.0,0.0
nasa_fd001,u023_e0120,0,1,healthy,healthy,3,"[""s2_delta_mean"", ""s9_z_last"", ""s15_z_last""]",s4_slope,0,0,False,False,0.0,0.0,False,1.0,0.0
nasa_fd001,u023_e0120,0,2,healthy,healthy,3,"[""s2_delta_mean"", ""s15_z_last"", ""s9_z_last""]",s4_slope,0,0,False,False,0.0,0.0,False,1.0,0.0
nasa_fd001,u023_e0120,0,3,healthy,healthy,3,"[""s2_delta_mean"", ""s15_z_last"", ""s9_z_last""]",s4_slope,0,0,False,False,0.0,0.0,False,1.0,0.0
nasa_fd001,u023_e0120,0,4,healthy,healthy,3,"[""s2_delta_mean"", ""s15_z_last"", ""s9_z_last""]",s4_slope,0,0,False,False,0.0,0.0,False,1.0,0.0
nasa_fd001,u023_e0130,0,0,degraded,healthy,4,"[""s13_delta_mean"", ""s13_slope"", ""s8_slope"", ""s20_delta_mean""]",s11_slope,0,0,False,False,0.0,0.0,False,1.0,0.0
nasa_fd001,u023_e0130,0,1,degraded,healthy,4,"[""s13_delta_mean"", ""s13_slope"", ""s8_slope"", ""s20_delta_mean""]",s11_slope,0,0,False,False,0.0,0.0,False,1.0,0.0
nasa_fd001,u023_e0130,0,2,degraded,healthy,4,"[""s13_delta_mean"", ""s13_slope"", ""s8_slope"", ""s20_delta_mean""]",s11_slope,0,0,False,False,0.0,0.0,False,1.0,0.0
nasa_fd001,u023_e0130,0,3,degraded,healthy,4,"[""s13_delta_mean"", ""s13_slope"", ""s8_slope"", ""s20_delta_mean""]",s11_slope,0,0,False,False,0.0,0.0,False,1.0,0.0
nasa_fd001,u023_e0130,0,4,degraded,healthy,4,"[""s13_delta_mean"", ""s13_slope"", ""s8_slope"", ""s20_delta_mean""]",s11_slope,0,0,False,False,0.0,0.0,False,1.0,0.0
nasa_fd001,u023_e0160,0,0,degraded,degraded,4,"[""s13_slope"", ""s8_slope"", ""s7_slope"", ""s4_slope""]",s11_slope,1,1,True,True,0.25,0.25,False,1.0,0.0
nasa_fd001,u023_e0160,0,1,degraded,degraded,3,"[""s13_delta_mean"", ""s8_slope"", ""s7_slope""]",s11_slope,0,0,False,False,0.0,0.0,False,1.0,0.0
nasa_fd001,u023_e0160,0,2,degraded,degraded,4,"[""s8_slope"", ""s13_slope"", ""s7_slope"", ""s4_slope""]",s11_slope,1,1,True,True,0.25,0.25,False,1.0,0.0
nasa_fd001,u023_e0160,0,3,degraded,degraded,4,"[""s8_slope"", ""s13_slope"", ""s4_slope"", ""s7_slope""]",s11_slope,1,1,True,True,0.25,0.25,False,1.0,0.0
nasa_fd001,u023_e0160,0,4,degraded,degraded,4,"[""s4_slope"", ""s13_slope"", ""s8_slope"", ""s7_slope""]",s11_slope,1,1,True,True,0.25,0.25,False,1.0,0.0
nasa_fd001,u027_e0050,0,0,healthy,healthy,3,"[""s2_z_last"", ""s7_delta_mean"", ""s20_z_last""]",s11_slope,0,0,False,False,0.0,0.0,False,1.0,0.0
nasa_fd001,u027_e0050,0,1,degraded,healthy,4,"[""s15_delta_mean"", ""s15_slope"", ""s17_slope"", ""s13_slope""]",s11_slope,0,0,False,False,0.0,0.0,False,1.0,0.0
nasa_fd001,u027_e0050,0,2,degraded,healthy,4,"[""s13_slope"", ""s17_slope"", ""s15_delta_mean"", ""s7_slope""]",s11_slope,0,0,False,False,0.0,0.0,False,1.0,0.0
nasa_fd001,u027_e0050,0,3,degraded,healthy,4,"[""s17_delta_mean"", ""s15_delta_mean"", ""s4_slope"", ""s7_slope""]",s11_slope,1,1,True,True,0.25,0.25,False,1.0,0.0
nasa_fd001,u027_e0050,0,4,degraded,healthy,4,"[""s15_delta_mean"", ""s17_slope"", ""s4_slope"", ""s7_delta_mean""]",s11_slope,1,1,True,True,0.25,0.25,False,1.0,0.0
nasa_fd001,u027_e0080,0,0,degraded,healthy,4,"[""s2_z_last"", ""s8_z_last"", ""s3_slope"", ""s12_delta_mean""]",s11_slope,0,1,False,True,0.0,0.25,False,1.0,0.0
nasa_fd001,u027_e0080,0,1,degraded,healthy,4,"[""s2_z_last"", ""s8_z_last"", ""s20_slope"", ""s11_slope""]",s11_slope,1,1,True,True,0.25,0.25,True,1.0,0.0
nasa_fd001,u027_e0080,0,2,degraded,healthy,4,"[""s2_z_last"", ""s8_z_last"", ""s3_slope"", ""s12_delta_mean""]",s11_slope,0,1,False,True,0.0,0.25,False,1.0,0.0
nasa_fd001,u027_e0080,0,3,degraded,healthy,4,"[""s2_z_last"", ""s8_z_last"", ""s11_slope"", ""s20_slope""]",s11_slope,1,1,True,True,0.25,0.25,True,1.0,0.0
nasa_fd001,u027_e0080,0,4,degraded,healthy,4,"[""s2_z_last"", ""s8_z_last"", ""s11_slope"", ""s12_delta_mean""]",s11_slope,1,2,True,True,0.25,0.5,True,1.0,0.0
nasa_fd001,u027_e0090,0,0,healthy,healthy,4,"[""s2_z_last"", ""s7_z_last"", ""s6_slope"", ""s21_z_last""]",s11_slope,0,0,False,False,0.0,0.0,False,1.0,0.0
nasa_fd001,u027_e0090,0,1,healthy,healthy,3,"[""s2_z_last"", ""s7_z_last"", ""s6_slope""]",s11_slope,0,0,False,False,0.0,0.0,False,1.0,0.0
nasa_fd001,u027_e0090,0,2,healthy,healthy,4,"[""s2_z_last"", ""s7_z_last"", ""s6_slope"", ""s21_z_last""]",s11_slope,0,0,False,False,0.0,0.0,False,1.0,0.0
nasa_fd001,u027_e0090,0,3,healthy,healthy,3,"[""s2_z_last"", ""s7_z_last"", ""s21_z_last""]",s11_slope,0,0,False,False,0.0,0.0,False,1.0,0.0
nasa_fd001,u027_e0090,0,4,healthy,healthy,3,"[""s2_z_last"", ""s7_z_last"", ""s6_slope""]",s11_slope,0,0,False,False,0.0,0.0,False,1.0,0.0
nasa_fd001,u027_e0100,0,0,degraded,healthy,3,"[""s6_slope"", ""s6_delta_mean"", ""s17_z_last""]",s11_slope,0,0,False,False,0.0,0.0,False,1.0,0.0
nasa_fd001,u027_e0100,0,1,healthy,healthy,4,"[""s6_slope"", ""s6_delta_mean"", ""s20_z_last"", ""s17_delta_mean""]",s11_slope,0,0,False,False,0.0,0.0,False,1.0,0.0
nasa_fd001,u027_e0100,0,2,healthy,healthy,3,"[""s6_slope"", ""s6_delta_mean"", ""s20_z_last""]",s11_slope,0,0,False,False,0.0,0.0,False,1.0,0.0
nasa_fd001,u027_e0100,0,3,healthy,healthy,3,"[""s6_slope"", ""s6_delta_mean"", ""s20_z_last""]",s11_slope,0,0,False,False,0.0,0.0,False,1.0,0.0
nasa_fd001,u027_e0100,0,4,healthy,healthy,4,"[""s6_slope"", ""s6_delta_mean"", ""s20_z_last"", ""s17_delta_mean""]",s11_slope,0,0,False,False,0.0,0.0,False,1.0,0.0
nasa_fd001,u031_e0060,0,0,healthy,healthy,3,"[""s6_delta_mean"", ""s21_z_last"", ""s3_slope""]",s11_slope,0,0,False,False,0.0,0.0,False,1.0,0.0
nasa_fd001,u031_e0060,0,1,healthy,healthy,3,"[""s6_delta_mean"", ""s21_z_last"", ""s7_z_last""]",s11_slope,0,0,False,False,0.0,0.0,False,1.0,0.0
nasa_fd001,u031_e0060,0,2,healthy,healthy,4,"[""s6_delta_mean"", ""s6_slope"", ""s21_z_last"", ""s7_z_last""]",s11_slope,0,0,False,False,0.0,0.0,False,1.0,0.0
nasa_fd001,u031_e0060,0,3,healthy,healthy,3,"[""s6_delta_mean"", ""s6_slope"", ""s21_z_last""]",s11_slope,0,0,False,False,0.0,0.0,False,1.0,0.0
nasa_fd001,u031_e0060,0,4,healthy,healthy,4,"[""s6_delta_mean"", ""s21_z_last"", ""s7_z_last"", ""s3_slope""]",s11_slope,0,0,False,False,0.0,0.0,False,1.0,0.0
nasa_fd001,u031_e0080,0,0,degraded,healthy,4,"[""s6_delta_mean"", ""s6_slope"", ""s17_slope"", ""s3_slope""]",s11_slope,0,0,False,False,0.0,0.0,False,1.0,0.0
nasa_fd001,u031_e0080,0,1,healthy,healthy,4,"[""s6_delta_mean"", ""s6_slope"", ""s17_delta_mean"", ""s4_z_last""]",s11_slope,0,0,False,False,0.0,0.0,False,1.0,0.0
nasa_fd001,u031_e0080,0,2,degraded,healthy,4,"[""s6_delta_mean"", ""s6_slope"", ""s17_slope"", ""s3_slope""]",s11_slope,0,0,False,False,0.0,0.0,False,1.0,0.0
nasa_fd001,u031_e0080,0,3,degraded,healthy,4,"[""s6_delta_mean"", ""s6_slope"", ""s17_slope"", ""s3_slope""]",s11_slope,0,0,False,False,0.0,0.0,False,1.0,0.0
nasa_fd001,u031_e0080,0,4,healthy,healthy,4,"[""s6_delta_mean"", ""s6_slope"", ""s17_delta_mean"", ""s4_z_last""]",s11_slope,0,0,False,False,0.0,0.0,False,1.0,0.0
nasa_fd001,u031_e0140,0,0,degraded,healthy,4,"[""s7_z_last"", ""s14_z_last"", ""s9_delta_mean"", ""s20_delta_mean""]",s11_slope,0,0,False,False,0.0,0.0,False,1.0,0.0
nasa_fd001,u031_e0140,0,1,degraded,healthy,4,"[""s7_z_last"", ""s9_slope"", ""s14_z_last"", ""s15_z_last""]",s11_slope,0,0,False,False,0.0,0.0,False,1.0,0.0
nasa_fd001,u031_e0140,0,2,degraded,healthy,4,"[""s7_z_last"", ""s14_z_last"", ""s15_z_last"", ""s20_delta_mean""]",s11_slope,0,0,False,False,0.0,0.0,False,1.0,0.0
nasa_fd001,u031_e0140,0,3,degraded,healthy,4,"[""s7_z_last"", ""s14_z_last"", ""s20_delta_mean"", ""s9_slope""]",s11_slope,0,0,False,False,0.0,0.0,False,1.0,0.0
nasa_fd001,u031_e0140,0,4,degraded,healthy,4,"[""s7_z_last"", ""s14_z_last"", ""s15_z_last"", ""s20_delta_mean""]",s11_slope,0,0,False,False,0.0,0.0,False,1.0,0.0
nasa_fd001,u031_e0170,0,0,healthy,healthy,4,"[""s6_delta_mean"", ""s6_slope"", ""s13_delta_mean"", ""s21_z_last""]",s4_slope,0,0,False,False,0.0,0.0,False,1.0,0.0
nasa_fd001,u031_e0170,0,1,healthy,healthy,4,"[""s6_delta_mean"", ""s6_slope"", ""s13_delta_mean"", ""s13_slope""]",s4_slope,0,0,False,False,0.0,0.0,False,1.0,0.0
nasa_fd001,u031_e0170,0,2,healthy,healthy,4,"[""s6_delta_mean"", ""s6_slope"", ""s13_delta_mean"", ""s13_slope""]",s4_slope,0,0,False,False,0.0,0.0,False,1.0,0.0
nasa_fd001,u031_e0170,0,3,degraded,healthy,4,"[""s6_delta_mean"", ""s6_slope"", ""s7_z_last"", ""s13_slope""]",s4_slope,0,0,False,False,0.0,0.0,False,1.0,0.0
nasa_fd001,u031_e0170,0,4,healthy,healthy,4,"[""s6_delta_mean"", ""s6_slope"", ""s21_z_last"", ""s8_z_last""]",s4_slope,0,0,False,False,0.0,0.0,False,0.75,0.25
nasa_fd001,u031_e0180,0,0,degraded,healthy,4,"[""s12_delta_mean"", ""s12_slope"", ""s11_delta_mean"", ""s7_delta_mean""]",s21_delta_mean,0,2,False,True,0.0,0.5,False,1.0,0.0
nasa_fd001,u031_e0180,0,1,degraded,healthy,4,"[""s12_delta_mean"", ""s12_slope"", ""s11_delta_mean"", ""s7_delta_mean""]",s21_delta_mean,0,2,False,True,0.0,0.5,False,1.0,0.0
nasa_fd001,u031_e0180,0,2,degraded,healthy,3,"[""s12_delta_mean"", ""s11_delta_mean"", ""s7_slope""]",s21_delta_mean,0,2,False,True,0.0,0.6666666666666666,False,1.0,0.0
nasa_fd001,u031_e0180,0,3,degraded,healthy,4,"[""s12_delta_mean"", ""s12_slope"", ""s11_delta_mean"", ""s7_delta_mean""]",s21_delta_mean,0,2,False,True,0.0,0.5,False,1.0,0.0
nasa_fd001,u031_e0180,0,4,degraded,healthy,4,"[""s12_delta_mean"", ""s12_slope"", ""s11_delta_mean"", ""s7_delta_mean""]",s21_delta_mean,0,2,False,True,0.0,0.5,False,1.0,0.0
nasa_fd001,u031_e0210,0,0,degraded,degraded,4,"[""s8_delta_mean"", ""s8_slope"", ""s20_slope"", ""s20_delta_mean""]",s11_slope,0,0,False,False,0.0,0.0,False,1.0,0.0
nasa_fd001,u031_e0210,0,1,degraded,degraded,4,"[""s8_delta_mean"", ""s8_slope"", ""s20_delta_mean"", ""s20_slope""]",s11_slope,0,0,False,False,0.0,0.0,False,1.0,0.0
nasa_fd001,u031_e0210,0,2,degraded,degraded,4,"[""s8_delta_mean"", ""s8_slope"", ""s20_slope"", ""s11_delta_mean""]",s11_slope,1,1,True,True,0.25,0.25,False,1.0,0.0
nasa_fd001,u031_e0210,0,3,degraded,degraded,4,"[""s8_delta_mean"", ""s8_slope"", ""s20_slope"", ""s20_delta_mean""]",s11_slope,0,0,False,False,0.0,0.0,False,1.0,0.0
nasa_fd001,u031_e0210,0,4,degraded,degraded,4,"[""s8_delta_mean"", ""s8_slope"", ""s20_slope"", ""s11_delta_mean""]",s11_slope,1,1,True,True,0.25,0.25,False,1.0,0.0
nasa_fd001,u032_e0090,0,0,degraded,healthy,4,"[""s3_slope"", ""s15_slope"", ""s21_slope"", ""s2_delta_mean""]",s11_slope,0,0,False,False,0.0,0.0,False,1.0,0.0
nasa_fd001,u032_e0090,0,1,healthy,healthy,3,"[""s21_z_last"", ""s15_slope"", ""s3_slope""]",s11_slope,0,0,False,False,0.0,0.0,False,1.0,0.0
nasa_fd001,u032_e0090,0,2,degraded,healthy,4,"[""s15_slope"", ""s3_slope"", ""s21_slope"", ""s17_z_last""]",s11_slope,0,0,False,False,0.0,0.0,False,1.0,0.0
nasa_fd001,u032_e0090,0,3,degraded,healthy,4,"[""s15_slope"", ""s3_slope"", ""s21_slope"", ""s7_z_last""]",s11_slope,0,0,False,False,0.0,0.0,False,1.0,0.0
nasa_fd001,u032_e0090,0,4,degraded,healthy,3,"[""s3_slope"", ""s15_slope"", ""s21_slope""]",s11_slope,0,0,False,False,0.0,0.0,False,1.0,0.0
nasa_fd001,u032_e0140,0,0,healthy,healthy,4,"[""s2_z_last"", ""s13_delta_mean"", ""s14_z_last"", ""s17_slope""]",s11_slope,0,0,False,False,0.0,0.0,False,1.0,0.0
nasa_fd001,u032_e0140,0,1,healthy,healthy,3,"[""s2_z_last"", ""s13_z_last"", ""s7_delta_mean""]",s11_slope,0,0,False,False,0.0,0.0,False,1.0,0.0
nasa_fd001,u032_e0140,0,2,healthy,healthy,3,"[""s2_z_last"", ""s13_delta_mean"", ""s14_z_last""]",s11_slope,0,0,False,False,0.0,0.0,False,1.0,0.0
nasa_fd001,u032_e0140,0,3,healthy,healthy,3,"[""s2_z_last"", ""s17_slope"", ""s13_delta_mean""]",s11_slope,0,0,False,False,0.0,0.0,False,1.0,0.0
nasa_fd001,u032_e0140,0,4,healthy,healthy,4,"[""s2_z_last"", ""s13_delta_mean"", ""s14_z_last"", ""s7_delta_mean""]",s11_slope,0,0,False,False,0.0,0.0,False,1.0,0.0
nasa_fd001,u032_e0160,0,0,degraded,healthy,4,"[""s20_delta_mean"", ""s20_slope"", ""s17_slope"", ""s9_z_last""]",s21_delta_mean,0,1,False,True,0.0,0.25,False,1.0,0.0
nasa_fd001,u032_e0160,0,1,degraded,healthy,4,"[""s20_delta_mean"", ""s20_slope"", ""s17_slope"", ""s11_slope""]",s21_delta_mean,1,2,True,True,0.25,0.5,False,1.0,0.0
nasa_fd001,u032_e0160,0,2,degraded,healthy,4,"[""s20_delta_mean"", ""s20_slope"", ""s17_slope"", ""s9_z_last""]",s21_delta_mean,0,1,False,True,0.0,0.25,False,1.0,0.0
nasa_fd001,u032_e0160,0,3,degraded,healthy,4,"[""s20_delta_mean"", ""s20_slope"", ""s21_z_last"", ""s17_slope""]",s21_delta_mean,0,1,False,True,0.0,0.25,False,1.0,0.0
nasa_fd001,u032_e0160,0,4,degraded,healthy,4,"[""s20_delta_mean"", ""s20_slope"", ""s17_slope"", ""s21_z_last""]",s21_delta_mean,0,1,False,True,0.0,0.25,False,1.0,0.0
nasa_fd001,u034_e0060,0,0,healthy,healthy,4,"[""s20_delta_mean"", ""s21_delta_mean"", ""s15_z_last"", ""s7_z_last""]",s11_slope,0,0,False,False,0.0,0.0,False,1.0,0.0
nasa_fd001,u034_e0060,0,1,healthy,healthy,3,"[""s20_delta_mean"", ""s20_slope"", ""s15_z_last""]",s11_slope,0,0,False,False,0.0,0.0,False,1.0,0.0
nasa_fd001,u034_e0060,0,2,healthy,healthy,4,"[""s20_delta_mean"", ""s20_slope"", ""s15_z_last"", ""s6_delta_mean""]",s11_slope,0,0,False,False,0.0,0.0,False,1.0,0.0
nasa_fd001,u034_e0060,0,3,healthy,healthy,4,"[""s20_delta_mean"", ""s21_delta_mean"", ""s2_z_last"", ""s15_delta_mean""]",s11_slope,0,0,False,False,0.0,0.0,False,1.0,0.0
nasa_fd001,u034_e0060,0,4,degraded,healthy,4,"[""s4_slope"", ""s15_z_last"", ""s6_delta_mean"", ""s20_slope""]",s11_slope,1,1,True,True,0.25,0.25,False,1.0,0.0
nasa_fd001,u034_e0090,0,0,healthy,healthy,3,"[""s15_z_last"", ""s21_delta_mean"", ""s6_delta_mean""]",s11_slope,0,0,False,False,0.0,0.0,False,1.0,0.0
nasa_fd001,u034_e0090,0,1,degraded,healthy,4,"[""s6_delta_mean"", ""s21_slope"", ""s15_slope"", ""s4_slope""]",s11_slope,1,1,True,True,0.25,0.25,False,1.0,0.0
nasa_fd001,u034_e0090,0,2,degraded,healthy,4,"[""s6_slope"", ""s21_slope"", ""s15_slope"", ""s7_z_last""]",s11_slope,0,0,False,False,0.0,0.0,False,1.0,0.0
nasa_fd001,u034_e0090,0,3,degraded,healthy,4,"[""s6_delta_mean"", ""s6_slope"", ""s21_slope"", ""s15_slope""]",s11_slope,0,0,False,False,0.0,0.0,False,1.0,0.0
nasa_fd001,u034_e0090,0,4,healthy,healthy,4,"[""s6_delta_mean"", ""s7_z_last"", ""s15_z_last"", ""s21_slope""]",s11_slope,0,0,False,False,0.0,0.0,False,1.0,0.0
nasa_fd001,u034_e0100,0,0,healthy,healthy,3,"[""s12_z_last"", ""s8_z_last"", ""s7_z_last""]",s11_slope,0,0,False,False,0.0,0.0,False,1.0,0.0
nasa_fd001,u034_e0100,0,1,healthy,healthy,4,"[""s3_z_last"", ""s12_z_last"", ""s8_z_last"", ""s7_z_last""]",s11_slope,0,0,False,False,0.0,0.0,False,1.0,0.0
nasa_fd001,u034_e0100,0,2,healthy,healthy,3,"[""s8_z_last"", ""s12_z_last"", ""s3_z_last""]",s11_slope,0,0,False,False,0.0,0.0,False,1.0,0.0
nasa_fd001,u034_e0100,0,3,healthy,healthy,4,"[""s12_z_last"", ""s8_z_last"", ""s3_z_last"", ""s7_z_last""]",s11_slope,0,0,False,False,0.0,0.0,False,1.0,0.0
nasa_fd001,u034_e0100,0,4,healthy,healthy,4,"[""s8_z_last"", ""s12_z_last"", ""s3_slope"", ""s7_z_last""]",s11_slope,0,0,False,False,0.0,0.0,False,1.0,0.0
nasa_fd001,u034_e0120,0,0,healthy,healthy,4,"[""s7_z_last"", ""s14_z_last"", ""s3_z_last"", ""s11_z_last""]",s11_slope,0,0,False,False,0.0,0.0,False,1.0,0.0
nasa_fd001,u034_e0120,0,1,healthy,healthy,3,"[""s7_z_last"", ""s14_z_last"", ""s3_z_last""]",s11_slope,0,0,False,False,0.0,0.0,False,1.0,0.0
nasa_fd001,u034_e0120,0,2,healthy,healthy,4,"[""s7_z_last"", ""s14_z_last"", ""s3_slope"", ""s11_z_last""]",s11_slope,0,0,False,False,0.0,0.0,False,1.0,0.0
nasa_fd001,u034_e0120,0,3,healthy,healthy,4,"[""s7_z_last"", ""s14_z_last"", ""s3_z_last"", ""s11_z_last""]",s11_slope,0,0,False,False,0.0,0.0,False,1.0,0.0
nasa_fd001,u034_e0120,0,4,healthy,healthy,3,"[""s7_z_last"", ""s14_z_last"", ""s3_z_last""]",s11_slope,0,0,False,False,0.0,0.0,False,1.0,0.0
nasa_fd001,u034_e0170,0,0,healthy,degraded,4,"[""s9_slope"", ""s14_slope"", ""s9_delta_mean"", ""s14_delta_mean""]",s4_slope,0,1,False,True,0.0,0.25,False,1.0,0.0
nasa_fd001,u034_e0170,0,1,healthy,degraded,4,"[""s9_slope"", ""s14_slope"", ""s9_delta_mean"", ""s14_delta_mean""]",s4_slope,0,1,False,True,0.0,0.25,False,1.0,0.0
nasa_fd001,u034_e0170,0,2,healthy,degraded,4,"[""s9_slope"", ""s14_slope"", ""s9_delta_mean"", ""s14_delta_mean""]",s4_slope,0,1,False,True,0.0,0.25,False,1.0,0.0
nasa_fd001,u034_e0170,0,3,healthy,degraded,4,"[""s9_slope"", ""s14_slope"", ""s9_delta_mean"", ""s14_delta_mean""]",s4_slope,0,1,False,True,0.0,0.25,False,1.0,0.0
nasa_fd001,u034_e0170,0,4,degraded,degraded,4,"[""s9_slope"", ""s14_slope"", ""s14_delta_mean"", ""s9_delta_mean""]",s4_slope,0,1,False,True,0.0,0.25,False,1.0,0.0
nasa_fd001,u040_e0050,0,0,healthy,healthy,4,"[""s15_z_last"", ""s17_delta_mean"", ""s20_delta_mean"", ""s21_slope""]",s11_slope,0,0,False,False,0.0,0.0,False,1.0,0.0
nasa_fd001,u040_e0050,0,1,healthy,healthy,4,"[""s15_z_last"", ""s17_delta_mean"", ""s6_slope"", ""s20_delta_mean""]",s11_slope,0,0,False,False,0.0,0.0,False,0.75,0.25
nasa_fd001,u040_e0050,0,2,healthy,healthy,4,"[""s15_z_last"", ""s17_delta_mean"", ""s17_slope"", ""s6_slope""]",s11_slope,0,0,False,False,0.0,0.0,False,1.0,0.0
nasa_fd001,u040_e0050,0,3,healthy,healthy,4,"[""s15_z_last"", ""s17_delta_mean"", ""s17_slope"", ""s6_slope""]",s11_slope,0,0,False,False,0.0,0.0,False,1.0,0.0
nasa_fd001,u040_e0050,0,4,healthy,healthy,4,"[""s15_z_last"", ""s17_delta_mean"", ""s6_slope"", ""s20_delta_mean""]",s11_slope,0,0,False,False,0.0,0.0,False,0.75,0.25
nasa_fd001,u040_e0080,0,0,healthy,healthy,4,"[""s7_delta_mean"", ""s21_z_last"", ""s12_delta_mean"", ""s17_delta_mean""]",s11_slope,0,1,False,True,0.0,0.25,False,1.0,0.0
nasa_fd001,u040_e0080,0,1,degraded,healthy,4,"[""s7_delta_mean"", ""s7_z_last"", ""s7_slope"", ""s13_slope""]",s11_slope,0,0,False,False,0.0,0.0,False,1.0,0.0
nasa_fd001,u040_e0080,0,2,degraded,healthy,4,"[""s7_delta_mean"", ""s7_z_last"", ""s7_slope"", ""s13_slope""]",s11_slope,0,0,False,False,0.0,0.0,False,1.0,0.0
nasa_fd001,u040_e0080,0,3,degraded,healthy,4,"[""s7_delta_mean"", ""s7_z_last"", ""s7_slope"", ""s13_slope""]",s11_slope,0,0,False,False,0.0,0.0,False,1.0,0.0
nasa_fd001,u040_e0080,0,4,degraded,healthy,4,"[""s7_delta_mean"", ""s7_z_last"", ""s7_slope"", ""s13_slope""]",s11_slope,0,0,False,False,0.0,0.0,False,1.0,0.0
nasa_fd001,u040_e0180,0,0,healthy,degraded,4,"[""s9_slope"", ""s14_delta_mean"", ""s15_z_last"", ""s7_slope""]",s4_slope,0,0,False,False,0.0,0.0,False,1.0,0.0
nasa_fd001,u040_e0180,0,1,degraded,degraded,4,"[""s9_delta_mean"", ""s14_delta_mean"", ""s14_slope"", ""s9_slope""]",s4_slope,0,0,False,False,0.0,0.0,False,1.0,0.0
nasa_fd001,u040_e0180,0,2,healthy,degraded,4,"[""s9_slope"", ""s14_delta_mean"", ""s15_z_last"", ""s7_slope""]",s4_slope,0,0,False,False,0.0,0.0,False,1.0,0.0
nasa_fd001,u040_e0180,0,3,healthy,degraded,4,"[""s9_slope"", ""s14_slope"", ""s15_z_last"", ""s7_slope""]",s4_slope,0,0,False,False,0.0,0.0,False,1.0,0.0
nasa_fd001,u040_e0180,0,4,degraded,degraded,4,"[""s9_delta_mean"", ""s14_delta_mean"", ""s14_slope"", ""s9_slope""]",s4_slope,0,0,False,False,0.0,0.0,False,1.0,0.0
nasa_fd001,u043_e0050,0,0,degraded,healthy,4,"[""s2_delta_mean"", ""s3_z_last"", ""s12_slope"", ""s21_z_last""]",s11_slope,0,0,False,False,0.0,0.0,False,1.0,0.0
nasa_fd001,u043_e0050,0,1,degraded,healthy,4,"[""s2_delta_mean"", ""s3_z_last"", ""s6_delta_mean"", ""s12_slope""]",s11_slope,0,0,False,False,0.0,0.0,False,1.0,0.0
nasa_fd001,u043_e0050,0,2,degraded,healthy,4,"[""s2_delta_mean"", ""s3_z_last"", ""s12_slope"", ""s20_slope""]",s11_slope,0,0,False,False,0.0,0.0,False,1.0,0.0
nasa_fd001,u043_e0050,0,3,degraded,healthy,4,"[""s2_delta_mean"", ""s3_z_last"", ""s12_slope"", ""s20_slope""]",s11_slope,0,0,False,False,0.0,0.0,False,1.0,0.0
nasa_fd001,u043_e0050,0,4,healthy,healthy,4,"[""s6_delta_mean"", ""s12_slope"", ""s21_z_last"", ""s3_z_last""]",s11_slope,0,0,False,False,0.0,0.0,False,1.0,0.0
nasa_fd001,u043_e0100,0,0,healthy,healthy,3,"[""s21_slope"", ""s12_z_last"", ""s17_z_last""]",s11_slope,0,0,False,False,0.0,0.0,False,1.0,0.0
nasa_fd001,u043_e0100,0,1,healthy,healthy,3,"[""s21_slope"", ""s12_z_last"", ""s17_z_last""]",s11_slope,0,0,False,False,0.0,0.0,False,1.0,0.0
nasa_fd001,u043_e0100,0,2,degraded,healthy,4,"[""s17_z_last"", ""s2_slope"", ""s9_slope"", ""s21_slope""]",s11_slope,0,0,False,False,0.0,0.0,False,1.0,0.0
nasa_fd001,u043_e0100,0,3,degraded,healthy,4,"[""s17_z_last"", ""s2_slope"", ""s21_slope"", ""s3_z_last""]",s11_slope,0,0,False,False,0.0,0.0,False,1.0,0.0
nasa_fd001,u043_e0100,0,4,healthy,healthy,3,"[""s17_z_last"", ""s21_delta_mean"", ""s12_z_last""]",s11_slope,0,0,False,False,0.0,0.0,False,1.0,0.0
nasa_fd001,u043_e0130,0,0,degraded,healthy,4,"[""s6_delta_mean"", ""s6_slope"", ""s4_z_last"", ""s3_slope""]",s11_slope,0,0,False,False,0.0,0.0,False,1.0,0.0
nasa_fd001,u043_e0130,0,1,degraded,healthy,4,"[""s3_slope"", ""s6_slope"", ""s4_z_last"", ""s13_slope""]",s11_slope,0,0,False,False,0.0,0.0,False,1.0,0.0
nasa_fd001,u043_e0130,0,2,degraded,healthy,4,"[""s6_delta_mean"", ""s6_slope"", ""s4_z_last"", ""s3_slope""]",s11_slope,0,0,False,False,0.0,0.0,False,1.0,0.0
nasa_fd001,u043_e0130,0,3,degraded,healthy,4,"[""s6_delta_mean"", ""s3_slope"", ""s4_z_last"", ""s13_slope""]",s11_slope,0,0,False,False,0.0,0.0,False,1.0,0.0
nasa_fd001,u043_e0130,0,4,degraded,healthy,4,"[""s6_delta_mean"", ""s6_slope"", ""s4_slope"", ""s3_slope""]",s11_slope,1,1,True,True,0.25,0.25,False,1.0,0.0
nasa_fd001,u043_e0140,0,0,degraded,healthy,4,"[""s13_delta_mean"", ""s13_slope"", ""s4_z_last"", ""s12_z_last""]",s4_slope,0,0,False,False,0.0,0.0,False,1.0,0.0
nasa_fd001,u043_e0140,0,1,degraded,healthy,4,"[""s13_delta_mean"", ""s13_slope"", ""s4_z_last"", ""s12_z_last""]",s4_slope,0,0,False,False,0.0,0.0,False,1.0,0.0
nasa_fd001,u043_e0140,0,2,degraded,healthy,3,"[""s13_delta_mean"", ""s4_z_last"", ""s12_z_last""]",s4_slope,0,0,False,False,0.0,0.0,False,1.0,0.0
nasa_fd001,u043_e0140,0,3,degraded,healthy,4,"[""s13_delta_mean"", ""s13_slope"", ""s4_z_last"", ""s12_z_last""]",s4_slope,0,0,False,False,0.0,0.0,False,1.0,0.0
nasa_fd001,u043_e0140,0,4,degraded,healthy,4,"[""s13_delta_mean"", ""s4_z_last"", ""s12_z_last"", ""s9_z_last""]",s4_slope,0,0,False,False,0.0,0.0,False,1.0,0.0
nasa_fd001,u043_e0180,0,0,degraded,degraded,4,"[""s8_slope"", ""s8_delta_mean"", ""s13_delta_mean"", ""s13_slope""]",s11_slope,0,0,False,False,0.0,0.0,False,1.0,0.0
nasa_fd001,u043_e0180,0,1,degraded,degraded,4,"[""s8_slope"", ""s8_delta_mean"", ""s15_delta_mean"", ""s15_slope""]",s11_slope,0,0,False,False,0.0,0.0,False,1.0,0.0
nasa_fd001,u043_e0180,0,2,degraded,degraded,4,"[""s8_slope"", ""s8_delta_mean"", ""s15_delta_mean"", ""s13_delta_mean""]",s11_slope,0,0,False,False,0.0,0.0,False,1.0,0.0
nasa_fd001,u043_e0180,0,3,degraded,degraded,4,"[""s8_slope"", ""s8_delta_mean"", ""s15_delta_mean"", ""s15_slope""]",s11_slope,0,0,False,False,0.0,0.0,False,1.0,0.0
nasa_fd001,u043_e0180,0,4,degraded,degraded,4,"[""s8_slope"", ""s8_delta_mean"", ""s15_delta_mean"", ""s15_slope""]",s11_slope,0,0,False,False,0.0,0.0,False,1.0,0.0
nasa_fd001,u043_e0190,0,0,degraded,degraded,4,"[""s13_slope"", ""s7_slope"", ""s11_delta_mean"", ""s8_slope""]",s11_slope,1,1,True,True,0.25,0.25,False,1.0,0.0
nasa_fd001,u043_e0190,0,1,degraded,degraded,4,"[""s13_delta_mean"", ""s7_delta_mean"", ""s8_slope"", ""s11_delta_mean""]",s11_slope,1,1,True,True,0.25,0.25,False,1.0,0.0
nasa_fd001,u043_e0190,0,2,degraded,degraded,3,"[""s13_delta_mean"", ""s7_slope"", ""s11_delta_mean""]",s11_slope,1,1,True,True,0.3333333333333333,0.3333333333333333,False,1.0,0.0
nasa_fd001,u043_e0190,0,3,degraded,degraded,4,"[""s13_delta_mean"", ""s13_slope"", ""s7_slope"", ""s7_delta_mean""]",s11_slope,0,0,False,False,0.0,0.0,False,1.0,0.0
nasa_fd001,u043_e0190,0,4,degraded,degraded,4,"[""s13_slope"", ""s7_slope"", ""s11_delta_mean"", ""s8_slope""]",s11_slope,1,1,True,True,0.25,0.25,False,1.0,0.0
nasa_fd001,u045_e0050,0,0,healthy,healthy,3,"[""s2_z_last"", ""s6_slope"", ""s11_z_last""]",s11_slope,0,0,False,False,0.0,0.0,False,1.0,0.0
nasa_fd001,u045_e0050,0,1,healthy,healthy,4,"[""s2_z_last"", ""s6_slope"", ""s12_z_last"", ""s15_z_last""]",s11_slope,0,0,False,False,0.0,0.0,False,1.0,0.0
nasa_fd001,u045_e0050,0,2,healthy,healthy,3,"[""s2_z_last"", ""s6_slope"", ""s11_z_last""]",s11_slope,0,0,False,False,0.0,0.0,False,1.0,0.0
nasa_fd001,u045_e0050,0,3,degraded,healthy,3,"[""s2_z_last"", ""s6_slope"", ""s11_z_last""]",s11_slope,0,0,False,False,0.0,0.0,False,1.0,0.0
nasa_fd001,u045_e0050,0,4,healthy,healthy,3,"[""s2_z_last"", ""s6_slope"", ""s11_z_last""]",s11_slope,0,0,False,False,0.0,0.0,False,1.0,0.0
nasa_fd001,u045_e0090,0,0,healthy,healthy,4,"[""s6_delta_mean"", ""s6_slope"", ""s14_z_last"", ""s20_delta_mean""]",s11_slope,0,1,False,True,0.0,0.25,False,1.0,0.0
nasa_fd001,u045_e0090,0,1,healthy,healthy,4,"[""s6_delta_mean"", ""s6_slope"", ""s14_z_last"", ""s20_delta_mean""]",s11_slope,0,1,False,True,0.0,0.25,False,1.0,0.0
nasa_fd001,u045_e0090,0,2,healthy,healthy,4,"[""s6_delta_mean"", ""s6_slope"", ""s14_z_last"", ""s20_delta_mean""]",s11_slope,0,1,False,True,0.0,0.25,False,1.0,0.0
nasa_fd001,u045_e0090,0,3,healthy,healthy,3,"[""s6_slope"", ""s20_delta_mean"", ""s14_z_last""]",s11_slope,0,1,False,True,0.0,0.3333333333333333,False,1.0,0.0
nasa_fd001,u045_e0090,0,4,healthy,healthy,4,"[""s6_delta_mean"", ""s6_slope"", ""s20_delta_mean"", ""s14_z_last""]",s11_slope,0,1,False,True,0.0,0.25,False,1.0,0.0
nasa_fd001,u045_e0100,0,0,healthy,healthy,4,"[""s17_z_last"", ""s20_z_last"", ""s21_z_last"", ""s3_slope""]",s11_slope,0,0,False,False,0.0,0.0,False,1.0,0.0
nasa_fd001,u045_e0100,0,1,healthy,healthy,4,"[""s21_z_last"", ""s17_z_last"", ""s3_slope"", ""s6_slope""]",s11_slope,0,0,False,False,0.0,0.0,False,1.0,0.0
nasa_fd001,u045_e0100,0,2,healthy,healthy,4,"[""s17_z_last"", ""s21_z_last"", ""s3_slope"", ""s20_z_last""]",s11_slope,0,0,False,False,0.0,0.0,False,1.0,0.0
nasa_fd001,u045_e0100,0,3,healthy,healthy,4,"[""s21_z_last"", ""s11_z_last"", ""s17_z_last"", ""s6_slope""]",s11_slope,0,0,False,False,0.0,0.0,False,1.0,0.0
nasa_fd001,u045_e0100,0,4,healthy,healthy,4,"[""s21_z_last"", ""s17_z_last"", ""s3_slope"", ""s20_z_last""]",s11_slope,0,0,False,False,0.0,0.0,False,1.0,0.0
nasa_fd001,u046_e0070,0,0,degraded,healthy,4,"[""s6_delta_mean"", ""s6_slope"", ""s3_z_last"", ""s11_z_last""]",s11_slope,0,0,False,False,0.0,0.0,False,1.0,0.0
nasa_fd001,u046_e0070,0,1,degraded,healthy,4,"[""s6_delta_mean"", ""s6_slope"", ""s11_z_last"", ""s13_z_last""]",s11_slope,0,0,False,False,0.0,0.0,False,1.0,0.0
nasa_fd001,u046_e0070,0,2,degraded,healthy,4,"[""s6_delta_mean"", ""s6_slope"", ""s3_z_last"", ""s11_z_last""]",s11_slope,0,0,False,False,0.0,0.0,False,1.0,0.0
nasa_fd001,u046_e0070,0,3,degraded,healthy,4,"[""s6_delta_mean"", ""s6_slope"", ""s11_z_last"", ""s13_z_last""]",s11_slope,0,0,False,False,0.0,0.0,False,1.0,0.0
nasa_fd001,u046_e0070,0,4,degraded,healthy,4,"[""s6_delta_mean"", ""s6_slope"", ""s3_z_last"", ""s11_z_last""]",s11_slope,0,0,False,False,0.0,0.0,False,1.0,0.0
nasa_fd001,u046_e0090,0,0,degraded,healthy,4,"[""s6_delta_mean"", ""s6_slope"", ""s3_slope"", ""s7_delta_mean""]",s11_slope,0,0,False,False,0.0,0.0,False,1.0,0.0
nasa_fd001,u046_e0090,0,1,degraded,healthy,4,"[""s6_delta_mean"", ""s6_slope"", ""s3_slope"", ""s7_delta_mean""]",s11_slope,0,0,False,False,0.0,0.0,False,1.0,0.0
nasa_fd001,u046_e0090,0,2,degraded,healthy,4,"[""s6_delta_mean"", ""s6_slope"", ""s7_delta_mean"", ""s8_slope""]",s11_slope,0,0,False,False,0.0,0.0,False,1.0,0.0
nasa_fd001,u046_e0090,0,3,degraded,healthy,4,"[""s6_slope"", ""s6_delta_mean"", ""s3_slope"", ""s7_delta_mean""]",s11_slope,0,0,False,False,0.0,0.0,False,1.0,0.0
nasa_fd001,u046_e0090,0,4,degraded,healthy,3,"[""s6_slope"", ""s6_delta_mean"", ""s7_z_last""]",s11_slope,0,0,False,False,0.0,0.0,False,1.0,0.0
nasa_fd001,u046_e0150,0,0,degraded,healthy,4,"[""s4_slope"", ""s11_z_last"", ""s12_slope"", ""s21_z_last""]",s11_slope,1,1,True,True,0.25,0.25,False,1.0,0.0
nasa_fd001,u046_e0150,0,1,degraded,healthy,4,"[""s4_delta_mean"", ""s4_slope"", ""s11_z_last"", ""s12_slope""]",s11_slope,1,1,True,True,0.25,0.25,False,1.0,0.0
nasa_fd001,u046_e0150,0,2,degraded,healthy,4,"[""s4_delta_mean"", ""s4_slope"", ""s11_z_last"", ""s21_z_last""]",s11_slope,1,1,True,True,0.25,0.25,False,1.0,0.0
nasa_fd001,u046_e0150,0,3,degraded,healthy,4,"[""s4_delta_mean"", ""s4_slope"", ""s11_z_last"", ""s12_slope""]",s11_slope,1,1,True,True,0.25,0.25,False,1.0,0.0
nasa_fd001,u046_e0150,0,4,degraded,healthy,4,"[""s4_slope"", ""s11_z_last"", ""s12_slope"", ""s9_slope""]",s11_slope,1,1,True,True,0.25,0.25,False,1.0,0.0
nasa_fd001,u046_e0170,0,0,healthy,healthy,4,"[""s2_z_last"", ""s8_z_last"", ""s21_delta_mean"", ""s3_slope""]",s15_slope,1,1,True,True,0.25,0.25,False,1.0,0.0
nasa_fd001,u046_e0170,0,1,degraded,healthy,4,"[""s2_z_last"", ""s8_z_last"", ""s3_slope"", ""s21_delta_mean""]",s15_slope,1,1,True,True,0.25,0.25,False,1.0,0.0
nasa_fd001,u046_e0170,0,2,healthy,healthy,3,"[""s8_z_last"", ""s21_delta_mean"", ""s2_z_last""]",s15_slope,1,1,True,True,0.3333333333333333,0.3333333333333333,False,1.0,0.0
nasa_fd001,u046_e0170,0,3,healthy,healthy,4,"[""s8_z_last"", ""s21_delta_mean"", ""s2_z_last"", ""s3_slope""]",s15_slope,1,1,True,True,0.25,0.25,False,1.0,0.0
nasa_fd001,u046_e0170,0,4,healthy,healthy,4,"[""s8_z_last"", ""s21_delta_mean"", ""s2_z_last"", ""s3_slope""]",s15_slope,1,1,True,True,0.25,0.25,False,1.0,0.0
nasa_fd001,u046_e0180,0,0,degraded,healthy,4,"[""s7_z_last"", ""s17_z_last"", ""s13_delta_mean"", ""s8_z_last""]",s21_delta_mean,0,0,False,False,0.0,0.0,False,1.0,0.0
nasa_fd001,u046_e0180,0,1,degraded,healthy,4,"[""s7_z_last"", ""s17_z_last"", ""s12_z_last"", ""s8_z_last""]",s21_delta_mean,0,0,False,False,0.0,0.0,False,1.0,0.0
nasa_fd001,u046_e0180,0,2,healthy,healthy,3,"[""s8_z_last"", ""s13_delta_mean"", ""s7_z_last""]",s21_delta_mean,0,0,False,False,0.0,0.0,False,1.0,0.0
nasa_fd001,u046_e0180,0,3,degraded,healthy,4,"[""s7_z_last"", ""s17_z_last"", ""s13_delta_mean"", ""s8_z_last""]",s21_delta_mean,0,0,False,False,0.0,0.0,False,1.0,0.0
nasa_fd001,u046_e0180,0,4,healthy,healthy,4,"[""s13_delta_mean"", ""s8_z_last"", ""s7_z_last"", ""s4_z_last""]",s21_delta_mean,0,0,False,False,0.0,0.0,False,1.0,0.0
nasa_fd001,u046_e0190,0,0,degraded,healthy,4,"[""s21_delta_mean"", ""s21_slope"", ""s12_slope"", ""s7_delta_mean""]",s4_slope,1,2,True,True,0.25,0.5,False,0.75,0.25
nasa_fd001,u046_e0190,0,1,degraded,healthy,4,"[""s21_slope"", ""s21_delta_mean"", ""s12_slope"", ""s7_delta_mean""]",s4_slope,1,2,True,True,0.25,0.5,False,0.75,0.25
nasa_fd001,u046_e0190,0,2,degraded,healthy,4,"[""s21_slope"", ""s12_slope"", ""s9_slope"", ""s8_slope""]",s4_slope,0,1,False,True,0.0,0.25,False,1.0,0.0
nasa_fd001,u046_e0190,0,3,healthy,healthy,4,"[""s2_z_last"", ""s3_z_last"", ""s15_z_last"", ""s21_delta_mean""]",s4_slope,1,1,True,True,0.25,0.25,False,1.0,0.0
nasa_fd001,u046_e0190,0,4,degraded,healthy,4,"[""s21_delta_mean"", ""s21_slope"", ""s12_slope"", ""s7_delta_mean""]",s4_slope,1,2,True,True,0.25,0.5,False,0.75,0.25
nasa_fd001,u054_e0070,0,0,healthy,healthy,4,"[""s6_slope"", ""s7_delta_mean"", ""s15_delta_mean"", ""s17_delta_mean""]",s11_slope,0,0,False,False,0.0,0.0,False,1.0,0.0
nasa_fd001,u054_e0070,0,1,healthy,healthy,3,"[""s6_slope"", ""s7_delta_mean"", ""s15_delta_mean""]",s11_slope,0,0,False,False,0.0,0.0,False,1.0,0.0
nasa_fd001,u054_e0070,0,2,healthy,healthy,3,"[""s6_slope"", ""s7_delta_mean"", ""s15_delta_mean""]",s11_slope,0,0,False,False,0.0,0.0,False,1.0,0.0
nasa_fd001,u054_e0070,0,3,healthy,healthy,3,"[""s6_slope"", ""s7_delta_mean"", ""s15_slope""]",s11_slope,0,1,False,True,0.0,0.3333333333333333,False,1.0,0.0
nasa_fd001,u054_e0070,0,4,healthy,healthy,4,"[""s6_slope"", ""s6_delta_mean"", ""s15_delta_mean"", ""s7_delta_mean""]",s11_slope,0,0,False,False,0.0,0.0,False,1.0,0.0
nasa_fd001,u054_e0100,0,0,degraded,healthy,4,"[""s11_slope"", ""s15_slope"", ""s17_z_last"", ""s12_delta_mean""]",s11_slope,1,2,True,True,0.25,0.5,True,1.0,0.0
nasa_fd001,u054_e0100,0,1,degraded,healthy,4,"[""s11_slope"", ""s15_slope"", ""s17_z_last"", ""s12_delta_mean""]",s11_slope,1,2,True,True,0.25,0.5,True,1.0,0.0
nasa_fd001,u054_e0100,0,2,degraded,healthy,4,"[""s11_delta_mean"", ""s15_slope"", ""s17_z_last"", ""s12_delta_mean""]",s11_slope,1,2,True,True,0.25,0.5,False,1.0,0.0
nasa_fd001,u054_e0100,0,3,healthy,healthy,3,"[""s17_delta_mean"", ""s7_z_last"", ""s15_slope""]",s11_slope,0,1,False,True,0.0,0.3333333333333333,False,1.0,0.0
nasa_fd001,u054_e0100,0,4,healthy,healthy,4,"[""s2_delta_mean"", ""s3_z_last"", ""s15_slope"", ""s7_z_last""]",s11_slope,0,1,False,True,0.0,0.25,False,1.0,0.0
nasa_fd001,u054_e0150,0,0,healthy,healthy,4,"[""s6_z_last"", ""s6_slope"", ""s13_slope"", ""s12_delta_mean""]",s11_slope,0,1,False,True,0.0,0.25,False,1.0,0.0
nasa_fd001,u054_e0150,0,1,degraded,healthy,4,"[""s6_z_last"", ""s6_slope"", ""s13_slope"", ""s15_slope""]",s11_slope,0,1,False,True,0.0,0.25,False,1.0,0.0
nasa_fd001,u054_e0150,0,2,degraded,healthy,4,"[""s6_z_last"", ""s6_slope"", ""s13_slope"", ""s15_slope""]",s11_slope,0,1,False,True,0.0,0.25,False,1.0,0.0
nasa_fd001,u054_e0150,0,3,healthy,healthy,4,"[""s6_z_last"", ""s6_slope"", ""s13_slope"", ""s12_delta_mean""]",s11_slope,0,1,False,True,0.0,0.25,False,1.0,0.0
nasa_fd001,u054_e0150,0,4,healthy,healthy,4,"[""s6_z_last"", ""s6_slope"", ""s13_slope"", ""s12_delta_mean""]",s11_slope,0,1,False,True,0.0,0.25,False,1.0,0.0
nasa_fd001,u054_e0250,0,0,degraded,degraded,4,"[""s9_slope"", ""s14_slope"", ""s14_delta_mean"", ""s12_slope""]",s4_slope,0,0,False,False,0.0,0.0,False,1.0,0.0
nasa_fd001,u054_e0250,0,1,degraded,degraded,4,"[""s9_slope"", ""s14_slope"", ""s12_slope"", ""s21_slope""]",s4_slope,0,0,False,False,0.0,0.0,False,1.0,0.0
nasa_fd001,u054_e0250,0,2,degraded,degraded,4,"[""s9_slope"", ""s14_delta_mean"", ""s14_slope"", ""s12_slope""]",s4_slope,0,0,False,False,0.0,0.0,False,1.0,0.0
nasa_fd001,u054_e0250,0,3,degraded,degraded,4,"[""s9_slope"", ""s14_slope"", ""s12_slope"", ""s17_slope""]",s4_slope,0,0,False,False,0.0,0.0,False,1.0,0.0
nasa_fd001,u054_e0250,0,4,degraded,degraded,4,"[""s9_slope"", ""s14_slope"", ""s14_delta_mean"", ""s12_slope""]",s4_slope,0,0,False,False,0.0,0.0,False,1.0,0.0
nasa_fd001,u056_e0070,0,0,degraded,healthy,4,"[""s15_z_last"", ""s17_delta_mean"", ""s7_z_last"", ""s12_slope""]",s11_slope,0,0,False,False,0.0,0.0,False,1.0,0.0
nasa_fd001,u056_e0070,0,1,healthy,healthy,4,"[""s15_z_last"", ""s17_delta_mean"", ""s7_z_last"", ""s20_z_last""]",s11_slope,0,0,False,False,0.0,0.0,False,1.0,0.0
nasa_fd001,u056_e0070,0,2,degraded,healthy,4,"[""s15_z_last"", ""s17_delta_mean"", ""s7_z_last"", ""s20_z_last""]",s11_slope,0,0,False,False,0.0,0.0,False,1.0,0.0
nasa_fd001,u056_e0070,0,3,healthy,healthy,4,"[""s15_z_last"", ""s17_delta_mean"", ""s7_z_last"", ""s20_z_last""]",s11_slope,0,0,False,False,0.0,0.0,False,1.0,0.0
nasa_fd001,u056_e0070,0,4,degraded,healthy,4,"[""s15_z_last"", ""s17_delta_mean"", ""s4_slope"", ""s7_z_last""]",s11_slope,1,1,True,True,0.25,0.25,False,1.0,0.0
nasa_fd001,u056_e0080,0,0,degraded,healthy,4,"[""s4_slope"", ""s15_slope"", ""s7_delta_mean"", ""s12_delta_mean""]",s11_slope,1,3,True,True,0.25,0.75,False,1.0,0.0
nasa_fd001,u056_e0080,0,1,degraded,healthy,4,"[""s15_slope"", ""s4_slope"", ""s13_slope"", ""s7_delta_mean""]",s11_slope,1,2,True,True,0.25,0.5,False,1.0,0.0
nasa_fd001,u056_e0080,0,2,degraded,healthy,4,"[""s15_slope"", ""s4_slope"", ""s13_slope"", ""s11_slope""]",s11_slope,2,3,True,True,0.5,0.75,True,1.0,0.0
nasa_fd001,u056_e0080,0,3,degraded,healthy,4,"[""s15_slope"", ""s4_slope"", ""s13_slope"", ""s8_slope""]",s11_slope,1,2,True,True,0.25,0.5,False,1.0,0.0
nasa_fd001,u056_e0080,0,4,degraded,healthy,4,"[""s4_slope"", ""s15_slope"", ""s13_slope"", ""s11_slope""]",s11_slope,2,3,True,True,0.5,0.75,True,1.0,0.0
nasa_fd001,u056_e0110,0,0,healthy,healthy,4,"[""s3_slope"", ""s8_slope"", ""s20_delta_mean"", ""s12_delta_mean""]",s11_slope,0,1,False,True,0.0,0.25,False,1.0,0.0
nasa_fd001,u056_e0110,0,1,healthy,healthy,4,"[""s3_slope"", ""s8_slope"", ""s20_delta_mean"", ""s12_slope""]",s11_slope,0,0,False,False,0.0,0.0,False,1.0,0.0
nasa_fd001,u056_e0110,0,2,healthy,healthy,4,"[""s3_slope"", ""s8_slope"", ""s20_delta_mean"", ""s21_slope""]",s11_slope,0,0,False,False,0.0,0.0,False,1.0,0.0
nasa_fd001,u056_e0110,0,3,healthy,healthy,4,"[""s3_slope"", ""s8_slope"", ""s20_delta_mean"", ""s21_slope""]",s11_slope,0,0,False,False,0.0,0.0,False,1.0,0.0
nasa_fd001,u056_e0110,0,4,degraded,healthy,4,"[""s3_slope"", ""s8_slope"", ""s12_delta_mean"", ""s20_z_last""]",s11_slope,0,1,False,True,0.0,0.25,False,1.0,0.0
nasa_fd001,u056_e0190,0,0,healthy,healthy,4,"[""s7_z_last"", ""s9_z_last"", ""s8_z_last"", ""s13_delta_mean""]",s11_slope,0,0,False,False,0.0,0.0,False,1.0,0.0
nasa_fd001,u056_e0190,0,1,degraded,healthy,4,"[""s8_slope"", ""s13_slope"", ""s17_slope"", ""s7_slope""]",s11_slope,0,0,False,False,0.0,0.0,False,1.0,0.0
nasa_fd001,u056_e0190,0,2,degraded,healthy,4,"[""s8_slope"", ""s13_slope"", ""s17_slope"", ""s7_slope""]",s11_slope,0,0,False,False,0.0,0.0,False,1.0,0.0
nasa_fd001,u056_e0190,0,3,degraded,healthy,3,"[""s8_z_last"", ""s13_slope"", ""s7_slope""]",s11_slope,0,0,False,False,0.0,0.0,False,1.0,0.0
nasa_fd001,u056_e0190,0,4,healthy,healthy,3,"[""s7_z_last"", ""s9_z_last"", ""s8_z_last""]",s11_slope,0,0,False,False,0.0,0.0,False,1.0,0.0
nasa_fd001,u056_e0240,0,0,degraded,healthy,4,"[""s9_delta_mean"", ""s9_slope"", ""s14_delta_mean"", ""s21_z_last""]",s7_delta_mean,0,0,False,False,0.0,0.0,False,1.0,0.0
nasa_fd001,u056_e0240,0,1,degraded,healthy,4,"[""s9_delta_mean"", ""s9_slope"", ""s14_delta_mean"", ""s14_slope""]",s7_delta_mean,0,0,False,False,0.0,0.0,False,1.0,0.0
nasa_fd001,u056_e0240,0,2,degraded,healthy,4,"[""s9_delta_mean"", ""s9_slope"", ""s14_delta_mean"", ""s14_slope""]",s7_delta_mean,0,0,False,False,0.0,0.0,False,1.0,0.0
nasa_fd001,u056_e0240,0,3,degraded,healthy,4,"[""s9_delta_mean"", ""s14_delta_mean"", ""s9_slope"", ""s14_slope""]",s7_delta_mean,0,0,False,False,0.0,0.0,False,1.0,0.0
nasa_fd001,u056_e0240,0,4,degraded,healthy,4,"[""s9_delta_mean"", ""s14_delta_mean"", ""s21_z_last"", ""s12_slope""]",s7_delta_mean,0,0,False,False,0.0,0.0,False,1.0,0.0
nasa_fd001,u056_e0260,0,0,degraded,degraded,4,"[""s9_delta_mean"", ""s9_slope"", ""s14_delta_mean"", ""s14_slope""]",s7_slope,0,1,False,True,0.0,0.25,False,1.0,0.0
nasa_fd001,u056_e0260,0,1,degraded,degraded,4,"[""s9_slope"", ""s14_slope"", ""s9_delta_mean"", ""s14_delta_mean""]",s7_slope,0,1,False,True,0.0,0.25,False,1.0,0.0
nasa_fd001,u056_e0260,0,2,degraded,degraded,4,"[""s9_delta_mean"", ""s9_slope"", ""s14_delta_mean"", ""s14_slope""]",s7_slope,0,1,False,True,0.0,0.25,False,1.0,0.0
nasa_fd001,u056_e0260,0,3,degraded,degraded,4,"[""s9_delta_mean"", ""s9_slope"", ""s14_delta_mean"", ""s14_slope""]",s7_slope,0,1,False,True,0.0,0.25,False,1.0,0.0
nasa_fd001,u056_e0260,0,4,degraded,degraded,4,"[""s9_slope"", ""s14_slope"", ""s9_delta_mean"", ""s14_delta_mean""]",s7_slope,0,1,False,True,0.0,0.25,False,1.0,0.0
nasa_fd001,u070_e0120,0,0,degraded,degraded,4,"[""s11_delta_mean"", ""s3_slope"", ""s2_delta_mean"", ""s21_delta_mean""]",s11_slope,1,2,True,True,0.25,0.5,False,1.0,0.0
nasa_fd001,u070_e0120,0,1,degraded,degraded,4,"[""s11_delta_mean"", ""s3_slope"", ""s2_delta_mean"", ""s4_slope""]",s11_slope,2,2,True,True,0.5,0.5,False,1.0,0.0
nasa_fd001,u070_e0120,0,2,degraded,degraded,4,"[""s11_delta_mean"", ""s3_slope"", ""s2_delta_mean"", ""s15_z_last""]",s11_slope,1,1,True,True,0.25,0.25,False,1.0,0.0
nasa_fd001,u070_e0120,0,3,degraded,degraded,3,"[""s11_delta_mean"", ""s3_slope"", ""s2_delta_mean""]",s11_slope,1,1,True,True,0.3333333333333333,0.3333333333333333,False,1.0,0.0
nasa_fd001,u070_e0120,0,4,degraded,degraded,4,"[""s11_delta_mean"", ""s3_slope"", ""s2_delta_mean"", ""s4_slope""]",s11_slope,2,2,True,True,0.5,0.5,False,1.0,0.0
nasa_fd001,u071_e0190,0,0,degraded,degraded,4,"[""s9_slope"", ""s14_slope"", ""s9_delta_mean"", ""s14_delta_mean""]",s20_z_last,0,0,False,False,0.0,0.0,False,1.0,0.0
nasa_fd001,u071_e0190,0,1,degraded,degraded,4,"[""s9_slope"", ""s14_slope"", ""s9_delta_mean"", ""s14_delta_mean""]",s20_z_last,0,0,False,False,0.0,0.0,False,1.0,0.0
nasa_fd001,u071_e0190,0,2,degraded,degraded,4,"[""s9_slope"", ""s9_delta_mean"", ""s14_slope"", ""s14_delta_mean""]",s20_z_last,0,0,False,False,0.0,0.0,False,1.0,0.0
nasa_fd001,u071_e0190,0,3,degraded,degraded,4,"[""s9_slope"", ""s9_delta_mean"", ""s14_slope"", ""s14_delta_mean""]",s20_z_last,0,0,False,False,0.0,0.0,False,1.0,0.0
nasa_fd001,u071_e0190,0,4,degraded,degraded,4,"[""s9_slope"", ""s9_delta_mean"", ""s14_slope"", ""s14_delta_mean""]",s20_z_last,0,0,False,False,0.0,0.0,False,1.0,0.0
nasa_fd001,u074_e0100,0,0,degraded,healthy,4,"[""s14_z_last"", ""s17_slope"", ""s8_slope"", ""s9_slope""]",s11_slope,0,1,False,True,0.0,0.25,False,1.0,0.0
nasa_fd001,u074_e0100,0,1,degraded,healthy,4,"[""s14_z_last"", ""s17_slope"", ""s21_delta_mean"", ""s13_z_last""]",s11_slope,0,1,False,True,0.0,0.25,False,1.0,0.0
nasa_fd001,u074_e0100,0,2,healthy,healthy,4,"[""s13_z_last"", ""s15_z_last"", ""s14_z_last"", ""s20_z_last""]",s11_slope,0,0,False,False,0.0,0.0,False,1.0,0.0
nasa_fd001,u074_e0100,0,3,healthy,healthy,4,"[""s13_z_last"", ""s15_z_last"", ""s14_z_last"", ""s4_z_last""]",s11_slope,0,0,False,False,0.0,0.0,False,1.0,0.0
nasa_fd001,u074_e0100,0,4,degraded,healthy,4,"[""s14_z_last"", ""s17_slope"", ""s21_slope"", ""s13_z_last""]",s11_slope,0,1,False,True,0.0,0.25,False,1.0,0.0
nasa_fd001,u077_e0070,0,0,healthy,healthy,3,"[""s6_slope"", ""s20_delta_mean"", ""s4_z_last""]",s11_slope,0,0,False,False,0.0,0.0,False,1.0,0.0
nasa_fd001,u077_e0070,0,1,degraded,healthy,4,"[""s4_z_last"", ""s6_delta_mean"", ""s9_z_last"", ""s20_delta_mean""]",s11_slope,0,0,False,False,0.0,0.0,False,1.0,0.0
nasa_fd001,u077_e0070,0,2,degraded,healthy,4,"[""s4_z_last"", ""s6_slope"", ""s20_delta_mean"", ""s9_z_last""]",s11_slope,0,0,False,False,0.0,0.0,False,1.0,0.0
nasa_fd001,u077_e0070,0,3,healthy,healthy,4,"[""s6_delta_mean"", ""s6_slope"", ""s20_delta_mean"", ""s4_z_last""]",s11_slope,0,0,False,False,0.0,0.0,False,1.0,0.0
nasa_fd001,u077_e0070,0,4,healthy,healthy,3,"[""s6_slope"", ""s20_delta_mean"", ""s4_z_last""]",s11_slope,0,0,False,False,0.0,0.0,False,1.0,0.0
nasa_fd001,u077_e0130,0,0,healthy,healthy,3,"[""s12_delta_mean"", ""s14_z_last"", ""s17_z_last""]",s11_slope,0,0,False,False,0.0,0.0,False,1.0,0.0
nasa_fd001,u077_e0130,0,1,degraded,healthy,4,"[""s11_delta_mean"", ""s11_slope"", ""s12_delta_mean"", ""s12_slope""]",s11_slope,2,2,True,True,0.5,0.5,True,1.0,0.0
nasa_fd001,u077_e0130,0,2,degraded,healthy,4,"[""s11_delta_mean"", ""s11_slope"", ""s12_delta_mean"", ""s12_slope""]",s11_slope,2,2,True,True,0.5,0.5,True,1.0,0.0
nasa_fd001,u077_e0130,0,3,degraded,healthy,4,"[""s11_delta_mean"", ""s11_slope"", ""s12_delta_mean"", ""s12_slope""]",s11_slope,2,2,True,True,0.5,0.5,True,1.0,0.0
nasa_fd001,u077_e0130,0,4,degraded,healthy,4,"[""s11_delta_mean"", ""s11_slope"", ""s12_delta_mean"", ""s12_slope""]",s11_slope,2,2,True,True,0.5,0.5,True,1.0,0.0
nasa_fd001,u078_e0070,0,0,healthy,healthy,4,"[""s6_delta_mean"", ""s6_slope"", ""s11_z_last"", ""s7_z_last""]",s11_slope,0,0,False,False,0.0,0.0,False,1.0,0.0
nasa_fd001,u078_e0070,0,1,degraded,healthy,4,"[""s6_delta_mean"", ""s6_slope"", ""s11_z_last"", ""s7_z_last""]",s11_slope,0,0,False,False,0.0,0.0,False,1.0,0.0
nasa_fd001,u078_e0070,0,2,healthy,healthy,4,"[""s6_delta_mean"", ""s6_slope"", ""s7_z_last"", ""s11_z_last""]",s11_slope,0,0,False,False,0.0,0.0,False,1.0,0.0
nasa_fd001,u078_e0070,0,3,degraded,healthy,4,"[""s6_delta_mean"", ""s6_slope"", ""s11_z_last"", ""s7_z_last""]",s11_slope,0,0,False,False,0.0,0.0,False,1.0,0.0
nasa_fd001,u078_e0070,0,4,degraded,healthy,4,"[""s6_delta_mean"", ""s6_slope"", ""s11_z_last"", ""s7_z_last""]",s11_slope,0,0,False,False,0.0,0.0,False,1.0,0.0
nasa_fd001,u078_e0080,0,0,healthy,healthy,4,"[""s6_slope"", ""s11_z_last"", ""s8_z_last"", ""s17_slope""]",s11_slope,0,0,False,False,0.0,0.0,False,1.0,0.0
nasa_fd001,u078_e0080,0,1,healthy,healthy,4,"[""s6_slope"", ""s11_z_last"", ""s8_z_last"", ""s17_slope""]",s11_slope,0,0,False,False,0.0,0.0,False,1.0,0.0
nasa_fd001,u078_e0080,0,2,healthy,healthy,4,"[""s6_slope"", ""s11_z_last"", ""s8_z_last"", ""s17_slope""]",s11_slope,0,0,False,False,0.0,0.0,False,1.0,0.0
nasa_fd001,u078_e0080,0,3,healthy,healthy,4,"[""s6_slope"", ""s11_z_last"", ""s8_z_last"", ""s17_slope""]",s11_slope,0,0,False,False,0.0,0.0,False,1.0,0.0
nasa_fd001,u078_e0080,0,4,healthy,healthy,3,"[""s6_slope"", ""s11_z_last"", ""s8_z_last""]",s11_slope,0,0,False,False,0.0,0.0,False,1.0,0.0
nasa_fd001,u078_e0170,0,0,degraded,healthy,4,"[""s6_slope"", ""s13_slope"", ""s4_slope"", ""s3_slope""]",s15_slope,0,0,False,False,0.0,0.0,False,1.0,0.0
nasa_fd001,u078_e0170,0,1,degraded,healthy,4,"[""s6_delta_mean"", ""s6_slope"", ""s13_delta_mean"", ""s4_delta_mean""]",s15_slope,0,0,False,False,0.0,0.0,False,1.0,0.0
nasa_fd001,u078_e0170,0,2,degraded,healthy,4,"[""s6_slope"", ""s13_slope"", ""s4_delta_mean"", ""s7_z_last""]",s15_slope,0,0,False,False,0.0,0.0,False,1.0,0.0
nasa_fd001,u078_e0170,0,3,degraded,healthy,4,"[""s6_slope"", ""s13_delta_mean"", ""s4_delta_mean"", ""s3_slope""]",s15_slope,0,0,False,False,0.0,0.0,False,1.0,0.0
nasa_fd001,u078_e0170,0,4,degraded,healthy,4,"[""s6_slope"", ""s13_delta_mean"", ""s4_delta_mean"", ""s7_z_last""]",s15_slope,0,0,False,False,0.0,0.0,False,1.0,0.0
nasa_fd001,u078_e0180,0,0,degraded,healthy,4,"[""s7_z_last"", ""s7_delta_mean"", ""s7_slope"", ""s6_slope""]",s21_delta_mean,0,0,False,False,0.0,0.0,False,1.0,0.0
nasa_fd001,u078_e0180,0,1,degraded,healthy,3,"[""s7_z_last"", ""s7_slope"", ""s6_slope""]",s21_delta_mean,0,0,False,False,0.0,0.0,False,1.0,0.0
nasa_fd001,u078_e0180,0,2,degraded,healthy,4,"[""s7_z_last"", ""s7_slope"", ""s6_slope"", ""s21_z_last""]",s21_delta_mean,0,0,False,False,0.0,0.0,False,1.0,0.0
nasa_fd001,u078_e0180,0,3,degraded,healthy,4,"[""s7_z_last"", ""s7_slope"", ""s21_z_last"", ""s6_slope""]",s21_delta_mean,0,0,False,False,0.0,0.0,False,1.0,0.0
nasa_fd001,u078_e0180,0,4,degraded,healthy,4,"[""s6_slope"", ""s7_z_last"", ""s7_slope"", ""s4_slope""]",s21_delta_mean,0,1,False,True,0.0,0.25,False,1.0,0.0
nasa_fd001,u078_e0190,0,0,degraded,degraded,4,"[""s15_slope"", ""s17_delta_mean"", ""s7_slope"", ""s12_delta_mean""]",s11_slope,0,1,False,True,0.0,0.25,False,1.0,0.0
nasa_fd001,u078_e0190,0,1,degraded,degraded,3,"[""s11_slope"", ""s21_delta_mean"", ""s7_slope""]",s11_slope,1,1,True,True,0.3333333333333333,0.3333333333333333,True,1.0,0.0
nasa_fd001,u078_e0190,0,2,degraded,degraded,4,"[""s15_slope"", ""s17_slope"", ""s7_slope"", ""s21_delta_mean""]",s11_slope,0,0,False,False,0.0,0.0,False,1.0,0.0
nasa_fd001,u078_e0190,0,3,degraded,degraded,4,"[""s11_delta_mean"", ""s15_slope"", ""s7_slope"", ""s21_delta_mean""]",s11_slope,1,1,True,True,0.25,0.25,False,1.0,0.0
nasa_fd001,u078_e0190,0,4,healthy,degraded,4,"[""s7_delta_mean"", ""s7_slope"", ""s21_delta_mean"", ""s12_delta_mean""]",s11_slope,0,1,False,True,0.0,0.25,False,1.0,0.0
nasa_fd001,u081_e0120,0,0,healthy,healthy,3,"[""s7_z_last"", ""s2_slope"", ""s11_z_last""]",s11_slope,0,0,False,False,0.0,0.0,False,1.0,0.0
nasa_fd001,u081_e0120,0,1,degraded,healthy,4,"[""s7_z_last"", ""s7_slope"", ""s2_delta_mean"", ""s11_z_last""]",s11_slope,0,0,False,False,0.0,0.0,False,1.0,0.0
nasa_fd001,u081_e0120,0,2,healthy,healthy,3,"[""s7_z_last"", ""s2_slope"", ""s11_z_last""]",s11_slope,0,0,False,False,0.0,0.0,False,1.0,0.0
nasa_fd001,u081_e0120,0,3,healthy,healthy,4,"[""s7_z_last"", ""s2_slope"", ""s11_z_last"", ""s20_z_last""]",s11_slope,0,0,False,False,0.0,0.0,False,1.0,0.0
nasa_fd001,u081_e0120,0,4,healthy,healthy,4,"[""s7_z_last"", ""s2_slope"", ""s11_z_last"", ""s20_z_last""]",s11_slope,0,0,False,False,0.0,0.0,False,1.0,0.0
nasa_fd001,u081_e0130,0,0,healthy,healthy,3,"[""s2_delta_mean"", ""s6_delta_mean"", ""s17_slope""]",s11_slope,0,1,False,True,0.0,0.3333333333333333,False,1.0,0.0
nasa_fd001,u081_e0130,0,1,healthy,healthy,4,"[""s2_delta_mean"", ""s6_delta_mean"", ""s17_slope"", ""s21_z_last""]",s11_slope,0,1,False,True,0.0,0.25,False,1.0,0.0
nasa_fd001,u081_e0130,0,2,healthy,healthy,3,"[""s2_delta_mean"", ""s6_delta_mean"", ""s17_slope""]",s11_slope,0,1,False,True,0.0,0.3333333333333333,False,1.0,0.0
nasa_fd001,u081_e0130,0,3,healthy,healthy,4,"[""s2_delta_mean"", ""s6_delta_mean"", ""s17_slope"", ""s21_z_last""]",s11_slope,0,1,False,True,0.0,0.25,False,1.0,0.0
nasa_fd001,u081_e0130,0,4,healthy,healthy,4,"[""s2_delta_mean"", ""s6_slope"", ""s17_slope"", ""s21_z_last""]",s11_slope,0,1,False,True,0.0,0.25,False,1.0,0.0
nasa_fd001,u081_e0150,0,0,healthy,healthy,4,"[""s21_delta_mean"", ""s2_delta_mean"", ""s3_delta_mean"", ""s17_z_last""]",s11_slope,0,0,False,False,0.0,0.0,False,1.0,0.0
nasa_fd001,u081_e0150,0,1,healthy,healthy,3,"[""s3_z_last"", ""s21_delta_mean"", ""s17_z_last""]",s11_slope,0,0,False,False,0.0,0.0,False,1.0,0.0
nasa_fd001,u081_e0150,0,2,healthy,healthy,4,"[""s21_delta_mean"", ""s2_delta_mean"", ""s3_z_last"", ""s17_delta_mean""]",s11_slope,0,0,False,False,0.0,0.0,False,1.0,0.0
nasa_fd001,u081_e0150,0,3,healthy,healthy,4,"[""s21_delta_mean"", ""s2_delta_mean"", ""s3_z_last"", ""s17_delta_mean""]",s11_slope,0,0,False,False,0.0,0.0,False,1.0,0.0
nasa_fd001,u081_e0150,0,4,healthy,healthy,4,"[""s3_z_last"", ""s21_delta_mean"", ""s15_z_last"", ""s17_delta_mean""]",s11_slope,0,0,False,False,0.0,0.0,False,1.0,0.0
nasa_fd001,u081_e0170,0,0,degraded,healthy,4,"[""s9_slope"", ""s14_slope"", ""s20_slope"", ""s21_slope""]",s11_slope,0,1,False,True,0.0,0.25,False,1.0,0.0
nasa_fd001,u081_e0170,0,1,healthy,healthy,4,"[""s3_z_last"", ""s11_z_last"", ""s2_slope"", ""s21_slope""]",s11_slope,0,0,False,False,0.0,0.0,False,1.0,0.0
nasa_fd001,u081_e0170,0,2,healthy,healthy,4,"[""s3_z_last"", ""s11_z_last"", ""s21_slope"", ""s17_delta_mean""]",s11_slope,0,0,False,False,0.0,0.0,False,1.0,0.0
nasa_fd001,u081_e0170,0,3,healthy,healthy,3,"[""s3_z_last"", ""s11_z_last"", ""s20_slope""]",s11_slope,0,1,False,True,0.0,0.3333333333333333,False,1.0,0.0
nasa_fd001,u081_e0170,0,4,healthy,healthy,3,"[""s3_z_last"", ""s11_z_last"", ""s21_slope""]",s11_slope,0,0,False,False,0.0,0.0,False,1.0,0.0
nasa_fd001,u081_e0180,0,0,degraded,healthy,4,"[""s2_z_last"", ""s7_slope"", ""s11_slope"", ""s21_slope""]",s4_slope,0,2,False,True,0.0,0.5,False,1.0,0.0
nasa_fd001,u081_e0180,0,1,healthy,healthy,4,"[""s2_delta_mean"", ""s7_slope"", ""s9_delta_mean"", ""s20_z_last""]",s4_slope,0,1,False,True,0.0,0.25,False,1.0,0.0
nasa_fd001,u081_e0180,0,2,healthy,healthy,4,"[""s2_delta_mean"", ""s9_z_last"", ""s21_delta_mean"", ""s11_slope""]",s4_slope,0,1,False,True,0.0,0.25,False,1.0,0.0
nasa_fd001,u081_e0180,0,3,degraded,healthy,4,"[""s2_z_last"", ""s7_slope"", ""s11_slope"", ""s9_slope""]",s4_slope,0,2,False,True,0.0,0.5,False,1.0,0.0
nasa_fd001,u081_e0180,0,4,degraded,healthy,4,"[""s2_z_last"", ""s7_slope"", ""s11_slope"", ""s9_slope""]",s4_slope,0,2,False,True,0.0,0.5,False,1.0,0.0
nasa_fd001,u081_e0190,0,0,degraded,healthy,4,"[""s17_delta_mean"", ""s17_slope"", ""s3_slope"", ""s21_delta_mean""]",s12_delta_mean,0,0,False,False,0.0,0.0,False,1.0,0.0
nasa_fd001,u081_e0190,0,1,healthy,healthy,4,"[""s17_slope"", ""s3_slope"", ""s21_delta_mean"", ""s14_z_last""]",s12_delta_mean,0,0,False,False,0.0,0.0,False,1.0,0.0
nasa_fd001,u081_e0190,0,2,healthy,healthy,4,"[""s17_delta_mean"", ""s17_slope"", ""s3_slope"", ""s21_delta_mean""]",s12_delta_mean,0,0,False,False,0.0,0.0,False,0.75,0.25
nasa_fd001,u081_e0190,0,3,degraded,healthy,4,"[""s17_delta_mean"", ""s17_slope"", ""s11_delta_mean"", ""s3_slope""]",s12_delta_mean,0,0,False,False,0.0,0.0,False,1.0,0.0
nasa_fd001,u081_e0190,0,4,healthy,healthy,4,"[""s17_delta_mean"", ""s17_slope"", ""s3_slope"", ""s21_delta_mean""]",s12_delta_mean,0,0,False,False,0.0,0.0,False,0.75,0.25
nasa_fd001,u081_e0200,0,0,healthy,degraded,4,"[""s13_slope"", ""s20_slope"", ""s14_z_last"", ""s15_slope""]",s11_delta_mean,0,0,False,False,0.0,0.0,False,1.0,0.0
nasa_fd001,u081_e0200,0,1,healthy,degraded,4,"[""s13_slope"", ""s20_slope"", ""s11_z_last"", ""s7_delta_mean""]",s11_delta_mean,0,0,False,False,0.0,0.0,False,1.0,0.0
nasa_fd001,u081_e0200,0,2,healthy,degraded,4,"[""s13_slope"", ""s20_slope"", ""s14_z_last"", ""s11_z_last""]",s11_delta_mean,0,0,False,False,0.0,0.0,False,0.75,0.25
nasa_fd001,u081_e0200,0,3,healthy,degraded,4,"[""s13_slope"", ""s20_slope"", ""s14_z_last"", ""s11_z_last""]",s11_delta_mean,0,0,False,False,0.0,0.0,False,1.0,0.0
nasa_fd001,u081_e0200,0,4,healthy,degraded,4,"[""s13_slope"", ""s20_slope"", ""s14_z_last"", ""s11_z_last""]",s11_delta_mean,0,0,False,False,0.0,0.0,False,0.75,0.25
nasa_fd001,u081_e0230,0,0,degraded,degraded,4,"[""s8_delta_mean"", ""s13_delta_mean"", ""s4_delta_mean"", ""s21_delta_mean""]",s20_slope,0,1,False,True,0.0,0.25,False,1.0,0.0
nasa_fd001,u081_e0230,0,1,degraded,degraded,4,"[""s8_delta_mean"", ""s13_delta_mean"", ""s4_delta_mean"", ""s21_delta_mean""]",s20_slope,0,1,False,True,0.0,0.25,False,1.0,0.0
nasa_fd001,u081_e0230,0,2,degraded,degraded,4,"[""s8_delta_mean"", ""s13_delta_mean"", ""s4_delta_mean"", ""s21_delta_mean""]",s20_slope,0,1,False,True,0.0,0.25,False,1.0,0.0
nasa_fd001,u081_e0230,0,3,degraded,degraded,4,"[""s8_delta_mean"", ""s13_delta_mean"", ""s4_delta_mean"", ""s8_slope""]",s20_slope,0,0,False,False,0.0,0.0,False,1.0,0.0
nasa_fd001,u081_e0230,0,4,degraded,degraded,4,"[""s8_delta_mean"", ""s13_delta_mean"", ""s4_delta_mean"", ""s21_delta_mean""]",s20_slope,0,1,False,True,0.0,0.25,False,1.0,0.0
nasa_fd001,u084_e0170,0,0,healthy,healthy,4,"[""s12_z_last"", ""s21_z_last"", ""s15_z_last"", ""s15_slope""]",s11_slope,0,0,False,False,0.0,0.0,False,0.75,0.25
nasa_fd001,u084_e0170,0,1,healthy,healthy,4,"[""s12_z_last"", ""s21_z_last"", ""s15_z_last"", ""s8_slope""]",s11_slope,0,0,False,False,0.0,0.0,False,1.0,0.0
nasa_fd001,u084_e0170,0,2,healthy,healthy,4,"[""s12_z_last"", ""s21_z_last"", ""s15_z_last"", ""s15_slope""]",s11_slope,0,0,False,False,0.0,0.0,False,1.0,0.0
nasa_fd001,u084_e0170,0,3,healthy,healthy,4,"[""s12_z_last"", ""s21_z_last"", ""s15_z_last"", ""s8_slope""]",s11_slope,0,0,False,False,0.0,0.0,False,1.0,0.0
nasa_fd001,u084_e0170,0,4,healthy,healthy,4,"[""s12_z_last"", ""s21_z_last"", ""s15_z_last"", ""s20_delta_mean""]",s11_slope,0,0,False,False,0.0,0.0,False,1.0,0.0
nasa_fd001,u084_e0180,0,0,healthy,healthy,4,"[""s8_z_last"", ""s7_z_last"", ""s9_z_last"", ""s20_delta_mean""]",s11_slope,0,0,False,False,0.0,0.0,False,1.0,0.0
nasa_fd001,u084_e0180,0,1,degraded,healthy,4,"[""s8_slope"", ""s8_z_last"", ""s17_delta_mean"", ""s20_slope""]",s11_slope,0,0,False,False,0.0,0.0,False,1.0,0.0
nasa_fd001,u084_e0180,0,2,degraded,healthy,4,"[""s8_delta_mean"", ""s8_slope"", ""s2_delta_mean"", ""s7_z_last""]",s11_slope,0,0,False,False,0.0,0.0,False,1.0,0.0
nasa_fd001,u084_e0180,0,3,degraded,healthy,4,"[""s8_delta_mean"", ""s8_slope"", ""s7_z_last"", ""s20_slope""]",s11_slope,0,0,False,False,0.0,0.0,False,1.0,0.0
nasa_fd001,u084_e0180,0,4,degraded,healthy,4,"[""s8_delta_mean"", ""s8_slope"", ""s2_delta_mean"", ""s17_slope""]",s11_slope,0,0,False,False,0.0,0.0,False,1.0,0.0
nasa_fd001,u084_e0240,0,0,degraded,healthy,4,"[""s12_slope"", ""s17_slope"", ""s12_delta_mean"", ""s13_slope""]",s11_slope,0,0,False,False,0.0,0.0,False,1.0,0.0
nasa_fd001,u084_e0240,0,1,degraded,healthy,4,"[""s12_slope"", ""s17_z_last"", ""s13_delta_mean"", ""s7_z_last""]",s11_slope,0,0,False,False,0.0,0.0,False,1.0,0.0
nasa_fd001,u084_e0240,0,2,healthy,healthy,4,"[""s2_delta_mean"", ""s8_z_last"", ""s17_slope"", ""s12_slope""]",s11_slope,0,0,False,False,0.0,0.0,False,1.0,0.0
nasa_fd001,u084_e0240,0,3,healthy,healthy,4,"[""s17_z_last"", ""s11_delta_mean"", ""s8_z_last"", ""s12_slope""]",s11_slope,0,0,False,False,0.0,0.0,False,1.0,0.0
nasa_fd001,u084_e0240,0,4,healthy,healthy,4,"[""s17_z_last"", ""s11_delta_mean"", ""s12_slope"", ""s7_z_last""]",s11_slope,0,0,False,False,0.0,0.0,False,1.0,0.0
nasa_fd001,u089_e0120,0,0,healthy,healthy,4,"[""s6_delta_mean"", ""s6_slope"", ""s12_z_last"", ""s9_z_last""]",s11_slope,0,0,False,False,0.0,0.0,False,1.0,0.0
nasa_fd001,u089_e0120,0,1,healthy,healthy,4,"[""s6_delta_mean"", ""s6_slope"", ""s12_z_last"", ""s9_z_last""]",s11_slope,0,0,False,False,0.0,0.0,False,1.0,0.0
nasa_fd001,u089_e0120,0,2,healthy,healthy,4,"[""s6_delta_mean"", ""s6_slope"", ""s12_z_last"", ""s9_z_last""]",s11_slope,0,0,False,False,0.0,0.0,False,1.0,0.0
nasa_fd001,u089_e0120,0,3,healthy,healthy,4,"[""s6_delta_mean"", ""s6_slope"", ""s13_slope"", ""s11_z_last""]",s11_slope,0,0,False,False,0.0,0.0,False,1.0,0.0
nasa_fd001,u089_e0120,0,4,healthy,healthy,3,"[""s6_delta_mean"", ""s6_slope"", ""s13_z_last""]",s11_slope,0,0,False,False,0.0,0.0,False,0.6666666666666666,0.3333333333333333
nasa_fd001,u089_e0150,0,0,healthy,healthy,4,"[""s7_z_last"", ""s8_z_last"", ""s21_slope"", ""s17_slope""]",s11_slope,0,0,False,False,0.0,0.0,False,1.0,0.0
nasa_fd001,u089_e0150,0,1,degraded,healthy,4,"[""s7_z_last"", ""s7_slope"", ""s13_delta_mean"", ""s21_slope""]",s11_slope,0,0,False,False,0.0,0.0,False,1.0,0.0
nasa_fd001,u089_e0150,0,2,degraded,healthy,4,"[""s7_z_last"", ""s7_slope"", ""s13_delta_mean"", ""s21_slope""]",s11_slope,0,0,False,False,0.0,0.0,False,1.0,0.0
nasa_fd001,u089_e0150,0,3,degraded,healthy,4,"[""s7_z_last"", ""s7_slope"", ""s13_slope"", ""s21_slope""]",s11_slope,0,0,False,False,0.0,0.0,False,1.0,0.0
nasa_fd001,u089_e0150,0,4,degraded,healthy,3,"[""s7_z_last"", ""s21_slope"", ""s17_slope""]",s11_slope,0,0,False,False,0.0,0.0,False,1.0,0.0
nasa_fd001,u091_e0110,0,0,degraded,healthy,4,"[""s8_slope"", ""s11_z_last"", ""s9_z_last"", ""s20_delta_mean""]",s21_delta_mean,0,0,False,False,0.0,0.0,False,1.0,0.0
nasa_fd001,u091_e0110,0,1,degraded,healthy,4,"[""s8_slope"", ""s9_z_last"", ""s15_delta_mean"", ""s20_delta_mean""]",s21_delta_mean,0,0,False,False,0.0,0.0,False,1.0,0.0
nasa_fd001,u091_e0110,0,2,degraded,healthy,4,"[""s8_slope"", ""s15_delta_mean"", ""s20_delta_mean"", ""s9_z_last""]",s21_delta_mean,0,0,False,False,0.0,0.0,False,1.0,0.0
nasa_fd001,u091_e0110,0,3,degraded,healthy,3,"[""s8_slope"", ""s15_delta_mean"", ""s9_z_last""]",s21_delta_mean,0,0,False,False,0.0,0.0,False,1.0,0.0
nasa_fd001,u091_e0110,0,4,degraded,healthy,4,"[""s8_slope"", ""s15_delta_mean"", ""s9_z_last"", ""s20_delta_mean""]",s21_delta_mean,0,0,False,False,0.0,0.0,False,1.0,0.0
nasa_fd001,u001_e0050,1,0,healthy,healthy,4,"[""s21_delta_mean"", ""s12_z_last"", ""s7_slope"", ""s3_slope""]",s11_slope,0,0,False,False,0.0,0.0,False,1.0,0.0
nasa_fd001,u001_e0050,1,1,healthy,healthy,4,"[""s21_delta_mean"", ""s12_delta_mean"", ""s7_z_last"", ""s17_z_last""]",s11_slope,0,1,False,True,0.0,0.25,False,0.75,0.25
nasa_fd001,u001_e0050,1,2,healthy,healthy,4,"[""s21_delta_mean"", ""s12_z_last"", ""s7_slope"", ""s3_slope""]",s11_slope,0,0,False,False,0.0,0.0,False,1.0,0.0
nasa_fd001,u001_e0050,1,3,degraded,healthy,4,"[""s3_slope"", ""s8_delta_mean"", ""s21_slope"", ""s7_delta_mean""]",s11_slope,0,0,False,False,0.0,0.0,False,1.0,0.0
nasa_fd001,u001_e0050,1,4,healthy,healthy,3,"[""s21_delta_mean"", ""s12_delta_mean"", ""s7_slope""]",s11_slope,0,1,False,True,0.0,0.3333333333333333,False,1.0,0.0
nasa_fd001,u001_e0080,1,0,healthy,healthy,3,"[""s4_z_last"", ""s17_delta_mean"", ""s11_z_last""]",s11_slope,0,0,False,False,0.0,0.0,False,1.0,0.0
nasa_fd001,u001_e0080,1,1,healthy,healthy,3,"[""s4_z_last"", ""s17_delta_mean"", ""s11_z_last""]",s11_slope,0,0,False,False,0.0,0.0,False,1.0,0.0
nasa_fd001,u001_e0080,1,2,healthy,healthy,3,"[""s4_z_last"", ""s11_z_last"", ""s17_delta_mean""]",s11_slope,0,0,False,False,0.0,0.0,False,1.0,0.0
nasa_fd001,u001_e0080,1,3,degraded,healthy,4,"[""s4_z_last"", ""s17_delta_mean"", ""s9_z_last"", ""s15_delta_mean""]",s11_slope,0,0,False,False,0.0,0.0,False,1.0,0.0
nasa_fd001,u001_e0080,1,4,degraded,healthy,4,"[""s4_z_last"", ""s17_delta_mean"", ""s15_slope"", ""s9_z_last""]",s11_slope,0,1,False,True,0.0,0.25,False,1.0,0.0
nasa_fd001,u001_e0100,1,0,healthy,healthy,4,"[""s7_z_last"", ""s4_z_last"", ""s20_delta_mean"", ""s2_delta_mean""]",s11_slope,0,0,False,False,0.0,0.0,False,1.0,0.0
nasa_fd001,u001_e0100,1,1,healthy,healthy,4,"[""s4_z_last"", ""s7_z_last"", ""s20_delta_mean"", ""s15_slope""]",s11_slope,0,1,False,True,0.0,0.25,False,1.0,0.0
nasa_fd001,u001_e0100,1,2,healthy,healthy,4,"[""s7_z_last"", ""s4_z_last"", ""s20_slope"", ""s15_slope""]",s11_slope,0,1,False,True,0.0,0.25,False,1.0,0.0
nasa_fd001,u001_e0100,1,3,healthy,healthy,4,"[""s7_z_last"", ""s4_z_last"", ""s20_slope"", ""s15_slope""]",s11_slope,0,1,False,True,0.0,0.25,False,1.0,0.0
nasa_fd001,u001_e0100,1,4,healthy,healthy,3,"[""s7_z_last"", ""s20_delta_mean"", ""s15_slope""]",s11_slope,0,1,False,True,0.0,0.3333333333333333,False,1.0,0.0
nasa_fd001,u001_e0140,1,0,healthy,healthy,4,"[""s2_z_last"", ""s8_z_last"", ""s7_z_last"", ""s13_delta_mean""]",s4_slope,0,0,False,False,0.0,0.0,False,1.0,0.0
nasa_fd001,u001_e0140,1,1,degraded,healthy,4,"[""s7_z_last"", ""s7_slope"", ""s13_z_last"", ""s13_slope""]",s4_slope,0,0,False,False,0.0,0.0,False,1.0,0.0
nasa_fd001,u001_e0140,1,2,healthy,healthy,4,"[""s2_z_last"", ""s8_z_last"", ""s7_z_last"", ""s13_delta_mean""]",s4_slope,0,0,False,False,0.0,0.0,False,1.0,0.0
nasa_fd001,u001_e0140,1,3,healthy,healthy,4,"[""s2_delta_mean"", ""s8_z_last"", ""s7_z_last"", ""s13_delta_mean""]",s4_slope,0,0,False,False,0.0,0.0,False,1.0,0.0
nasa_fd001,u001_e0140,1,4,degraded,healthy,4,"[""s2_delta_mean"", ""s8_z_last"", ""s7_z_last"", ""s9_slope""]",s4_slope,0,0,False,False,0.0,0.0,False,1.0,0.0
nasa_fd001,u001_e0170,1,0,degraded,degraded,4,"[""s8_slope"", ""s13_slope"", ""s4_slope"", ""s15_slope""]",s11_slope,1,1,True,True,0.25,0.25,False,1.0,0.0
nasa_fd001,u001_e0170,1,1,degraded,degraded,4,"[""s8_slope"", ""s8_delta_mean"", ""s13_slope"", ""s13_delta_mean""]",s11_slope,0,0,False,False,0.0,0.0,False,1.0,0.0
nasa_fd001,u001_e0170,1,2,degraded,degraded,4,"[""s8_slope"", ""s13_slope"", ""s4_slope"", ""s15_slope""]",s11_slope,1,1,True,True,0.25,0.25,False,1.0,0.0
nasa_fd001,u001_e0170,1,3,degraded,degraded,4,"[""s8_slope"", ""s13_slope"", ""s4_slope"", ""s15_slope""]",s11_slope,1,1,True,True,0.25,0.25,False,1.0,0.0
nasa_fd001,u001_e0170,1,4,degraded,degraded,4,"[""s8_slope"", ""s13_slope"", ""s4_slope"", ""s15_slope""]",s11_slope,1,1,True,True,0.25,0.25,False,1.0,0.0
nasa_fd001,u005_e0080,1,0,healthy,healthy,4,"[""s3_slope"", ""s3_delta_mean"", ""s12_slope"", ""s20_z_last""]",s11_slope,0,0,False,False,0.0,0.0,False,1.0,0.0
nasa_fd001,u005_e0080,1,1,healthy,healthy,3,"[""s3_slope"", ""s12_slope"", ""s4_z_last""]",s11_slope,0,0,False,False,0.0,0.0,False,1.0,0.0
nasa_fd001,u005_e0080,1,2,healthy,healthy,3,"[""s12_slope"", ""s3_delta_mean"", ""s20_delta_mean""]",s11_slope,0,0,False,False,0.0,0.0,False,1.0,0.0
nasa_fd001,u005_e0080,1,3,healthy,healthy,4,"[""s3_slope"", ""s3_delta_mean"", ""s12_slope"", ""s4_z_last""]",s11_slope,0,0,False,False,0.0,0.0,False,1.0,0.0
nasa_fd001,u005_e0080,1,4,healthy,healthy,4,"[""s12_delta_mean"", ""s12_z_last"", ""s12_slope"", ""s3_slope""]",s11_slope,0,1,False,True,0.0,0.25,False,1.0,0.0
nasa_fd001,u005_e0110,1,0,degraded,healthy,4,"[""s8_slope"", ""s3_slope"", ""s20_slope"", ""s6_slope""]",s11_slope,0,0,False,False,0.0,0.0,False,1.0,0.0
nasa_fd001,u005_e0110,1,1,degraded,healthy,4,"[""s8_slope"", ""s2_slope"", ""s11_z_last"", ""s20_slope""]",s11_slope,0,0,False,False,0.0,0.0,False,1.0,0.0
nasa_fd001,u005_e0110,1,2,degraded,healthy,4,"[""s8_slope"", ""s11_z_last"", ""s3_z_last"", ""s20_slope""]",s11_slope,0,0,False,False,0.0,0.0,False,1.0,0.0
nasa_fd001,u005_e0110,1,3,degraded,healthy,3,"[""s8_slope"", ""s3_z_last"", ""s20_slope""]",s11_slope,0,0,False,False,0.0,0.0,False,1.0,0.0
nasa_fd001,u005_e0110,1,4,degraded,healthy,3,"[""s8_slope"", ""s2_z_last"", ""s20_slope""]",s11_slope,0,0,False,False,0.0,0.0,False,1.0,0.0
nasa_fd001,u005_e0150,1,0,healthy,healthy,4,"[""s7_delta_mean"", ""s7_slope"", ""s4_z_last"", ""s15_slope""]",s11_slope,0,0,False,False,0.0,0.0,False,1.0,0.0
nasa_fd001,u005_e0150,1,1,healthy,healthy,4,"[""s7_delta_mean"", ""s7_slope"", ""s15_delta_mean"", ""s15_slope""]",s11_slope,0,0,False,False,0.0,0.0,False,1.0,0.0
nasa_fd001,u005_e0150,1,2,healthy,healthy,4,"[""s7_delta_mean"", ""s7_slope"", ""s4_z_last"", ""s15_delta_mean""]",s11_slope,0,0,False,False,0.0,0.0,False,1.0,0.0
nasa_fd001,u005_e0150,1,3,healthy,healthy,4,"[""s7_delta_mean"", ""s4_z_last"", ""s15_slope"", ""s2_delta_mean""]",s11_slope,0,0,False,False,0.0,0.0,False,1.0,0.0
nasa_fd001,u005_e0150,1,4,healthy,healthy,3,"[""s7_delta_mean"", ""s4_z_last"", ""s15_delta_mean""]",s11_slope,0,0,False,False,0.0,0.0,False,1.0,0.0
nasa_fd001,u005_e0180,1,0,healthy,healthy,4,"[""s8_z_last"", ""s9_z_last"", ""s7_z_last"", ""s14_z_last""]",s11_slope,0,0,False,False,0.0,0.0,False,1.0,0.0
nasa_fd001,u005_e0180,1,1,healthy,healthy,3,"[""s8_z_last"", ""s9_z_last"", ""s14_z_last""]",s11_slope,0,0,False,False,0.0,0.0,False,1.0,0.0
nasa_fd001,u005_e0180,1,2,healthy,healthy,3,"[""s8_z_last"", ""s9_z_last"", ""s14_z_last""]",s11_slope,0,0,False,False,0.0,0.0,False,1.0,0.0
nasa_fd001,u005_e0180,1,3,healthy,healthy,3,"[""s8_z_last"", ""s9_z_last"", ""s3_z_last""]",s11_slope,0,0,False,False,0.0,0.0,False,1.0,0.0
nasa_fd001,u005_e0180,1,4,healthy,healthy,3,"[""s8_z_last"", ""s3_z_last"", ""s9_z_last""]",s11_slope,0,0,False,False,0.0,0.0,False,1.0,0.0
nasa_fd001,u005_e0230,1,0,degraded,degraded,4,"[""s13_delta_mean"", ""s17_slope"", ""s21_delta_mean"", ""s12_delta_mean""]",s11_slope,1,1,True,True,0.25,0.25,False,1.0,0.0
nasa_fd001,u005_e0230,1,1,degraded,degraded,4,"[""s13_delta_mean"", ""s17_slope"", ""s21_delta_mean"", ""s12_delta_mean""]",s11_slope,1,1,True,True,0.25,0.25,False,1.0,0.0
nasa_fd001,u005_e0230,1,2,degraded,degraded,4,"[""s13_delta_mean"", ""s17_slope"", ""s21_delta_mean"", ""s12_delta_mean""]",s11_slope,1,1,True,True,0.25,0.25,False,1.0,0.0
nasa_fd001,u005_e0230,1,3,degraded,degraded,4,"[""s13_delta_mean"", ""s17_slope"", ""s21_delta_mean"", ""s12_delta_mean""]",s11_slope,1,1,True,True,0.25,0.25,False,1.0,0.0
nasa_fd001,u005_e0230,1,4,degraded,degraded,3,"[""s3_slope"", ""s13_delta_mean"", ""s21_delta_mean""]",s11_slope,1,1,True,True,0.3333333333333333,0.3333333333333333,False,1.0,0.0
nasa_fd001,u005_e0250,1,0,degraded,degraded,4,"[""s14_slope"", ""s9_slope"", ""s21_z_last"", ""s20_slope""]",s11_slope,0,0,False,False,0.0,0.0,False,1.0,0.0
nasa_fd001,u005_e0250,1,1,degraded,degraded,4,"[""s9_slope"", ""s14_slope"", ""s20_z_last"", ""s21_z_last""]",s11_slope,0,0,False,False,0.0,0.0,False,1.0,0.0
nasa_fd001,u005_e0250,1,2,degraded,degraded,4,"[""s9_slope"", ""s14_slope"", ""s20_z_last"", ""s21_z_last""]",s11_slope,0,0,False,False,0.0,0.0,False,1.0,0.0
nasa_fd001,u005_e0250,1,3,degraded,degraded,4,"[""s9_slope"", ""s14_slope"", ""s20_slope"", ""s21_slope""]",s11_slope,0,0,False,False,0.0,0.0,False,0.75,0.25
nasa_fd001,u005_e0250,1,4,degraded,degraded,4,"[""s9_slope"", ""s14_slope"", ""s21_z_last"", ""s15_slope""]",s11_slope,0,0,False,False,0.0,0.0,False,1.0,0.0
nasa_fd001,u005_e0260,1,0,degraded,degraded,3,"[""s3_slope"", ""s14_delta_mean"", ""s12_delta_mean""]",s11_slope,0,0,False,False,0.0,0.0,False,1.0,0.0
nasa_fd001,u005_e0260,1,1,degraded,degraded,3,"[""s3_slope"", ""s15_slope"", ""s21_slope""]",s11_slope,0,0,False,False,0.0,0.0,False,1.0,0.0
nasa_fd001,u005_e0260,1,2,degraded,degraded,4,"[""s3_slope"", ""s14_delta_mean"", ""s15_slope"", ""s21_slope""]",s11_slope,0,0,False,False,0.0,0.0,False,1.0,0.0
nasa_fd001,u005_e0260,1,3,degraded,degraded,3,"[""s3_slope"", ""s15_slope"", ""s21_slope""]",s11_slope,0,0,False,False,0.0,0.0,False,1.0,0.0
nasa_fd001,u005_e0260,1,4,degraded,degraded,4,"[""s3_slope"", ""s14_z_last"", ""s15_slope"", ""s21_slope""]",s11_slope,0,0,False,False,0.0,0.0,False,1.0,0.0
nasa_fd001,u011_e0050,1,0,healthy,healthy,4,"[""s6_slope"", ""s6_delta_mean"", ""s21_slope"", ""s21_z_last""]",s11_slope,0,0,False,False,0.0,0.0,False,1.0,0.0
nasa_fd001,u011_e0050,1,1,healthy,healthy,4,"[""s6_slope"", ""s6_delta_mean"", ""s21_slope"", ""s21_z_last""]",s11_slope,0,0,False,False,0.0,0.0,False,1.0,0.0
nasa_fd001,u011_e0050,1,2,healthy,healthy,4,"[""s6_slope"", ""s6_delta_mean"", ""s21_slope"", ""s21_z_last""]",s11_slope,0,0,False,False,0.0,0.0,False,1.0,0.0
nasa_fd001,u011_e0050,1,3,healthy,healthy,4,"[""s6_slope"", ""s6_delta_mean"", ""s21_slope"", ""s21_z_last""]",s11_slope,0,0,False,False,0.0,0.0,False,1.0,0.0
nasa_fd001,u011_e0050,1,4,healthy,healthy,4,"[""s6_slope"", ""s6_delta_mean"", ""s21_slope"", ""s21_z_last""]",s11_slope,0,0,False,False,0.0,0.0,False,1.0,0.0
nasa_fd001,u011_e0070,1,0,degraded,healthy,4,"[""s4_slope"", ""s15_delta_mean"", ""s17_slope"", ""s8_z_last""]",s11_slope,1,1,True,True,0.25,0.25,False,1.0,0.0
nasa_fd001,u011_e0070,1,1,healthy,healthy,3,"[""s6_slope"", ""s8_z_last"", ""s15_delta_mean""]",s11_slope,0,0,False,False,0.0,0.0,False,1.0,0.0
nasa_fd001,u011_e0070,1,2,healthy,healthy,3,"[""s6_slope"", ""s7_delta_mean"", ""s8_z_last""]",s11_slope,0,0,False,False,0.0,0.0,False,1.0,0.0
nasa_fd001,u011_e0070,1,3,healthy,healthy,3,"[""s6_slope"", ""s8_z_last"", ""s15_delta_mean""]",s11_slope,0,0,False,False,0.0,0.0,False,1.0,0.0
nasa_fd001,u011_e0070,1,4,healthy,healthy,4,"[""s6_slope"", ""s7_slope"", ""s8_z_last"", ""s15_delta_mean""]",s11_slope,0,0,False,False,0.0,0.0,False,1.0,0.0
nasa_fd001,u011_e0130,1,0,degraded,healthy,4,"[""s2_delta_mean"", ""s3_slope"", ""s13_delta_mean"", ""s20_delta_mean""]",s11_slope,0,0,False,False,0.0,0.0,False,1.0,0.0
nasa_fd001,u011_e0130,1,1,degraded,healthy,4,"[""s2_delta_mean"", ""s3_slope"", ""s13_delta_mean"", ""s15_slope""]",s11_slope,0,1,False,True,0.0,0.25,False,1.0,0.0
nasa_fd001,u011_e0130,1,2,healthy,healthy,3,"[""s20_delta_mean"", ""s11_z_last"", ""s3_delta_mean""]",s11_slope,0,0,False,False,0.0,0.0,False,1.0,0.0
nasa_fd001,u011_e0130,1,3,degraded,healthy,4,"[""s2_delta_mean"", ""s3_slope"", ""s13_delta_mean"", ""s15_slope""]",s11_slope,0,1,False,True,0.0,0.25,False,1.0,0.0
nasa_fd001,u011_e0130,1,4,healthy,healthy,4,"[""s3_delta_mean"", ""s11_z_last"", ""s20_delta_mean"", ""s21_z_last""]",s11_slope,0,0,False,False,0.0,0.0,False,1.0,0.0
nasa_fd001,u011_e0160,1,0,degraded,healthy,3,"[""s14_slope"", ""s12_slope"", ""s21_delta_mean""]",s11_slope,0,1,False,True,0.0,0.3333333333333333,False,0.6666666666666666,0.3333333333333333
nasa_fd001,u011_e0160,1,1,healthy,healthy,3,"[""s7_z_last"", ""s21_delta_mean"", ""s12_slope""]",s11_slope,0,1,False,True,0.0,0.3333333333333333,False,1.0,0.0
nasa_fd001,u011_e0160,1,2,healthy,healthy,4,"[""s7_z_last"", ""s14_slope"", ""s21_delta_mean"", ""s15_z_last""]",s11_slope,0,0,False,False,0.0,0.0,False,1.0,0.0
nasa_fd001,u011_e0160,1,3,healthy,healthy,4,"[""s7_z_last"", ""s14_slope"", ""s21_delta_mean"", ""s2_delta_mean""]",s11_slope,0,0,False,False,0.0,0.0,False,1.0,0.0
nasa_fd001,u011_e0160,1,4,healthy,healthy,4,"[""s7_z_last"", ""s12_delta_mean"", ""s3_slope"", ""s15_z_last""]",s11_slope,1,1,True,True,0.25,0.25,False,1.0,0.0
nasa_fd001,u011_e0190,1,0,healthy,healthy,4,"[""s3_z_last"", ""s14_z_last"", ""s9_slope"", ""s7_slope""]",s4_slope,0,0,False,False,0.0,0.0,False,1.0,0.0
nasa_fd001,u011_e0190,1,1,degraded,healthy,4,"[""s9_delta_mean"", ""s14_delta_mean"", ""s9_slope"", ""s14_slope""]",s4_slope,0,0,False,False,0.0,0.0,False,1.0,0.0
nasa_fd001,u011_e0190,1,2,healthy,healthy,4,"[""s3_z_last"", ""s14_z_last"", ""s2_z_last"", ""s7_z_last""]",s4_slope,0,0,False,False,0.0,0.0,False,1.0,0.0
nasa_fd001,u011_e0190,1,3,healthy,healthy,3,"[""s3_z_last"", ""s14_z_last"", ""s9_slope""]",s4_slope,0,0,False,False,0.0,0.0,False,1.0,0.0
nasa_fd001,u011_e0190,1,4,healthy,healthy,4,"[""s14_z_last"", ""s3_z_last"", ""s9_slope"", ""s7_slope""]",s4_slope,0,0,False,False,0.0,0.0,False,1.0,0.0
nasa_fd001,u011_e0200,1,0,degraded,degraded,4,"[""s14_delta_mean"", ""s14_slope"", ""s9_slope"", ""s7_z_last""]",s4_slope,0,0,False,False,0.0,0.0,False,1.0,0.0
nasa_fd001,u011_e0200,1,1,degraded,degraded,4,"[""s14_delta_mean"", ""s14_slope"", ""s9_slope"", ""s7_z_last""]",s4_slope,0,0,False,False,0.0,0.0,False,1.0,0.0
nasa_fd001,u011_e0200,1,2,degraded,degraded,3,"[""s14_delta_mean"", ""s9_slope"", ""s15_slope""]",s4_slope,0,0,False,False,0.0,0.0,False,1.0,0.0
nasa_fd001,u011_e0200,1,3,degraded,degraded,4,"[""s14_delta_mean"", ""s14_slope"", ""s9_slope"", ""s21_slope""]",s4_slope,0,0,False,False,0.0,0.0,False,1.0,0.0
nasa_fd001,u011_e0200,1,4,degraded,degraded,4,"[""s14_delta_mean"", ""s14_slope"", ""s9_slope"", ""s21_slope""]",s4_slope,0,0,False,False,0.0,0.0,False,1.0,0.0
nasa_fd001,u011_e0240,1,0,degraded,degraded,3,"[""s9_slope"", ""s14_delta_mean"", ""s20_delta_mean""]",s11_slope,0,0,False,False,0.0,0.0,False,1.0,0.0
nasa_fd001,u011_e0240,1,1,degraded,degraded,4,"[""s9_slope"", ""s14_slope"", ""s9_delta_mean"", ""s14_delta_mean""]",s11_slope,0,0,False,False,0.0,0.0,False,1.0,0.0
nasa_fd001,u011_e0240,1,2,degraded,degraded,4,"[""s9_slope"", ""s14_delta_mean"", ""s9_delta_mean"", ""s14_slope""]",s11_slope,0,0,False,False,0.0,0.0,False,1.0,0.0
nasa_fd001,u011_e0240,1,3,degraded,degraded,3,"[""s9_slope"", ""s14_delta_mean"", ""s20_slope""]",s11_slope,0,0,False,False,0.0,0.0,False,1.0,0.0
nasa_fd001,u011_e0240,1,4,degraded,degraded,4,"[""s9_slope"", ""s14_slope"", ""s9_delta_mean"", ""s14_delta_mean""]",s11_slope,0,0,False,False,0.0,0.0,False,1.0,0.0
nasa_fd001,u013_e0060,1,0,healthy,healthy,4,"[""s11_z_last"", ""s14_z_last"", ""s20_z_last"", ""s15_z_last""]",s11_slope,0,0,False,False,0.0,0.0,False,1.0,0.0
nasa_fd001,u013_e0060,1,1,healthy,healthy,4,"[""s11_z_last"", ""s15_z_last"", ""s14_z_last"", ""s7_z_last""]",s11_slope,0,0,False,False,0.0,0.0,False,1.0,0.0
nasa_fd001,u013_e0060,1,2,healthy,healthy,4,"[""s11_z_last"", ""s4_z_last"", ""s14_z_last"", ""s7_z_last""]",s11_slope,0,0,False,False,0.0,0.0,False,1.0,0.0
nasa_fd001,u013_e0060,1,3,healthy,healthy,4,"[""s11_z_last"", ""s14_z_last"", ""s15_z_last"", ""s20_z_last""]",s11_slope,0,0,False,False,0.0,0.0,False,1.0,0.0
nasa_fd001,u013_e0060,1,4,healthy,healthy,4,"[""s11_z_last"", ""s14_z_last"", ""s7_z_last"", ""s15_z_last""]",s11_slope,0,0,False,False,0.0,0.0,False,1.0,0.0
nasa_fd001,u013_e0070,1,0,degraded,healthy,4,"[""s17_z_last"", ""s15_delta_mean"", ""s13_z_last"", ""s7_slope""]",s11_slope,0,0,False,False,0.0,0.0,False,1.0,0.0
nasa_fd001,u013_e0070,1,1,degraded,healthy,4,"[""s17_z_last"", ""s15_delta_mean"", ""s13_z_last"", ""s7_slope""]",s11_slope,0,0,False,False,0.0,0.0,False,1.0,0.0
nasa_fd001,u013_e0070,1,2,degraded,healthy,4,"[""s17_z_last"", ""s15_delta_mean"", ""s13_z_last"", ""s7_slope""]",s11_slope,0,0,False,False,0.0,0.0,False,1.0,0.0
nasa_fd001,u013_e0070,1,3,degraded,healthy,4,"[""s17_z_last"", ""s15_delta_mean"", ""s13_z_last"", ""s7_slope""]",s11_slope,0,0,False,False,0.0,0.0,False,1.0,0.0
nasa_fd001,u013_e0070,1,4,degraded,healthy,4,"[""s13_z_last"", ""s17_z_last"", ""s15_delta_mean"", ""s7_slope""]",s11_slope,0,0,False,False,0.0,0.0,False,1.0,0.0
nasa_fd001,u013_e0120,1,0,healthy,healthy,4,"[""s14_z_last"", ""s14_slope"", ""s9_z_last"", ""s9_slope""]",s4_slope,0,0,False,False,0.0,0.0,False,1.0,0.0
nasa_fd001,u013_e0120,1,1,healthy,healthy,4,"[""s14_z_last"", ""s9_z_last"", ""s9_slope"", ""s20_z_last""]",s4_slope,0,0,False,False,0.0,0.0,False,1.0,0.0
nasa_fd001,u013_e0120,1,2,healthy,healthy,4,"[""s14_z_last"", ""s9_z_last"", ""s7_slope"", ""s20_slope""]",s4_slope,0,0,False,False,0.0,0.0,False,1.0,0.0
nasa_fd001,u013_e0120,1,3,healthy,healthy,4,"[""s14_z_last"", ""s9_z_last"", ""s20_z_last"", ""s7_slope""]",s4_slope,0,0,False,False,0.0,0.0,False,1.0,0.0
nasa_fd001,u013_e0120,1,4,healthy,healthy,4,"[""s14_z_last"", ""s9_z_last"", ""s14_slope"", ""s20_z_last""]",s4_slope,0,0,False,False,0.0,0.0,False,1.0,0.0
nasa_fd001,u013_e0130,1,0,healthy,healthy,4,"[""s14_delta_mean"", ""s17_delta_mean"", ""s8_z_last"", ""s9_delta_mean""]",s4_slope,0,0,False,False,0.0,0.0,False,1.0,0.0
nasa_fd001,u013_e0130,1,1,healthy,healthy,4,"[""s8_z_last"", ""s21_z_last"", ""s3_z_last"", ""s17_delta_mean""]",s4_slope,0,0,False,False,0.0,0.0,False,1.0,0.0
nasa_fd001,u013_e0130,1,2,healthy,healthy,4,"[""s8_z_last"", ""s9_z_last"", ""s14_delta_mean"", ""s17_z_last""]",s4_slope,0,0,False,False,0.0,0.0,False,1.0,0.0
nasa_fd001,u013_e0130,1,3,degraded,healthy,4,"[""s9_delta_mean"", ""s14_delta_mean"", ""s17_delta_mean"", ""s8_z_last""]",s4_slope,0,0,False,False,0.0,0.0,False,1.0,0.0
nasa_fd001,u013_e0130,1,4,degraded,healthy,4,"[""s9_delta_mean"", ""s14_delta_mean"", ""s17_delta_mean"", ""s8_z_last""]",s4_slope,0,0,False,False,0.0,0.0,False,1.0,0.0
nasa_fd001,u013_e0140,1,0,degraded,degraded,4,"[""s9_delta_mean"", ""s14_delta_mean"", ""s9_slope"", ""s14_slope""]",s4_slope,0,0,False,False,0.0,0.0,False,1.0,0.0
nasa_fd001,u013_e0140,1,1,degraded,degraded,4,"[""s9_delta_mean"", ""s14_delta_mean"", ""s9_slope"", ""s14_slope""]",s4_slope,0,0,False,False,0.0,0.0,False,1.0,0.0
nasa_fd001,u013_e0140,1,2,degraded,degraded,4,"[""s9_delta_mean"", ""s14_delta_mean"", ""s9_slope"", ""s14_slope""]",s4_slope,0,0,False,False,0.0,0.0,False,1.0,0.0
nasa_fd001,u013_e0140,1,3,degraded,degraded,4,"[""s9_delta_mean"", ""s14_delta_mean"", ""s9_slope"", ""s14_slope""]",s4_slope,0,0,False,False,0.0,0.0,False,1.0,0.0
nasa_fd001,u013_e0140,1,4,degraded,degraded,4,"[""s14_delta_mean"", ""s9_delta_mean"", ""s9_slope"", ""s14_slope""]",s4_slope,0,0,False,False,0.0,0.0,False,1.0,0.0
nasa_fd001,u013_e0160,1,0,degraded,degraded,4,"[""s9_slope"", ""s14_slope"", ""s9_delta_mean"", ""s14_delta_mean""]",s11_slope,0,0,False,False,0.0,0.0,False,1.0,0.0
nasa_fd001,u013_e0160,1,1,degraded,degraded,4,"[""s9_slope"", ""s14_slope"", ""s9_delta_mean"", ""s14_delta_mean""]",s11_slope,0,0,False,False,0.0,0.0,False,1.0,0.0
nasa_fd001,u013_e0160,1,2,degraded,degraded,4,"[""s9_slope"", ""s9_delta_mean"", ""s14_slope"", ""s14_delta_mean""]",s11_slope,0,0,False,False,0.0,0.0,False,1.0,0.0
nasa_fd001,u013_e0160,1,3,degraded,degraded,4,"[""s9_slope"", ""s9_delta_mean"", ""s14_slope"", ""s14_delta_mean""]",s11_slope,0,0,False,False,0.0,0.0,False,1.0,0.0
nasa_fd001,u013_e0160,1,4,degraded,degraded,4,"[""s9_slope"", ""s9_delta_mean"", ""s14_slope"", ""s14_delta_mean""]",s11_slope,0,0,False,False,0.0,0.0,False,1.0,0.0
nasa_fd001,u019_e0050,1,0,healthy,healthy,3,"[""s15_z_last"", ""s3_slope"", ""s20_z_last""]",s11_slope,0,0,False,False,0.0,0.0,False,1.0,0.0
nasa_fd001,u019_e0050,1,1,healthy,healthy,3,"[""s15_z_last"", ""s20_z_last"", ""s3_slope""]",s11_slope,0,0,False,False,0.0,0.0,False,1.0,0.0
nasa_fd001,u019_e0050,1,2,degraded,healthy,4,"[""s15_z_last"", ""s20_z_last"", ""s21_slope"", ""s3_slope""]",s11_slope,0,0,False,False,0.0,0.0,False,1.0,0.0
nasa_fd001,u019_e0050,1,3,healthy,healthy,3,"[""s15_z_last"", ""s3_slope"", ""s20_z_last""]",s11_slope,0,0,False,False,0.0,0.0,False,1.0,0.0
nasa_fd001,u019_e0050,1,4,healthy,healthy,3,"[""s15_z_last"", ""s3_slope"", ""s17_z_last""]",s11_slope,0,0,False,False,0.0,0.0,False,1.0,0.0
nasa_fd001,u019_e0060,1,0,healthy,healthy,4,"[""s3_slope"", ""s2_delta_mean"", ""s20_delta_mean"", ""s21_delta_mean""]",s11_slope,0,0,False,False,0.0,0.0,False,1.0,0.0
nasa_fd001,u019_e0060,1,1,healthy,healthy,3,"[""s3_slope"", ""s2_delta_mean"", ""s21_delta_mean""]",s11_slope,0,0,False,False,0.0,0.0,False,1.0,0.0
nasa_fd001,u019_e0060,1,2,healthy,healthy,3,"[""s2_delta_mean"", ""s3_slope"", ""s20_delta_mean""]",s11_slope,0,0,False,False,0.0,0.0,False,1.0,0.0
nasa_fd001,u019_e0060,1,3,healthy,healthy,3,"[""s2_delta_mean"", ""s3_slope"", ""s20_delta_mean""]",s11_slope,0,0,False,False,0.0,0.0,False,1.0,0.0
nasa_fd001,u019_e0060,1,4,healthy,healthy,4,"[""s3_slope"", ""s2_delta_mean"", ""s20_delta_mean"", ""s21_z_last""]",s11_slope,0,0,False,False,0.0,0.0,False,1.0,0.0
nasa_fd001,u023_e0120,1,0,degraded,healthy,4,"[""s9_z_last"", ""s15_z_last"", ""s4_z_last"", ""s2_slope""]",s4_slope,0,0,False,False,0.0,0.0,False,1.0,0.0
nasa_fd001,u023_e0120,1,1,healthy,healthy,3,"[""s2_delta_mean"", ""s15_z_last"", ""s9_z_last""]",s4_slope,0,0,False,False,0.0,0.0,False,1.0,0.0
nasa_fd001,u023_e0120,1,2,degraded,healthy,3,"[""s4_z_last"", ""s15_delta_mean"", ""s9_z_last""]",s4_slope,0,0,False,False,0.0,0.0,False,1.0,0.0
nasa_fd001,u023_e0120,1,3,healthy,healthy,3,"[""s2_delta_mean"", ""s15_z_last"", ""s9_z_last""]",s4_slope,0,0,False,False,0.0,0.0,False,1.0,0.0
nasa_fd001,u023_e0120,1,4,degraded,healthy,3,"[""s9_z_last"", ""s15_delta_mean"", ""s4_z_last""]",s4_slope,0,0,False,False,0.0,0.0,False,1.0,0.0
nasa_fd001,u023_e0130,1,0,degraded,healthy,4,"[""s13_delta_mean"", ""s8_slope"", ""s20_delta_mean"", ""s15_slope""]",s11_slope,0,0,False,False,0.0,0.0,False,1.0,0.0
nasa_fd001,u023_e0130,1,1,degraded,healthy,4,"[""s8_slope"", ""s13_delta_mean"", ""s13_slope"", ""s20_delta_mean""]",s11_slope,0,0,False,False,0.0,0.0,False,1.0,0.0
nasa_fd001,u023_e0130,1,2,degraded,healthy,4,"[""s8_slope"", ""s13_delta_mean"", ""s20_delta_mean"", ""s21_z_last""]",s11_slope,0,0,False,False,0.0,0.0,False,1.0,0.0
nasa_fd001,u023_e0130,1,3,degraded,healthy,4,"[""s13_delta_mean"", ""s13_slope"", ""s8_slope"", ""s20_delta_mean""]",s11_slope,0,0,False,False,0.0,0.0,False,1.0,0.0
nasa_fd001,u023_e0130,1,4,degraded,healthy,4,"[""s13_delta_mean"", ""s13_slope"", ""s8_slope"", ""s20_delta_mean""]",s11_slope,0,0,False,False,0.0,0.0,False,1.0,0.0
nasa_fd001,u023_e0160,1,0,degraded,degraded,4,"[""s13_slope"", ""s8_slope"", ""s7_slope"", ""s4_slope""]",s11_slope,1,1,True,True,0.25,0.25,False,1.0,0.0
nasa_fd001,u023_e0160,1,1,degraded,degraded,4,"[""s13_slope"", ""s8_slope"", ""s4_slope"", ""s7_slope""]",s11_slope,1,1,True,True,0.25,0.25,False,1.0,0.0
nasa_fd001,u023_e0160,1,2,degraded,degraded,4,"[""s13_slope"", ""s8_slope"", ""s7_slope"", ""s4_slope""]",s11_slope,1,1,True,True,0.25,0.25,False,1.0,0.0
nasa_fd001,u023_e0160,1,3,degraded,degraded,4,"[""s8_slope"", ""s13_slope"", ""s7_slope"", ""s4_slope""]",s11_slope,1,1,True,True,0.25,0.25,False,1.0,0.0
nasa_fd001,u023_e0160,1,4,degraded,degraded,4,"[""s8_slope"", ""s13_slope"", ""s7_slope"", ""s4_slope""]",s11_slope,1,1,True,True,0.25,0.25,False,1.0,0.0
nasa_fd001,u027_e0050,1,0,degraded,healthy,4,"[""s17_slope"", ""s13_slope"", ""s15_delta_mean"", ""s7_delta_mean""]",s11_slope,0,0,False,False,0.0,0.0,False,1.0,0.0
nasa_fd001,u027_e0050,1,1,healthy,healthy,3,"[""s2_z_last"", ""s20_z_last"", ""s7_delta_mean""]",s11_slope,0,0,False,False,0.0,0.0,False,1.0,0.0
nasa_fd001,u027_e0050,1,2,healthy,healthy,4,"[""s2_z_last"", ""s7_delta_mean"", ""s20_z_last"", ""s15_slope""]",s11_slope,0,0,False,False,0.0,0.0,False,1.0,0.0
nasa_fd001,u027_e0050,1,3,degraded,healthy,4,"[""s15_delta_mean"", ""s17_slope"", ""s4_slope"", ""s7_delta_mean""]",s11_slope,1,1,True,True,0.25,0.25,False,1.0,0.0
nasa_fd001,u027_e0050,1,4,healthy,healthy,4,"[""s2_z_last"", ""s20_z_last"", ""s7_delta_mean"", ""s15_slope""]",s11_slope,0,0,False,False,0.0,0.0,False,1.0,0.0
nasa_fd001,u027_e0080,1,0,degraded,healthy,4,"[""s2_z_last"", ""s8_z_last"", ""s11_slope"", ""s20_slope""]",s11_slope,1,1,True,True,0.25,0.25,True,1.0,0.0
nasa_fd001,u027_e0080,1,1,degraded,healthy,4,"[""s2_z_last"", ""s8_z_last"", ""s11_slope"", ""s12_delta_mean""]",s11_slope,1,2,True,True,0.25,0.5,True,1.0,0.0
nasa_fd001,u027_e0080,1,2,degraded,healthy,4,"[""s2_z_last"", ""s8_z_last"", ""s11_slope"", ""s12_delta_mean""]",s11_slope,1,2,True,True,0.25,0.5,True,1.0,0.0
nasa_fd001,u027_e0080,1,3,degraded,healthy,4,"[""s2_z_last"", ""s8_z_last"", ""s11_slope"", ""s12_delta_mean""]",s11_slope,1,2,True,True,0.25,0.5,True,1.0,0.0
nasa_fd001,u027_e0080,1,4,degraded,healthy,4,"[""s2_z_last"", ""s8_z_last"", ""s11_slope"", ""s12_delta_mean""]",s11_slope,1,2,True,True,0.25,0.5,True,1.0,0.0
nasa_fd001,u027_e0090,1,0,healthy,healthy,4,"[""s2_z_last"", ""s7_z_last"", ""s6_slope"", ""s21_z_last""]",s11_slope,0,0,False,False,0.0,0.0,False,1.0,0.0
nasa_fd001,u027_e0090,1,1,healthy,healthy,3,"[""s2_z_last"", ""s7_z_last"", ""s6_slope""]",s11_slope,0,0,False,False,0.0,0.0,False,1.0,0.0
nasa_fd001,u027_e0090,1,2,degraded,healthy,4,"[""s2_z_last"", ""s2_delta_mean"", ""s7_z_last"", ""s7_slope""]",s11_slope,0,0,False,False,0.0,0.0,False,1.0,0.0
nasa_fd001,u027_e0090,1,3,healthy,healthy,3,"[""s2_z_last"", ""s7_z_last"", ""s6_slope""]",s11_slope,0,0,False,False,0.0,0.0,False,1.0,0.0
nasa_fd001,u027_e0090,1,4,healthy,healthy,4,"[""s2_z_last"", ""s7_z_last"", ""s21_z_last"", ""s6_slope""]",s11_slope,0,0,False,False,0.0,0.0,False,1.0,0.0
nasa_fd001,u027_e0100,1,0,healthy,healthy,4,"[""s6_slope"", ""s6_delta_mean"", ""s20_z_last"", ""s17_z_last""]",s11_slope,0,0,False,False,0.0,0.0,False,1.0,0.0
nasa_fd001,u027_e0100,1,1,healthy,healthy,3,"[""s6_slope"", ""s20_z_last"", ""s17_z_last""]",s11_slope,0,0,False,False,0.0,0.0,False,1.0,0.0
nasa_fd001,u027_e0100,1,2,healthy,healthy,4,"[""s6_slope"", ""s6_delta_mean"", ""s20_z_last"", ""s17_delta_mean""]",s11_slope,0,0,False,False,0.0,0.0,False,1.0,0.0
nasa_fd001,u027_e0100,1,3,degraded,healthy,3,"[""s6_slope"", ""s6_delta_mean"", ""s17_z_last""]",s11_slope,0,0,False,False,0.0,0.0,False,1.0,0.0
nasa_fd001,u027_e0100,1,4,healthy,healthy,4,"[""s6_slope"", ""s6_delta_mean"", ""s20_z_last"", ""s17_delta_mean""]",s11_slope,0,0,False,False,0.0,0.0,False,1.0,0.0
nasa_fd001,u031_e0060,1,0,healthy,healthy,3,"[""s6_delta_mean"", ""s21_z_last"", ""s3_slope""]",s11_slope,0,0,False,False,0.0,0.0,False,1.0,0.0
nasa_fd001,u031_e0060,1,1,healthy,healthy,3,"[""s6_delta_mean"", ""s21_z_last"", ""s7_z_last""]",s11_slope,0,0,False,False,0.0,0.0,False,1.0,0.0
nasa_fd001,u031_e0060,1,2,healthy,healthy,3,"[""s6_delta_mean"", ""s21_z_last"", ""s3_slope""]",s11_slope,0,0,False,False,0.0,0.0,False,1.0,0.0
nasa_fd001,u031_e0060,1,3,healthy,healthy,3,"[""s6_delta_mean"", ""s21_z_last"", ""s3_slope""]",s11_slope,0,0,False,False,0.0,0.0,False,1.0,0.0
nasa_fd001,u031_e0060,1,4,healthy,healthy,3,"[""s6_delta_mean"", ""s21_z_last"", ""s3_slope""]",s11_slope,0,0,False,False,0.0,0.0,False,1.0,0.0
nasa_fd001,u031_e0080,1,0,degraded,healthy,3,"[""s6_delta_mean"", ""s6_slope"", ""s17_slope""]",s11_slope,0,0,False,False,0.0,0.0,False,1.0,0.0
nasa_fd001,u031_e0080,1,1,degraded,healthy,3,"[""s6_delta_mean"", ""s6_slope"", ""s17_slope""]",s11_slope,0,0,False,False,0.0,0.0,False,1.0,0.0
nasa_fd001,u031_e0080,1,2,degraded,healthy,4,"[""s6_delta_mean"", ""s6_slope"", ""s17_slope"", ""s3_slope""]",s11_slope,0,0,False,False,0.0,0.0,False,1.0,0.0
nasa_fd001,u031_e0080,1,3,degraded,healthy,4,"[""s6_delta_mean"", ""s6_slope"", ""s17_slope"", ""s17_delta_mean""]",s11_slope,0,0,False,False,0.0,0.0,False,1.0,0.0
nasa_fd001,u031_e0080,1,4,healthy,healthy,4,"[""s6_delta_mean"", ""s6_slope"", ""s17_delta_mean"", ""s4_z_last""]",s11_slope,0,0,False,False,0.0,0.0,False,1.0,0.0
nasa_fd001,u031_e0140,1,0,degraded,healthy,4,"[""s7_z_last"", ""s11_z_last"", ""s14_z_last"", ""s21_z_last""]",s11_slope,0,0,False,False,0.0,0.0,False,1.0,0.0
nasa_fd001,u031_e0140,1,1,degraded,healthy,4,"[""s7_z_last"", ""s14_z_last"", ""s15_z_last"", ""s9_slope""]",s11_slope,0,0,False,False,0.0,0.0,False,1.0,0.0
nasa_fd001,u031_e0140,1,2,degraded,healthy,4,"[""s7_z_last"", ""s15_z_last"", ""s14_z_last"", ""s6_slope""]",s11_slope,0,0,False,False,0.0,0.0,False,1.0,0.0
nasa_fd001,u031_e0140,1,3,degraded,healthy,4,"[""s7_z_last"", ""s9_slope"", ""s15_z_last"", ""s20_delta_mean""]",s11_slope,0,0,False,False,0.0,0.0,False,1.0,0.0
nasa_fd001,u031_e0140,1,4,degraded,healthy,4,"[""s7_z_last"", ""s15_z_last"", ""s14_z_last"", ""s9_slope""]",s11_slope,0,0,False,False,0.0,0.0,False,1.0,0.0
nasa_fd001,u031_e0170,1,0,degraded,healthy,4,"[""s6_delta_mean"", ""s6_slope"", ""s7_z_last"", ""s13_slope""]",s4_slope,0,0,False,False,0.0,0.0,False,1.0,0.0
nasa_fd001,u031_e0170,1,1,degraded,healthy,4,"[""s6_delta_mean"", ""s6_slope"", ""s7_z_last"", ""s9_z_last""]",s4_slope,0,0,False,False,0.0,0.0,False,1.0,0.0
nasa_fd001,u031_e0170,1,2,healthy,healthy,4,"[""s6_delta_mean"", ""s6_slope"", ""s21_z_last"", ""s8_z_last""]",s4_slope,0,0,False,False,0.0,0.0,False,1.0,0.0
nasa_fd001,u031_e0170,1,3,healthy,healthy,4,"[""s6_delta_mean"", ""s6_slope"", ""s21_z_last"", ""s2_z_last""]",s4_slope,0,0,False,False,0.0,0.0,False,1.0,0.0
nasa_fd001,u031_e0170,1,4,healthy,healthy,4,"[""s6_delta_mean"", ""s6_slope"", ""s13_z_last"", ""s21_z_last""]",s4_slope,0,0,False,False,0.0,0.0,False,1.0,0.0
nasa_fd001,u031_e0180,1,0,degraded,healthy,3,"[""s12_delta_mean"", ""s11_delta_mean"", ""s7_slope""]",s21_delta_mean,0,2,False,True,0.0,0.6666666666666666,False,1.0,0.0
nasa_fd001,u031_e0180,1,1,degraded,healthy,4,"[""s12_delta_mean"", ""s11_delta_mean"", ""s7_slope"", ""s17_delta_mean""]",s21_delta_mean,0,2,False,True,0.0,0.5,False,1.0,0.0
nasa_fd001,u031_e0180,1,2,degraded,healthy,3,"[""s12_delta_mean"", ""s11_delta_mean"", ""s7_delta_mean""]",s21_delta_mean,0,2,False,True,0.0,0.6666666666666666,False,1.0,0.0
nasa_fd001,u031_e0180,1,3,degraded,healthy,3,"[""s12_delta_mean"", ""s11_delta_mean"", ""s7_slope""]",s21_delta_mean,0,2,False,True,0.0,0.6666666666666666,False,1.0,0.0
nasa_fd001,u031_e0180,1,4,degraded,healthy,4,"[""s12_delta_mean"", ""s12_slope"", ""s11_delta_mean"", ""s7_slope""]",s21_delta_mean,0,2,False,True,0.0,0.5,False,1.0,0.0
nasa_fd001,u031_e0210,1,0,degraded,degraded,4,"[""s8_delta_mean"", ""s8_slope"", ""s20_slope"", ""s20_delta_mean""]",s11_slope,0,0,False,False,0.0,0.0,False,1.0,0.0
nasa_fd001,u031_e0210,1,1,degraded,degraded,4,"[""s8_delta_mean"", ""s8_slope"", ""s20_slope"", ""s20_delta_mean""]",s11_slope,0,0,False,False,0.0,0.0,False,1.0,0.0
nasa_fd001,u031_e0210,1,2,degraded,degraded,4,"[""s8_delta_mean"", ""s8_slope"", ""s20_slope"", ""s13_slope""]",s11_slope,0,0,False,False,0.0,0.0,False,1.0,0.0
nasa_fd001,u031_e0210,1,3,degraded,degraded,4,"[""s8_delta_mean"", ""s8_slope"", ""s20_slope"", ""s20_delta_mean""]",s11_slope,0,0,False,False,0.0,0.0,False,1.0,0.0
nasa_fd001,u031_e0210,1,4,degraded,degraded,4,"[""s8_delta_mean"", ""s8_slope"", ""s20_slope"", ""s20_delta_mean""]",s11_slope,0,0,False,False,0.0,0.0,False,1.0,0.0
nasa_fd001,u032_e0090,1,0,healthy,healthy,3,"[""s21_z_last"", ""s15_delta_mean"", ""s3_z_last""]",s11_slope,0,0,False,False,0.0,0.0,False,1.0,0.0
nasa_fd001,u032_e0090,1,1,degraded,healthy,4,"[""s15_slope"", ""s21_slope"", ""s3_slope"", ""s17_z_last""]",s11_slope,0,0,False,False,0.0,0.0,False,1.0,0.0
nasa_fd001,u032_e0090,1,2,healthy,healthy,3,"[""s21_z_last"", ""s15_delta_mean"", ""s3_z_last""]",s11_slope,0,0,False,False,0.0,0.0,False,1.0,0.0
nasa_fd001,u032_e0090,1,3,healthy,healthy,4,"[""s21_z_last"", ""s15_slope"", ""s3_slope"", ""s7_z_last""]",s11_slope,0,0,False,False,0.0,0.0,False,1.0,0.0
nasa_fd001,u032_e0090,1,4,degraded,healthy,4,"[""s3_slope"", ""s15_slope"", ""s17_z_last"", ""s8_z_last""]",s11_slope,0,0,False,False,0.0,0.0,False,1.0,0.0
nasa_fd001,u032_e0140,1,0,healthy,healthy,4,"[""s2_z_last"", ""s13_delta_mean"", ""s14_z_last"", ""s7_slope""]",s11_slope,0,0,False,False,0.0,0.0,False,1.0,0.0
nasa_fd001,u032_e0140,1,1,healthy,healthy,4,"[""s2_z_last"", ""s13_delta_mean"", ""s14_z_last"", ""s7_slope""]",s11_slope,0,0,False,False,0.0,0.0,False,1.0,0.0
nasa_fd001,u032_e0140,1,2,healthy,healthy,4,"[""s2_z_last"", ""s13_delta_mean"", ""s14_z_last"", ""s7_slope""]",s11_slope,0,0,False,False,0.0,0.0,False,1.0,0.0
nasa_fd001,u032_e0140,1,3,healthy,healthy,4,"[""s2_z_last"", ""s13_delta_mean"", ""s14_z_last"", ""s7_slope""]",s11_slope,0,0,False,False,0.0,0.0,False,1.0,0.0
nasa_fd001,u032_e0140,1,4,healthy,healthy,3,"[""s2_z_last"", ""s13_delta_mean"", ""s14_z_last""]",s11_slope,0,0,False,False,0.0,0.0,False,1.0,0.0
nasa_fd001,u032_e0160,1,0,degraded,healthy,4,"[""s20_delta_mean"", ""s20_slope"", ""s17_slope"", ""s9_z_last""]",s21_delta_mean,0,1,False,True,0.0,0.25,False,1.0,0.0
nasa_fd001,u032_e0160,1,1,degraded,healthy,4,"[""s20_delta_mean"", ""s20_slope"", ""s17_slope"", ""s9_z_last""]",s21_delta_mean,0,1,False,True,0.0,0.25,False,1.0,0.0
nasa_fd001,u032_e0160,1,2,degraded,healthy,4,"[""s20_delta_mean"", ""s20_slope"", ""s21_z_last"", ""s17_slope""]",s21_delta_mean,0,1,False,True,0.0,0.25,False,1.0,0.0
nasa_fd001,u032_e0160,1,3,degraded,healthy,4,"[""s20_delta_mean"", ""s20_slope"", ""s21_z_last"", ""s17_slope""]",s21_delta_mean,0,1,False,True,0.0,0.25,False,1.0,0.0
nasa_fd001,u032_e0160,1,4,degraded,healthy,4,"[""s20_delta_mean"", ""s20_slope"", ""s17_slope"", ""s9_z_last""]",s21_delta_mean,0,1,False,True,0.0,0.25,False,1.0,0.0
nasa_fd001,u034_e0060,1,0,healthy,healthy,3,"[""s20_delta_mean"", ""s21_delta_mean"", ""s6_delta_mean""]",s11_slope,0,0,False,False,0.0,0.0,False,1.0,0.0
nasa_fd001,u034_e0060,1,1,healthy,healthy,4,"[""s20_delta_mean"", ""s20_slope"", ""s15_z_last"", ""s2_z_last""]",s11_slope,0,0,False,False,0.0,0.0,False,1.0,0.0
nasa_fd001,u034_e0060,1,2,healthy,healthy,4,"[""s20_delta_mean"", ""s21_delta_mean"", ""s15_delta_mean"", ""s6_delta_mean""]",s11_slope,0,0,False,False,0.0,0.0,False,1.0,0.0
nasa_fd001,u034_e0060,1,3,healthy,healthy,3,"[""s20_delta_mean"", ""s21_delta_mean"", ""s7_z_last""]",s11_slope,0,0,False,False,0.0,0.0,False,1.0,0.0
nasa_fd001,u034_e0060,1,4,healthy,healthy,3,"[""s20_delta_mean"", ""s20_slope"", ""s15_z_last""]",s11_slope,0,0,False,False,0.0,0.0,False,1.0,0.0
nasa_fd001,u034_e0090,1,0,healthy,healthy,3,"[""s15_z_last"", ""s21_slope"", ""s6_slope""]",s11_slope,0,0,False,False,0.0,0.0,False,1.0,0.0
nasa_fd001,u034_e0090,1,1,healthy,healthy,3,"[""s15_z_last"", ""s21_slope"", ""s6_slope""]",s11_slope,0,0,False,False,0.0,0.0,False,1.0,0.0
nasa_fd001,u034_e0090,1,2,healthy,healthy,3,"[""s15_z_last"", ""s21_slope"", ""s6_slope""]",s11_slope,0,0,False,False,0.0,0.0,False,1.0,0.0
nasa_fd001,u034_e0090,1,3,degraded,healthy,4,"[""s6_delta_mean"", ""s6_slope"", ""s21_slope"", ""s15_slope""]",s11_slope,0,0,False,False,0.0,0.0,False,1.0,0.0
nasa_fd001,u034_e0090,1,4,degraded,healthy,4,"[""s6_slope"", ""s21_slope"", ""s15_slope"", ""s4_slope""]",s11_slope,1,1,True,True,0.25,0.25,False,1.0,0.0
nasa_fd001,u034_e0100,1,0,healthy,healthy,4,"[""s12_z_last"", ""s8_z_last"", ""s7_z_last"", ""s3_slope""]",s11_slope,0,0,False,False,0.0,0.0,False,1.0,0.0
nasa_fd001,u034_e0100,1,1,healthy,healthy,4,"[""s8_z_last"", ""s7_z_last"", ""s12_z_last"", ""s3_slope""]",s11_slope,0,0,False,False,0.0,0.0,False,1.0,0.0
nasa_fd001,u034_e0100,1,2,healthy,healthy,4,"[""s3_z_last"", ""s12_z_last"", ""s8_z_last"", ""s7_z_last""]",s11_slope,0,0,False,False,0.0,0.0,False,1.0,0.0
nasa_fd001,u034_e0100,1,3,healthy,healthy,3,"[""s3_z_last"", ""s12_z_last"", ""s8_z_last""]",s11_slope,0,0,False,False,0.0,0.0,False,1.0,0.0
nasa_fd001,u034_e0100,1,4,healthy,healthy,4,"[""s8_z_last"", ""s12_z_last"", ""s7_z_last"", ""s3_z_last""]",s11_slope,0,0,False,False,0.0,0.0,False,1.0,0.0
nasa_fd001,u034_e0120,1,0,healthy,healthy,4,"[""s7_z_last"", ""s14_z_last"", ""s3_z_last"", ""s11_z_last""]",s11_slope,0,0,False,False,0.0,0.0,False,1.0,0.0
nasa_fd001,u034_e0120,1,1,healthy,healthy,4,"[""s7_z_last"", ""s14_z_last"", ""s3_z_last"", ""s11_z_last""]",s11_slope,0,0,False,False,0.0,0.0,False,1.0,0.0
nasa_fd001,u034_e0120,1,2,healthy,healthy,3,"[""s7_z_last"", ""s14_z_last"", ""s3_slope""]",s11_slope,0,0,False,False,0.0,0.0,False,1.0,0.0
nasa_fd001,u034_e0120,1,3,healthy,healthy,4,"[""s7_z_last"", ""s14_z_last"", ""s3_z_last"", ""s11_z_last""]",s11_slope,0,0,False,False,0.0,0.0,False,1.0,0.0
nasa_fd001,u034_e0120,1,4,healthy,healthy,4,"[""s7_z_last"", ""s14_z_last"", ""s11_z_last"", ""s3_z_last""]",s11_slope,0,0,False,False,0.0,0.0,False,1.0,0.0
nasa_fd001,u034_e0170,1,0,healthy,degraded,4,"[""s9_slope"", ""s14_slope"", ""s9_delta_mean"", ""s14_delta_mean""]",s4_slope,0,1,False,True,0.0,0.25,False,1.0,0.0
nasa_fd001,u034_e0170,1,1,healthy,degraded,4,"[""s9_slope"", ""s14_slope"", ""s9_delta_mean"", ""s14_delta_mean""]",s4_slope,0,1,False,True,0.0,0.25,False,1.0,0.0
nasa_fd001,u034_e0170,1,2,healthy,degraded,4,"[""s9_slope"", ""s14_slope"", ""s14_delta_mean"", ""s20_delta_mean""]",s4_slope,0,1,False,True,0.0,0.25,False,1.0,0.0
nasa_fd001,u034_e0170,1,3,healthy,degraded,4,"[""s9_slope"", ""s14_slope"", ""s9_delta_mean"", ""s14_delta_mean""]",s4_slope,0,1,False,True,0.0,0.25,False,1.0,0.0
nasa_fd001,u034_e0170,1,4,healthy,degraded,4,"[""s9_slope"", ""s14_slope"", ""s9_delta_mean"", ""s14_delta_mean""]",s4_slope,0,1,False,True,0.0,0.25,False,1.0,0.0
nasa_fd001,u040_e0050,1,0,degraded,healthy,4,"[""s15_z_last"", ""s17_delta_mean"", ""s17_slope"", ""s20_delta_mean""]",s11_slope,0,0,False,False,0.0,0.0,False,1.0,0.0
nasa_fd001,u040_e0050,1,1,healthy,healthy,4,"[""s15_z_last"", ""s17_delta_mean"", ""s17_slope"", ""s6_slope""]",s11_slope,0,0,False,False,0.0,0.0,False,0.75,0.25
nasa_fd001,u040_e0050,1,2,healthy,healthy,4,"[""s15_z_last"", ""s17_delta_mean"", ""s17_slope"", ""s6_slope""]",s11_slope,0,0,False,False,0.0,0.0,False,0.75,0.25
nasa_fd001,u040_e0050,1,3,healthy,healthy,4,"[""s15_z_last"", ""s17_delta_mean"", ""s17_slope"", ""s6_slope""]",s11_slope,0,0,False,False,0.0,0.0,False,0.75,0.25
nasa_fd001,u040_e0050,1,4,healthy,healthy,4,"[""s15_z_last"", ""s17_delta_mean"", ""s17_slope"", ""s6_slope""]",s11_slope,0,0,False,False,0.0,0.0,False,1.0,0.0
nasa_fd001,u040_e0080,1,0,degraded,healthy,4,"[""s7_delta_mean"", ""s7_z_last"", ""s7_slope"", ""s13_slope""]",s11_slope,0,0,False,False,0.0,0.0,False,1.0,0.0
nasa_fd001,u040_e0080,1,1,degraded,healthy,4,"[""s7_delta_mean"", ""s7_z_last"", ""s7_slope"", ""s13_slope""]",s11_slope,0,0,False,False,0.0,0.0,False,1.0,0.0
nasa_fd001,u040_e0080,1,2,degraded,healthy,4,"[""s7_delta_mean"", ""s7_z_last"", ""s7_slope"", ""s13_slope""]",s11_slope,0,0,False,False,0.0,0.0,False,1.0,0.0
nasa_fd001,u040_e0080,1,3,degraded,healthy,4,"[""s7_z_last"", ""s7_delta_mean"", ""s13_slope"", ""s11_slope""]",s11_slope,1,1,True,True,0.25,0.25,True,1.0,0.0
nasa_fd001,u040_e0080,1,4,degraded,healthy,4,"[""s7_delta_mean"", ""s7_z_last"", ""s13_slope"", ""s11_slope""]",s11_slope,1,1,True,True,0.25,0.25,True,1.0,0.0
nasa_fd001,u040_e0180,1,0,healthy,degraded,4,"[""s9_delta_mean"", ""s9_slope"", ""s14_delta_mean"", ""s14_slope""]",s4_slope,0,0,False,False,0.0,0.0,False,1.0,0.0
nasa_fd001,u040_e0180,1,1,healthy,degraded,4,"[""s9_slope"", ""s14_slope"", ""s15_z_last"", ""s20_delta_mean""]",s4_slope,0,0,False,False,0.0,0.0,False,1.0,0.0
nasa_fd001,u040_e0180,1,2,healthy,degraded,4,"[""s9_slope"", ""s14_delta_mean"", ""s7_delta_mean"", ""s20_delta_mean""]",s4_slope,0,0,False,False,0.0,0.0,False,1.0,0.0
nasa_fd001,u040_e0180,1,3,degraded,degraded,4,"[""s9_delta_mean"", ""s9_slope"", ""s14_delta_mean"", ""s14_slope""]",s4_slope,0,0,False,False,0.0,0.0,False,1.0,0.0
nasa_fd001,u040_e0180,1,4,healthy,degraded,4,"[""s9_slope"", ""s14_slope"", ""s9_delta_mean"", ""s14_delta_mean""]",s4_slope,0,0,False,False,0.0,0.0,False,1.0,0.0
nasa_fd001,u043_e0050,1,0,degraded,healthy,4,"[""s2_delta_mean"", ""s6_delta_mean"", ""s12_slope"", ""s3_z_last""]",s11_slope,0,0,False,False,0.0,0.0,False,1.0,0.0
nasa_fd001,u043_e0050,1,1,healthy,healthy,3,"[""s6_delta_mean"", ""s12_slope"", ""s21_z_last""]",s11_slope,0,0,False,False,0.0,0.0,False,1.0,0.0
nasa_fd001,u043_e0050,1,2,degraded,healthy,3,"[""s2_delta_mean"", ""s3_z_last"", ""s12_slope""]",s11_slope,0,0,False,False,0.0,0.0,False,1.0,0.0
nasa_fd001,u043_e0050,1,3,degraded,healthy,4,"[""s2_delta_mean"", ""s3_z_last"", ""s6_delta_mean"", ""s12_slope""]",s11_slope,0,0,False,False,0.0,0.0,False,1.0,0.0
nasa_fd001,u043_e0050,1,4,healthy,healthy,3,"[""s6_delta_mean"", ""s12_slope"", ""s3_z_last""]",s11_slope,0,0,False,False,0.0,0.0,False,1.0,0.0
nasa_fd001,u043_e0100,1,0,healthy,healthy,3,"[""s21_slope"", ""s12_z_last"", ""s17_z_last""]",s11_slope,0,0,False,False,0.0,0.0,False,1.0,0.0
nasa_fd001,u043_e0100,1,1,healthy,healthy,4,"[""s12_z_last"", ""s21_slope"", ""s17_z_last"", ""s2_slope""]",s11_slope,0,0,False,False,0.0,0.0,False,1.0,0.0
nasa_fd001,u043_e0100,1,2,healthy,healthy,4,"[""s21_delta_mean"", ""s12_z_last"", ""s17_z_last"", ""s2_slope""]",s11_slope,0,0,False,False,0.0,0.0,False,1.0,0.0
nasa_fd001,u043_e0100,1,3,healthy,healthy,3,"[""s21_slope"", ""s12_z_last"", ""s17_z_last""]",s11_slope,0,0,False,False,0.0,0.0,False,1.0,0.0
nasa_fd001,u043_e0100,1,4,healthy,healthy,3,"[""s12_z_last"", ""s21_slope"", ""s17_z_last""]",s11_slope,0,0,False,False,0.0,0.0,False,1.0,0.0
nasa_fd001,u043_e0130,1,0,degraded,healthy,4,"[""s6_delta_mean"", ""s6_slope"", ""s4_z_last"", ""s13_slope""]",s11_slope,0,0,False,False,0.0,0.0,False,1.0,0.0
nasa_fd001,u043_e0130,1,1,degraded,healthy,4,"[""s6_delta_mean"", ""s6_slope"", ""s4_z_last"", ""s3_slope""]",s11_slope,0,0,False,False,0.0,0.0,False,1.0,0.0
nasa_fd001,u043_e0130,1,2,degraded,healthy,4,"[""s6_delta_mean"", ""s6_slope"", ""s4_z_last"", ""s13_slope""]",s11_slope,0,0,False,False,0.0,0.0,False,1.0,0.0
nasa_fd001,u043_e0130,1,3,degraded,healthy,4,"[""s6_slope"", ""s4_z_last"", ""s3_slope"", ""s21_z_last""]",s11_slope,0,0,False,False,0.0,0.0,False,1.0,0.0
nasa_fd001,u043_e0130,1,4,degraded,healthy,4,"[""s6_delta_mean"", ""s6_slope"", ""s4_z_last"", ""s3_slope""]",s11_slope,0,0,False,False,0.0,0.0,False,1.0,0.0
nasa_fd001,u043_e0140,1,0,degraded,healthy,4,"[""s13_delta_mean"", ""s13_slope"", ""s4_z_last"", ""s9_z_last""]",s4_slope,0,0,False,False,0.0,0.0,False,1.0,0.0
nasa_fd001,u043_e0140,1,1,degraded,healthy,4,"[""s13_delta_mean"", ""s13_slope"", ""s4_z_last"", ""s12_z_last""]",s4_slope,0,0,False,False,0.0,0.0,False,1.0,0.0
nasa_fd001,u043_e0140,1,2,degraded,healthy,4,"[""s13_delta_mean"", ""s13_slope"", ""s4_z_last"", ""s12_z_last""]",s4_slope,0,0,False,False,0.0,0.0,False,1.0,0.0
nasa_fd001,u043_e0140,1,3,degraded,healthy,4,"[""s13_delta_mean"", ""s13_slope"", ""s4_z_last"", ""s12_z_last""]",s4_slope,0,0,False,False,0.0,0.0,False,1.0,0.0
nasa_fd001,u043_e0140,1,4,degraded,healthy,4,"[""s13_delta_mean"", ""s13_slope"", ""s4_z_last"", ""s9_z_last""]",s4_slope,0,0,False,False,0.0,0.0,False,1.0,0.0
nasa_fd001,u043_e0180,1,0,degraded,degraded,4,"[""s8_slope"", ""s8_delta_mean"", ""s15_delta_mean"", ""s15_slope""]",s11_slope,0,0,False,False,0.0,0.0,False,1.0,0.0
nasa_fd001,u043_e0180,1,1,degraded,degraded,4,"[""s8_slope"", ""s8_delta_mean"", ""s13_delta_mean"", ""s15_delta_mean""]",s11_slope,0,0,False,False,0.0,0.0,False,1.0,0.0
nasa_fd001,u043_e0180,1,2,degraded,degraded,4,"[""s8_slope"", ""s8_delta_mean"", ""s15_delta_mean"", ""s15_slope""]",s11_slope,0,0,False,False,0.0,0.0,False,1.0,0.0
nasa_fd001,u043_e0180,1,3,degraded,degraded,4,"[""s8_slope"", ""s8_delta_mean"", ""s15_delta_mean"", ""s15_slope""]",s11_slope,0,0,False,False,0.0,0.0,False,1.0,0.0
nasa_fd001,u043_e0180,1,4,degraded,degraded,4,"[""s8_slope"", ""s8_delta_mean"", ""s13_delta_mean"", ""s15_delta_mean""]",s11_slope,0,0,False,False,0.0,0.0,False,1.0,0.0
nasa_fd001,u043_e0190,1,0,degraded,degraded,4,"[""s13_slope"", ""s7_slope"", ""s8_slope"", ""s11_delta_mean""]",s11_slope,1,1,True,True,0.25,0.25,False,1.0,0.0
nasa_fd001,u043_e0190,1,1,degraded,degraded,4,"[""s13_delta_mean"", ""s7_delta_mean"", ""s8_slope"", ""s11_delta_mean""]",s11_slope,1,1,True,True,0.25,0.25,False,1.0,0.0
nasa_fd001,u043_e0190,1,2,degraded,degraded,4,"[""s13_delta_mean"", ""s7_delta_mean"", ""s11_delta_mean"", ""s8_delta_mean""]",s11_slope,1,1,True,True,0.25,0.25,False,1.0,0.0
nasa_fd001,u043_e0190,1,3,degraded,degraded,4,"[""s13_delta_mean"", ""s7_slope"", ""s11_delta_mean"", ""s8_slope""]",s11_slope,1,1,True,True,0.25,0.25,False,1.0,0.0
nasa_fd001,u043_e0190,1,4,degraded,degraded,4,"[""s13_slope"", ""s7_slope"", ""s8_slope"", ""s11_slope""]",s11_slope,1,1,True,True,0.25,0.25,True,1.0,0.0
nasa_fd001,u045_e0050,1,0,healthy,healthy,4,"[""s2_delta_mean"", ""s6_slope"", ""s12_z_last"", ""s15_z_last""]",s11_slope,0,0,False,False,0.0,0.0,False,1.0,0.0
nasa_fd001,u045_e0050,1,1,healthy,healthy,4,"[""s2_delta_mean"", ""s6_slope"", ""s12_z_last"", ""s15_z_last""]",s11_slope,0,0,False,False,0.0,0.0,False,1.0,0.0
nasa_fd001,u045_e0050,1,2,healthy,healthy,4,"[""s2_z_last"", ""s6_slope"", ""s11_z_last"", ""s21_z_last""]",s11_slope,0,0,False,False,0.0,0.0,False,1.0,0.0
nasa_fd001,u045_e0050,1,3,healthy,healthy,3,"[""s2_delta_mean"", ""s6_slope"", ""s12_z_last""]",s11_slope,0,0,False,False,0.0,0.0,False,1.0,0.0
nasa_fd001,u045_e0050,1,4,healthy,healthy,4,"[""s2_z_last"", ""s6_slope"", ""s12_z_last"", ""s21_z_last""]",s11_slope,0,0,False,False,0.0,0.0,False,1.0,0.0
nasa_fd001,u045_e0090,1,0,healthy,healthy,4,"[""s6_delta_mean"", ""s6_slope"", ""s20_delta_mean"", ""s14_z_last""]",s11_slope,0,1,False,True,0.0,0.25,False,1.0,0.0
nasa_fd001,u045_e0090,1,1,healthy,healthy,4,"[""s6_delta_mean"", ""s6_slope"", ""s20_delta_mean"", ""s14_z_last""]",s11_slope,0,1,False,True,0.0,0.25,False,1.0,0.0
nasa_fd001,u045_e0090,1,2,healthy,healthy,4,"[""s6_delta_mean"", ""s6_slope"", ""s20_delta_mean"", ""s14_z_last""]",s11_slope,0,1,False,True,0.0,0.25,False,1.0,0.0
nasa_fd001,u045_e0090,1,3,healthy,healthy,4,"[""s6_slope"", ""s3_slope"", ""s20_delta_mean"", ""s14_z_last""]",s11_slope,0,1,False,True,0.0,0.25,False,1.0,0.0
nasa_fd001,u045_e0090,1,4,healthy,healthy,4,"[""s6_delta_mean"", ""s6_slope"", ""s20_delta_mean"", ""s11_z_last""]",s11_slope,0,1,False,True,0.0,0.25,False,1.0,0.0
nasa_fd001,u045_e0100,1,0,healthy,healthy,4,"[""s21_z_last"", ""s11_z_last"", ""s17_z_last"", ""s6_slope""]",s11_slope,0,0,False,False,0.0,0.0,False,1.0,0.0
nasa_fd001,u045_e0100,1,1,healthy,healthy,4,"[""s21_z_last"", ""s17_z_last"", ""s3_slope"", ""s20_z_last""]",s11_slope,0,0,False,False,0.0,0.0,False,1.0,0.0
nasa_fd001,u045_e0100,1,2,healthy,healthy,4,"[""s21_z_last"", ""s17_z_last"", ""s3_slope"", ""s20_z_last""]",s11_slope,0,0,False,False,0.0,0.0,False,1.0,0.0
nasa_fd001,u045_e0100,1,3,healthy,healthy,4,"[""s21_z_last"", ""s17_z_last"", ""s3_slope"", ""s20_z_last""]",s11_slope,0,0,False,False,0.0,0.0,False,1.0,0.0
nasa_fd001,u045_e0100,1,4,healthy,healthy,4,"[""s21_z_last"", ""s17_z_last"", ""s3_slope"", ""s20_z_last""]",s11_slope,0,0,False,False,0.0,0.0,False,1.0,0.0
nasa_fd001,u046_e0070,1,0,degraded,healthy,4,"[""s6_delta_mean"", ""s6_slope"", ""s3_z_last"", ""s11_z_last""]",s11_slope,0,0,False,False,0.0,0.0,False,1.0,0.0
nasa_fd001,u046_e0070,1,1,degraded,healthy,4,"[""s6_delta_mean"", ""s6_slope"", ""s3_z_last"", ""s11_z_last""]",s11_slope,0,0,False,False,0.0,0.0,False,1.0,0.0
nasa_fd001,u046_e0070,1,2,degraded,healthy,4,"[""s6_delta_mean"", ""s6_slope"", ""s3_z_last"", ""s11_z_last""]",s11_slope,0,0,False,False,0.0,0.0,False,1.0,0.0
nasa_fd001,u046_e0070,1,3,degraded,healthy,4,"[""s6_delta_mean"", ""s6_slope"", ""s3_z_last"", ""s12_z_last""]",s11_slope,0,0,False,False,0.0,0.0,False,1.0,0.0
nasa_fd001,u046_e0070,1,4,degraded,healthy,4,"[""s6_delta_mean"", ""s6_slope"", ""s3_z_last"", ""s11_z_last""]",s11_slope,0,0,False,False,0.0,0.0,False,1.0,0.0
nasa_fd001,u046_e0090,1,0,degraded,healthy,4,"[""s6_slope"", ""s6_delta_mean"", ""s7_z_last"", ""s3_slope""]",s11_slope,0,0,False,False,0.0,0.0,False,1.0,0.0
nasa_fd001,u046_e0090,1,1,degraded,healthy,4,"[""s6_slope"", ""s6_delta_mean"", ""s7_delta_mean"", ""s3_slope""]",s11_slope,0,0,False,False,0.0,0.0,False,1.0,0.0
nasa_fd001,u046_e0090,1,2,degraded,healthy,4,"[""s6_slope"", ""s6_delta_mean"", ""s7_delta_mean"", ""s3_slope""]",s11_slope,0,0,False,False,0.0,0.0,False,1.0,0.0
nasa_fd001,u046_e0090,1,3,degraded,healthy,4,"[""s6_delta_mean"", ""s6_slope"", ""s7_delta_mean"", ""s3_slope""]",s11_slope,0,0,False,False,0.0,0.0,False,1.0,0.0
nasa_fd001,u046_e0090,1,4,degraded,healthy,3,"[""s6_delta_mean"", ""s6_slope"", ""s7_delta_mean""]",s11_slope,0,0,False,False,0.0,0.0,False,1.0,0.0
nasa_fd001,u046_e0150,1,0,degraded,healthy,4,"[""s4_delta_mean"", ""s4_slope"", ""s11_z_last"", ""s21_z_last""]",s11_slope,1,1,True,True,0.25,0.25,False,1.0,0.0
nasa_fd001,u046_e0150,1,1,degraded,healthy,4,"[""s4_slope"", ""s11_z_last"", ""s12_slope"", ""s21_z_last""]",s11_slope,1,1,True,True,0.25,0.25,False,1.0,0.0
nasa_fd001,u046_e0150,1,2,degraded,healthy,4,"[""s4_delta_mean"", ""s4_slope"", ""s11_z_last"", ""s15_z_last""]",s11_slope,1,1,True,True,0.25,0.25,False,1.0,0.0
nasa_fd001,u046_e0150,1,3,degraded,healthy,4,"[""s4_delta_mean"", ""s4_slope"", ""s11_z_last"", ""s15_z_last""]",s11_slope,1,1,True,True,0.25,0.25,False,1.0,0.0
nasa_fd001,u046_e0150,1,4,degraded,healthy,4,"[""s4_delta_mean"", ""s4_slope"", ""s11_z_last"", ""s13_slope""]",s11_slope,1,1,True,True,0.25,0.25,False,1.0,0.0
nasa_fd001,u046_e0170,1,0,healthy,healthy,3,"[""s8_z_last"", ""s21_delta_mean"", ""s2_z_last""]",s15_slope,1,1,True,True,0.3333333333333333,0.3333333333333333,False,1.0,0.0
nasa_fd001,u046_e0170,1,1,healthy,healthy,3,"[""s8_z_last"", ""s21_delta_mean"", ""s2_z_last""]",s15_slope,1,1,True,True,0.3333333333333333,0.3333333333333333,False,1.0,0.0
nasa_fd001,u046_e0170,1,2,healthy,healthy,3,"[""s8_z_last"", ""s2_z_last"", ""s21_delta_mean""]",s15_slope,1,1,True,True,0.3333333333333333,0.3333333333333333,False,1.0,0.0
nasa_fd001,u046_e0170,1,3,healthy,healthy,4,"[""s8_z_last"", ""s2_z_last"", ""s21_delta_mean"", ""s11_z_last""]",s15_slope,1,1,True,True,0.25,0.25,False,1.0,0.0
nasa_fd001,u046_e0170,1,4,healthy,healthy,3,"[""s8_z_last"", ""s21_delta_mean"", ""s2_z_last""]",s15_slope,1,1,True,True,0.3333333333333333,0.3333333333333333,False,1.0,0.0
nasa_fd001,u046_e0180,1,0,healthy,healthy,4,"[""s13_delta_mean"", ""s8_z_last"", ""s7_z_last"", ""s17_z_last""]",s21_delta_mean,0,0,False,False,0.0,0.0,False,1.0,0.0
nasa_fd001,u046_e0180,1,1,healthy,healthy,4,"[""s8_z_last"", ""s13_delta_mean"", ""s7_z_last"", ""s4_z_last""]",s21_delta_mean,0,0,False,False,0.0,0.0,False,1.0,0.0
nasa_fd001,u046_e0180,1,2,degraded,healthy,4,"[""s7_z_last"", ""s13_delta_mean"", ""s4_slope"", ""s17_slope""]",s21_delta_mean,0,1,False,True,0.0,0.25,False,1.0,0.0
nasa_fd001,u046_e0180,1,3,degraded,healthy,4,"[""s7_z_last"", ""s8_z_last"", ""s13_delta_mean"", ""s17_z_last""]",s21_delta_mean,0,0,False,False,0.0,0.0,False,1.0,0.0
nasa_fd001,u046_e0180,1,4,healthy,healthy,4,"[""s13_delta_mean"", ""s8_slope"", ""s7_z_last"", ""s17_z_last""]",s21_delta_mean,0,0,False,False,0.0,0.0,False,1.0,0.0
nasa_fd001,u046_e0190,1,0,healthy,healthy,3,"[""s21_delta_mean"", ""s15_z_last"", ""s2_z_last""]",s4_slope,1,1,True,True,0.3333333333333333,0.3333333333333333,False,1.0,0.0
nasa_fd001,u046_e0190,1,1,degraded,healthy,4,"[""s21_slope"", ""s21_delta_mean"", ""s12_slope"", ""s13_slope""]",s4_slope,1,2,True,True,0.25,0.5,False,1.0,0.0
nasa_fd001,u046_e0190,1,2,degraded,healthy,4,"[""s21_slope"", ""s12_slope"", ""s9_slope"", ""s8_slope""]",s4_slope,0,1,False,True,0.0,0.25,False,1.0,0.0
nasa_fd001,u046_e0190,1,3,degraded,healthy,4,"[""s21_delta_mean"", ""s21_slope"", ""s12_slope"", ""s8_slope""]",s4_slope,1,2,True,True,0.25,0.5,False,1.0,0.0
nasa_fd001,u046_e0190,1,4,degraded,healthy,4,"[""s21_slope"", ""s12_slope"", ""s7_delta_mean"", ""s9_slope""]",s4_slope,0,1,False,True,0.0,0.25,False,0.75,0.25
nasa_fd001,u054_e0070,1,0,healthy,healthy,3,"[""s6_slope"", ""s7_delta_mean"", ""s15_slope""]",s11_slope,0,1,False,True,0.0,0.3333333333333333,False,1.0,0.0
nasa_fd001,u054_e0070,1,1,healthy,healthy,4,"[""s6_slope"", ""s7_delta_mean"", ""s15_delta_mean"", ""s3_slope""]",s11_slope,0,0,False,False,0.0,0.0,False,1.0,0.0
nasa_fd001,u054_e0070,1,2,healthy,healthy,4,"[""s6_slope"", ""s7_delta_mean"", ""s15_delta_mean"", ""s17_delta_mean""]",s11_slope,0,0,False,False,0.0,0.0,False,1.0,0.0
nasa_fd001,u054_e0070,1,3,healthy,healthy,3,"[""s6_slope"", ""s7_delta_mean"", ""s15_slope""]",s11_slope,0,1,False,True,0.0,0.3333333333333333,False,1.0,0.0
nasa_fd001,u054_e0070,1,4,healthy,healthy,3,"[""s6_slope"", ""s7_delta_mean"", ""s15_slope""]",s11_slope,0,1,False,True,0.0,0.3333333333333333,False,1.0,0.0
nasa_fd001,u054_e0100,1,0,degraded,healthy,4,"[""s15_delta_mean"", ""s15_slope"", ""s17_z_last"", ""s12_delta_mean""]",s11_slope,0,1,False,True,0.0,0.25,False,1.0,0.0
nasa_fd001,u054_e0100,1,1,degraded,healthy,4,"[""s11_slope"", ""s15_slope"", ""s17_delta_mean"", ""s3_z_last""]",s11_slope,1,2,True,True,0.25,0.5,True,1.0,0.0
nasa_fd001,u054_e0100,1,2,healthy,healthy,4,"[""s17_delta_mean"", ""s7_z_last"", ""s3_z_last"", ""s15_slope""]",s11_slope,0,1,False,True,0.0,0.25,False,1.0,0.0
nasa_fd001,u054_e0100,1,3,healthy,healthy,4,"[""s17_delta_mean"", ""s7_z_last"", ""s15_slope"", ""s3_z_last""]",s11_slope,0,1,False,True,0.0,0.25,False,1.0,0.0
nasa_fd001,u054_e0100,1,4,degraded,healthy,4,"[""s11_slope"", ""s15_slope"", ""s17_slope"", ""s12_delta_mean""]",s11_slope,1,2,True,True,0.25,0.5,True,1.0,0.0
nasa_fd001,u054_e0150,1,0,degraded,healthy,4,"[""s6_z_last"", ""s6_slope"", ""s13_delta_mean"", ""s15_slope""]",s11_slope,0,1,False,True,0.0,0.25,False,1.0,0.0
nasa_fd001,u054_e0150,1,1,healthy,healthy,4,"[""s6_z_last"", ""s6_slope"", ""s13_slope"", ""s12_delta_mean""]",s11_slope,0,1,False,True,0.0,0.25,False,1.0,0.0
nasa_fd001,u054_e0150,1,2,degraded,healthy,4,"[""s6_z_last"", ""s13_delta_mean"", ""s15_slope"", ""s3_slope""]",s11_slope,0,1,False,True,0.0,0.25,False,1.0,0.0
nasa_fd001,u054_e0150,1,3,degraded,healthy,4,"[""s6_z_last"", ""s6_slope"", ""s13_slope"", ""s15_slope""]",s11_slope,0,1,False,True,0.0,0.25,False,1.0,0.0
nasa_fd001,u054_e0150,1,4,healthy,healthy,4,"[""s6_z_last"", ""s13_slope"", ""s12_delta_mean"", ""s21_z_last""]",s11_slope,0,1,False,True,0.0,0.25,False,1.0,0.0
nasa_fd001,u054_e0250,1,0,degraded,degraded,4,"[""s9_slope"", ""s14_slope"", ""s12_slope"", ""s21_delta_mean""]",s4_slope,0,1,False,True,0.0,0.25,False,1.0,0.0
nasa_fd001,u054_e0250,1,1,degraded,degraded,4,"[""s9_slope"", ""s14_delta_mean"", ""s14_slope"", ""s12_slope""]",s4_slope,0,0,False,False,0.0,0.0,False,1.0,0.0
nasa_fd001,u054_e0250,1,2,degraded,degraded,4,"[""s9_slope"", ""s14_slope"", ""s14_delta_mean"", ""s12_slope""]",s4_slope,0,0,False,False,0.0,0.0,False,1.0,0.0
nasa_fd001,u054_e0250,1,3,degraded,degraded,4,"[""s9_slope"", ""s14_slope"", ""s14_delta_mean"", ""s12_slope""]",s4_slope,0,0,False,False,0.0,0.0,False,1.0,0.0
nasa_fd001,u054_e0250,1,4,degraded,degraded,3,"[""s9_slope"", ""s14_slope"", ""s21_delta_mean""]",s4_slope,0,1,False,True,0.0,0.3333333333333333,False,1.0,0.0
nasa_fd001,u056_e0070,1,0,degraded,healthy,4,"[""s4_slope"", ""s15_slope"", ""s17_slope"", ""s7_z_last""]",s11_slope,1,2,True,True,0.25,0.5,False,1.0,0.0
nasa_fd001,u056_e0070,1,1,degraded,healthy,4,"[""s15_z_last"", ""s17_delta_mean"", ""s7_z_last"", ""s20_z_last""]",s11_slope,0,0,False,False,0.0,0.0,False,1.0,0.0
nasa_fd001,u056_e0070,1,2,degraded,healthy,4,"[""s15_z_last"", ""s17_delta_mean"", ""s7_z_last"", ""s20_delta_mean""]",s11_slope,0,0,False,False,0.0,0.0,False,1.0,0.0
nasa_fd001,u056_e0070,1,3,healthy,healthy,4,"[""s15_z_last"", ""s17_delta_mean"", ""s7_z_last"", ""s20_z_last""]",s11_slope,0,0,False,False,0.0,0.0,False,1.0,0.0
nasa_fd001,u056_e0070,1,4,healthy,healthy,4,"[""s15_z_last"", ""s17_delta_mean"", ""s7_z_last"", ""s20_z_last""]",s11_slope,0,0,False,False,0.0,0.0,False,1.0,0.0
nasa_fd001,u056_e0080,1,0,degraded,healthy,4,"[""s4_slope"", ""s15_slope"", ""s13_slope"", ""s11_slope""]",s11_slope,2,3,True,True,0.5,0.75,True,1.0,0.0
nasa_fd001,u056_e0080,1,1,degraded,healthy,4,"[""s4_slope"", ""s15_slope"", ""s13_slope"", ""s7_slope""]",s11_slope,1,2,True,True,0.25,0.5,False,1.0,0.0
nasa_fd001,u056_e0080,1,2,degraded,healthy,4,"[""s4_slope"", ""s15_slope"", ""s13_slope"", ""s11_slope""]",s11_slope,2,3,True,True,0.5,0.75,True,1.0,0.0
nasa_fd001,u056_e0080,1,3,degraded,healthy,4,"[""s15_slope"", ""s4_slope"", ""s13_slope"", ""s11_slope""]",s11_slope,2,3,True,True,0.5,0.75,True,1.0,0.0
nasa_fd001,u056_e0080,1,4,degraded,healthy,4,"[""s15_slope"", ""s4_slope"", ""s13_slope"", ""s11_slope""]",s11_slope,2,3,True,True,0.5,0.75,True,1.0,0.0
nasa_fd001,u056_e0110,1,0,healthy,healthy,4,"[""s3_slope"", ""s8_slope"", ""s20_delta_mean"", ""s7_slope""]",s11_slope,0,0,False,False,0.0,0.0,False,1.0,0.0
nasa_fd001,u056_e0110,1,1,degraded,healthy,4,"[""s3_slope"", ""s8_slope"", ""s20_z_last"", ""s12_delta_mean""]",s11_slope,0,1,False,True,0.0,0.25,False,1.0,0.0
nasa_fd001,u056_e0110,1,2,degraded,healthy,4,"[""s3_slope"", ""s8_slope"", ""s7_delta_mean"", ""s20_z_last""]",s11_slope,0,0,False,False,0.0,0.0,False,1.0,0.0
nasa_fd001,u056_e0110,1,3,degraded,healthy,4,"[""s3_slope"", ""s8_slope"", ""s20_z_last"", ""s7_slope""]",s11_slope,0,0,False,False,0.0,0.0,False,1.0,0.0
nasa_fd001,u056_e0110,1,4,healthy,healthy,4,"[""s3_slope"", ""s8_slope"", ""s12_delta_mean"", ""s20_z_last""]",s11_slope,0,1,False,True,0.0,0.25,False,1.0,0.0
nasa_fd001,u056_e0190,1,0,healthy,healthy,4,"[""s9_z_last"", ""s7_z_last"", ""s8_z_last"", ""s13_delta_mean""]",s11_slope,0,0,False,False,0.0,0.0,False,1.0,0.0
nasa_fd001,u056_e0190,1,1,degraded,healthy,3,"[""s8_z_last"", ""s13_slope"", ""s7_delta_mean""]",s11_slope,0,0,False,False,0.0,0.0,False,1.0,0.0
nasa_fd001,u056_e0190,1,2,degraded,healthy,4,"[""s8_slope"", ""s13_slope"", ""s17_slope"", ""s7_z_last""]",s11_slope,0,0,False,False,0.0,0.0,False,1.0,0.0
nasa_fd001,u056_e0190,1,3,degraded,healthy,4,"[""s8_slope"", ""s13_slope"", ""s17_slope"", ""s7_slope""]",s11_slope,0,0,False,False,0.0,0.0,False,1.0,0.0
nasa_fd001,u056_e0190,1,4,degraded,healthy,3,"[""s8_z_last"", ""s13_slope"", ""s7_slope""]",s11_slope,0,0,False,False,0.0,0.0,False,1.0,0.0
nasa_fd001,u056_e0240,1,0,degraded,healthy,4,"[""s9_delta_mean"", ""s9_slope"", ""s14_delta_mean"", ""s14_slope""]",s7_delta_mean,0,0,False,False,0.0,0.0,False,1.0,0.0
nasa_fd001,u056_e0240,1,1,degraded,healthy,3,"[""s9_delta_mean"", ""s14_delta_mean"", ""s21_z_last""]",s7_delta_mean,0,0,False,False,0.0,0.0,False,1.0,0.0
nasa_fd001,u056_e0240,1,2,degraded,healthy,4,"[""s9_delta_mean"", ""s9_slope"", ""s14_delta_mean"", ""s21_z_last""]",s7_delta_mean,0,0,False,False,0.0,0.0,False,1.0,0.0
nasa_fd001,u056_e0240,1,3,degraded,healthy,4,"[""s9_delta_mean"", ""s14_delta_mean"", ""s9_slope"", ""s14_slope""]",s7_delta_mean,0,0,False,False,0.0,0.0,False,1.0,0.0
nasa_fd001,u056_e0240,1,4,degraded,healthy,4,"[""s9_delta_mean"", ""s9_slope"", ""s14_delta_mean"", ""s21_z_last""]",s7_delta_mean,0,0,False,False,0.0,0.0,False,1.0,0.0
nasa_fd001,u056_e0260,1,0,degraded,degraded,4,"[""s9_slope"", ""s14_slope"", ""s9_delta_mean"", ""s14_delta_mean""]",s7_slope,0,1,False,True,0.0,0.25,False,1.0,0.0
nasa_fd001,u056_e0260,1,1,degraded,degraded,4,"[""s9_slope"", ""s14_slope"", ""s9_delta_mean"", ""s14_delta_mean""]",s7_slope,0,1,False,True,0.0,0.25,False,1.0,0.0
nasa_fd001,u056_e0260,1,2,degraded,degraded,4,"[""s9_slope"", ""s14_slope"", ""s9_delta_mean"", ""s14_delta_mean""]",s7_slope,0,1,False,True,0.0,0.25,False,1.0,0.0
nasa_fd001,u056_e0260,1,3,degraded,degraded,3,"[""s9_slope"", ""s14_slope"", ""s9_delta_mean""]",s7_slope,0,1,False,True,0.0,0.3333333333333333,False,1.0,0.0
nasa_fd001,u056_e0260,1,4,degraded,degraded,4,"[""s9_slope"", ""s14_slope"", ""s9_delta_mean"", ""s14_delta_mean""]",s7_slope,0,1,False,True,0.0,0.25,False,1.0,0.0
nasa_fd001,u070_e0120,1,0,degraded,degraded,4,"[""s2_delta_mean"", ""s11_delta_mean"", ""s3_slope"", ""s21_delta_mean""]",s11_slope,1,2,True,True,0.25,0.5,False,1.0,0.0
nasa_fd001,u070_e0120,1,1,degraded,degraded,4,"[""s2_delta_mean"", ""s11_delta_mean"", ""s3_slope"", ""s15_z_last""]",s11_slope,1,1,True,True,0.25,0.25,False,1.0,0.0
nasa_fd001,u070_e0120,1,2,degraded,degraded,4,"[""s11_delta_mean"", ""s3_slope"", ""s2_delta_mean"", ""s21_delta_mean""]",s11_slope,1,2,True,True,0.25,0.5,False,1.0,0.0
nasa_fd001,u070_e0120,1,3,degraded,degraded,4,"[""s11_delta_mean"", ""s3_slope"", ""s2_delta_mean"", ""s15_z_last""]",s11_slope,1,1,True,True,0.25,0.25,False,1.0,0.0
nasa_fd001,u070_e0120,1,4,degraded,degraded,4,"[""s2_delta_mean"", ""s11_delta_mean"", ""s3_slope"", ""s21_delta_mean""]",s11_slope,1,2,True,True,0.25,0.5,False,1.0,0.0
nasa_fd001,u071_e0190,1,0,degraded,degraded,4,"[""s9_slope"", ""s9_delta_mean"", ""s14_slope"", ""s14_delta_mean""]",s20_z_last,0,0,False,False,0.0,0.0,False,1.0,0.0
nasa_fd001,u071_e0190,1,1,degraded,degraded,4,"[""s9_slope"", ""s9_delta_mean"", ""s14_slope"", ""s14_delta_mean""]",s20_z_last,0,0,False,False,0.0,0.0,False,1.0,0.0
nasa_fd001,u071_e0190,1,2,degraded,degraded,4,"[""s9_slope"", ""s9_delta_mean"", ""s14_slope"", ""s14_delta_mean""]",s20_z_last,0,0,False,False,0.0,0.0,False,1.0,0.0
nasa_fd001,u071_e0190,1,3,degraded,degraded,4,"[""s9_slope"", ""s9_delta_mean"", ""s14_slope"", ""s14_delta_mean""]",s20_z_last,0,0,False,False,0.0,0.0,False,1.0,0.0
nasa_fd001,u071_e0190,1,4,degraded,degraded,4,"[""s9_delta_mean"", ""s9_slope"", ""s14_delta_mean"", ""s14_slope""]",s20_z_last,0,0,False,False,0.0,0.0,False,1.0,0.0
nasa_fd001,u074_e0100,1,0,healthy,healthy,4,"[""s13_z_last"", ""s15_z_last"", ""s14_z_last"", ""s21_slope""]",s11_slope,0,0,False,False,0.0,0.0,False,1.0,0.0
nasa_fd001,u074_e0100,1,1,degraded,healthy,4,"[""s14_z_last"", ""s17_slope"", ""s8_slope"", ""s13_z_last""]",s11_slope,0,1,False,True,0.0,0.25,False,1.0,0.0
nasa_fd001,u074_e0100,1,2,healthy,healthy,3,"[""s13_z_last"", ""s15_z_last"", ""s14_z_last""]",s11_slope,0,0,False,False,0.0,0.0,False,1.0,0.0
nasa_fd001,u074_e0100,1,3,degraded,healthy,4,"[""s14_z_last"", ""s17_slope"", ""s8_slope"", ""s13_z_last""]",s11_slope,0,1,False,True,0.0,0.25,False,1.0,0.0
nasa_fd001,u074_e0100,1,4,healthy,healthy,4,"[""s13_z_last"", ""s15_z_last"", ""s14_z_last"", ""s3_z_last""]",s11_slope,0,0,False,False,0.0,0.0,False,0.75,0.25
nasa_fd001,u077_e0070,1,0,healthy,healthy,4,"[""s6_delta_mean"", ""s6_slope"", ""s20_delta_mean"", ""s4_z_last""]",s11_slope,0,0,False,False,0.0,0.0,False,1.0,0.0
nasa_fd001,u077_e0070,1,1,healthy,healthy,3,"[""s6_slope"", ""s20_delta_mean"", ""s4_z_last""]",s11_slope,0,0,False,False,0.0,0.0,False,1.0,0.0
nasa_fd001,u077_e0070,1,2,healthy,healthy,3,"[""s6_slope"", ""s6_delta_mean"", ""s20_delta_mean""]",s11_slope,0,0,False,False,0.0,0.0,False,1.0,0.0
nasa_fd001,u077_e0070,1,3,healthy,healthy,4,"[""s6_delta_mean"", ""s6_slope"", ""s20_delta_mean"", ""s4_z_last""]",s11_slope,0,0,False,False,0.0,0.0,False,1.0,0.0
nasa_fd001,u077_e0070,1,4,healthy,healthy,4,"[""s6_delta_mean"", ""s6_slope"", ""s20_delta_mean"", ""s4_z_last""]",s11_slope,0,0,False,False,0.0,0.0,False,1.0,0.0
nasa_fd001,u077_e0130,1,0,degraded,healthy,4,"[""s11_delta_mean"", ""s11_slope"", ""s12_delta_mean"", ""s12_slope""]",s11_slope,2,2,True,True,0.5,0.5,True,1.0,0.0
nasa_fd001,u077_e0130,1,1,healthy,healthy,4,"[""s12_delta_mean"", ""s12_slope"", ""s14_z_last"", ""s17_z_last""]",s11_slope,0,0,False,False,0.0,0.0,False,1.0,0.0
nasa_fd001,u077_e0130,1,2,degraded,healthy,4,"[""s11_delta_mean"", ""s11_slope"", ""s12_delta_mean"", ""s12_slope""]",s11_slope,2,2,True,True,0.5,0.5,True,1.0,0.0
nasa_fd001,u077_e0130,1,3,healthy,healthy,4,"[""s12_delta_mean"", ""s14_z_last"", ""s17_z_last"", ""s21_delta_mean""]",s11_slope,0,0,False,False,0.0,0.0,False,1.0,0.0
nasa_fd001,u077_e0130,1,4,healthy,healthy,4,"[""s12_delta_mean"", ""s14_z_last"", ""s17_z_last"", ""s21_slope""]",s11_slope,0,1,False,True,0.0,0.25,False,0.75,0.25
nasa_fd001,u078_e0070,1,0,degraded,healthy,4,"[""s6_delta_mean"", ""s7_z_last"", ""s11_z_last"", ""s8_slope""]",s11_slope,0,0,False,False,0.0,0.0,False,1.0,0.0
nasa_fd001,u078_e0070,1,1,degraded,healthy,4,"[""s6_delta_mean"", ""s6_slope"", ""s11_z_last"", ""s7_z_last""]",s11_slope,0,0,False,False,0.0,0.0,False,1.0,0.0
nasa_fd001,u078_e0070,1,2,degraded,healthy,4,"[""s6_delta_mean"", ""s6_slope"", ""s11_z_last"", ""s7_z_last""]",s11_slope,0,0,False,False,0.0,0.0,False,1.0,0.0
nasa_fd001,u078_e0070,1,3,degraded,healthy,4,"[""s6_delta_mean"", ""s6_slope"", ""s11_z_last"", ""s7_z_last""]",s11_slope,0,0,False,False,0.0,0.0,False,1.0,0.0
nasa_fd001,u078_e0070,1,4,degraded,healthy,4,"[""s6_delta_mean"", ""s6_slope"", ""s11_z_last"", ""s7_z_last""]",s11_slope,0,0,False,False,0.0,0.0,False,1.0,0.0
nasa_fd001,u078_e0080,1,0,healthy,healthy,4,"[""s6_slope"", ""s11_z_last"", ""s8_z_last"", ""s17_slope""]",s11_slope,0,0,False,False,0.0,0.0,False,1.0,0.0
nasa_fd001,u078_e0080,1,1,healthy,healthy,4,"[""s6_slope"", ""s11_z_last"", ""s8_z_last"", ""s17_slope""]",s11_slope,0,0,False,False,0.0,0.0,False,1.0,0.0
nasa_fd001,u078_e0080,1,2,healthy,healthy,4,"[""s6_slope"", ""s11_z_last"", ""s8_z_last"", ""s17_slope""]",s11_slope,0,0,False,False,0.0,0.0,False,1.0,0.0
nasa_fd001,u078_e0080,1,3,healthy,healthy,3,"[""s6_slope"", ""s8_z_last"", ""s11_z_last""]",s11_slope,0,0,False,False,0.0,0.0,False,1.0,0.0
nasa_fd001,u078_e0080,1,4,degraded,healthy,4,"[""s11_z_last"", ""s6_slope"", ""s17_slope"", ""s8_z_last""]",s11_slope,0,0,False,False,0.0,0.0,False,1.0,0.0
nasa_fd001,u078_e0170,1,0,degraded,healthy,4,"[""s6_slope"", ""s13_delta_mean"", ""s4_delta_mean"", ""s7_z_last""]",s15_slope,0,0,False,False,0.0,0.0,False,1.0,0.0
nasa_fd001,u078_e0170,1,1,degraded,healthy,3,"[""s6_slope"", ""s13_slope"", ""s4_slope""]",s15_slope,0,0,False,False,0.0,0.0,False,1.0,0.0
nasa_fd001,u078_e0170,1,2,degraded,healthy,4,"[""s6_slope"", ""s13_delta_mean"", ""s4_delta_mean"", ""s3_slope""]",s15_slope,0,0,False,False,0.0,0.0,False,1.0,0.0
nasa_fd001,u078_e0170,1,3,degraded,healthy,4,"[""s6_slope"", ""s13_slope"", ""s4_delta_mean"", ""s7_z_last""]",s15_slope,0,0,False,False,0.0,0.0,False,1.0,0.0
nasa_fd001,u078_e0170,1,4,degraded,healthy,4,"[""s6_slope"", ""s13_delta_mean"", ""s4_delta_mean"", ""s7_z_last""]",s15_slope,0,0,False,False,0.0,0.0,False,1.0,0.0
nasa_fd001,u078_e0180,1,0,healthy,healthy,4,"[""s11_z_last"", ""s4_z_last"", ""s6_slope"", ""s7_z_last""]",s21_delta_mean,0,0,False,False,0.0,0.0,False,1.0,0.0
nasa_fd001,u078_e0180,1,1,degraded,healthy,4,"[""s7_z_last"", ""s7_slope"", ""s6_slope"", ""s4_slope""]",s21_delta_mean,0,1,False,True,0.0,0.25,False,1.0,0.0
nasa_fd001,u078_e0180,1,2,degraded,healthy,4,"[""s7_z_last"", ""s7_slope"", ""s6_slope"", ""s4_slope""]",s21_delta_mean,0,1,False,True,0.0,0.25,False,1.0,0.0
nasa_fd001,u078_e0180,1,3,degraded,healthy,3,"[""s7_z_last"", ""s7_slope"", ""s6_slope""]",s21_delta_mean,0,0,False,False,0.0,0.0,False,1.0,0.0
nasa_fd001,u078_e0180,1,4,healthy,healthy,3,"[""s11_z_last"", ""s6_slope"", ""s7_z_last""]",s21_delta_mean,0,0,False,False,0.0,0.0,False,1.0,0.0
nasa_fd001,u078_e0190,1,0,degraded,degraded,4,"[""s15_slope"", ""s17_delta_mean"", ""s7_slope"", ""s12_delta_mean""]",s11_slope,0,1,False,True,0.0,0.25,False,1.0,0.0
nasa_fd001,u078_e0190,1,1,degraded,degraded,3,"[""s15_slope"", ""s21_delta_mean"", ""s7_slope""]",s11_slope,0,0,False,False,0.0,0.0,False,1.0,0.0
nasa_fd001,u078_e0190,1,2,degraded,degraded,3,"[""s15_slope"", ""s21_delta_mean"", ""s7_slope""]",s11_slope,0,0,False,False,0.0,0.0,False,1.0,0.0
nasa_fd001,u078_e0190,1,3,degraded,degraded,3,"[""s15_slope"", ""s21_delta_mean"", ""s7_slope""]",s11_slope,0,0,False,False,0.0,0.0,False,1.0,0.0
nasa_fd001,u078_e0190,1,4,degraded,degraded,3,"[""s15_slope"", ""s21_delta_mean"", ""s7_slope""]",s11_slope,0,0,False,False,0.0,0.0,False,1.0,0.0
nasa_fd001,u081_e0120,1,0,healthy,healthy,4,"[""s7_z_last"", ""s2_slope"", ""s11_z_last"", ""s20_z_last""]",s11_slope,0,0,False,False,0.0,0.0,False,1.0,0.0
nasa_fd001,u081_e0120,1,1,healthy,healthy,3,"[""s7_z_last"", ""s2_slope"", ""s11_z_last""]",s11_slope,0,0,False,False,0.0,0.0,False,1.0,0.0
nasa_fd001,u081_e0120,1,2,healthy,healthy,4,"[""s7_z_last"", ""s2_slope"", ""s11_z_last"", ""s20_z_last""]",s11_slope,0,0,False,False,0.0,0.0,False,1.0,0.0
nasa_fd001,u081_e0120,1,3,healthy,healthy,4,"[""s7_z_last"", ""s2_slope"", ""s11_z_last"", ""s20_z_last""]",s11_slope,0,0,False,False,0.0,0.0,False,1.0,0.0
nasa_fd001,u081_e0120,1,4,healthy,healthy,4,"[""s7_z_last"", ""s2_delta_mean"", ""s7_slope"", ""s11_z_last""]",s11_slope,0,0,False,False,0.0,0.0,False,1.0,0.0
nasa_fd001,u081_e0130,1,0,healthy,healthy,4,"[""s2_delta_mean"", ""s6_delta_mean"", ""s6_slope"", ""s21_z_last""]",s11_slope,0,0,False,False,0.0,0.0,False,1.0,0.0
nasa_fd001,u081_e0130,1,1,healthy,healthy,3,"[""s2_delta_mean"", ""s6_slope"", ""s21_z_last""]",s11_slope,0,0,False,False,0.0,0.0,False,1.0,0.0
nasa_fd001,u081_e0130,1,2,healthy,healthy,4,"[""s2_delta_mean"", ""s6_delta_mean"", ""s6_slope"", ""s21_z_last""]",s11_slope,0,0,False,False,0.0,0.0,False,1.0,0.0
nasa_fd001,u081_e0130,1,3,healthy,healthy,3,"[""s2_delta_mean"", ""s6_delta_mean"", ""s21_z_last""]",s11_slope,0,0,False,False,0.0,0.0,False,1.0,0.0
nasa_fd001,u081_e0130,1,4,healthy,healthy,4,"[""s2_delta_mean"", ""s6_delta_mean"", ""s6_slope"", ""s21_z_last""]",s11_slope,0,0,False,False,0.0,0.0,False,1.0,0.0
nasa_fd001,u081_e0150,1,0,healthy,healthy,4,"[""s3_delta_mean"", ""s8_z_last"", ""s21_delta_mean"", ""s14_z_last""]",s11_slope,0,0,False,False,0.0,0.0,False,1.0,0.0
nasa_fd001,u081_e0150,1,1,healthy,healthy,4,"[""s2_delta_mean"", ""s3_delta_mean"", ""s8_z_last"", ""s17_z_last""]",s11_slope,0,0,False,False,0.0,0.0,False,1.0,0.0
nasa_fd001,u081_e0150,1,2,degraded,healthy,4,"[""s3_z_last"", ""s17_delta_mean"", ""s8_z_last"", ""s2_delta_mean""]",s11_slope,0,0,False,False,0.0,0.0,False,1.0,0.0
nasa_fd001,u081_e0150,1,3,degraded,healthy,3,"[""s3_z_last"", ""s17_z_last"", ""s2_delta_mean""]",s11_slope,0,0,False,False,0.0,0.0,False,1.0,0.0
nasa_fd001,u081_e0150,1,4,healthy,healthy,4,"[""s2_delta_mean"", ""s3_delta_mean"", ""s17_z_last"", ""s21_slope""]",s11_slope,0,0,False,False,0.0,0.0,False,1.0,0.0
nasa_fd001,u081_e0170,1,0,healthy,healthy,4,"[""s3_z_last"", ""s11_z_last"", ""s2_slope"", ""s20_slope""]",s11_slope,0,1,False,True,0.0,0.25,False,1.0,0.0
nasa_fd001,u081_e0170,1,1,healthy,healthy,3,"[""s3_z_last"", ""s11_z_last"", ""s21_slope""]",s11_slope,0,0,False,False,0.0,0.0,False,1.0,0.0
nasa_fd001,u081_e0170,1,2,healthy,healthy,3,"[""s3_z_last"", ""s11_z_last"", ""s21_slope""]",s11_slope,0,0,False,False,0.0,0.0,False,1.0,0.0
nasa_fd001,u081_e0170,1,3,healthy,healthy,3,"[""s3_z_last"", ""s11_z_last"", ""s21_slope""]",s11_slope,0,0,False,False,0.0,0.0,False,1.0,0.0
nasa_fd001,u081_e0170,1,4,healthy,healthy,4,"[""s3_z_last"", ""s11_z_last"", ""s21_slope"", ""s9_slope""]",s11_slope,0,0,False,False,0.0,0.0,False,1.0,0.0
nasa_fd001,u081_e0180,1,0,healthy,healthy,4,"[""s2_delta_mean"", ""s7_slope"", ""s9_slope"", ""s21_slope""]",s4_slope,0,1,False,True,0.0,0.25,False,1.0,0.0
nasa_fd001,u081_e0180,1,1,degraded,healthy,4,"[""s2_z_last"", ""s7_slope"", ""s11_slope"", ""s9_slope""]",s4_slope,0,2,False,True,0.0,0.5,False,1.0,0.0
nasa_fd001,u081_e0180,1,2,healthy,healthy,3,"[""s2_delta_mean"", ""s7_slope"", ""s9_slope""]",s4_slope,0,1,False,True,0.0,0.3333333333333333,False,1.0,0.0
nasa_fd001,u081_e0180,1,3,healthy,healthy,3,"[""s9_z_last"", ""s2_delta_mean"", ""s11_slope""]",s4_slope,0,1,False,True,0.0,0.3333333333333333,False,1.0,0.0
nasa_fd001,u081_e0180,1,4,degraded,healthy,4,"[""s2_z_last"", ""s7_slope"", ""s9_slope"", ""s21_slope""]",s4_slope,0,1,False,True,0.0,0.25,False,1.0,0.0
nasa_fd001,u081_e0190,1,0,degraded,healthy,4,"[""s17_slope"", ""s17_delta_mean"", ""s3_slope"", ""s21_delta_mean""]",s12_delta_mean,0,0,False,False,0.0,0.0,False,1.0,0.0
nasa_fd001,u081_e0190,1,1,healthy,healthy,4,"[""s17_delta_mean"", ""s17_slope"", ""s3_slope"", ""s14_z_last""]",s12_delta_mean,0,0,False,False,0.0,0.0,False,1.0,0.0
nasa_fd001,u081_e0190,1,2,degraded,healthy,4,"[""s17_delta_mean"", ""s17_slope"", ""s11_delta_mean"", ""s14_z_last""]",s12_delta_mean,0,0,False,False,0.0,0.0,False,1.0,0.0
nasa_fd001,u081_e0190,1,3,healthy,healthy,4,"[""s17_delta_mean"", ""s17_slope"", ""s3_slope"", ""s21_delta_mean""]",s12_delta_mean,0,0,False,False,0.0,0.0,False,1.0,0.0
nasa_fd001,u081_e0190,1,4,healthy,healthy,4,"[""s17_delta_mean"", ""s3_slope"", ""s21_delta_mean"", ""s14_z_last""]",s12_delta_mean,0,0,False,False,0.0,0.0,False,1.0,0.0
nasa_fd001,u081_e0200,1,0,healthy,degraded,4,"[""s13_slope"", ""s20_slope"", ""s4_slope"", ""s15_slope""]",s11_delta_mean,0,1,False,True,0.0,0.25,False,0.75,0.25
nasa_fd001,u081_e0200,1,1,healthy,degraded,4,"[""s13_slope"", ""s20_slope"", ""s4_slope"", ""s11_z_last""]",s11_delta_mean,0,1,False,True,0.0,0.25,False,1.0,0.0
nasa_fd001,u081_e0200,1,2,healthy,degraded,4,"[""s13_slope"", ""s20_slope"", ""s14_z_last"", ""s15_slope""]",s11_delta_mean,0,0,False,False,0.0,0.0,False,0.5,0.5
nasa_fd001,u081_e0200,1,3,healthy,degraded,4,"[""s2_delta_mean"", ""s7_delta_mean"", ""s20_delta_mean"", ""s13_slope""]",s11_delta_mean,0,0,False,False,0.0,0.0,False,1.0,0.0
nasa_fd001,u081_e0200,1,4,degraded,degraded,4,"[""s13_slope"", ""s20_slope"", ""s4_slope"", ""s14_z_last""]",s11_delta_mean,0,1,False,True,0.0,0.25,False,1.0,0.0
nasa_fd001,u081_e0230,1,0,degraded,degraded,4,"[""s8_delta_mean"", ""s8_slope"", ""s13_delta_mean"", ""s13_slope""]",s20_slope,0,0,False,False,0.0,0.0,False,1.0,0.0
nasa_fd001,u081_e0230,1,1,degraded,degraded,4,"[""s8_delta_mean"", ""s13_delta_mean"", ""s4_delta_mean"", ""s21_delta_mean""]",s20_slope,0,1,False,True,0.0,0.25,False,1.0,0.0
nasa_fd001,u081_e0230,1,2,degraded,degraded,4,"[""s8_delta_mean"", ""s8_slope"", ""s13_delta_mean"", ""s13_slope""]",s20_slope,0,0,False,False,0.0,0.0,False,1.0,0.0
nasa_fd001,u081_e0230,1,3,degraded,degraded,4,"[""s8_delta_mean"", ""s13_delta_mean"", ""s4_delta_mean"", ""s21_delta_mean""]",s20_slope,0,1,False,True,0.0,0.25,False,1.0,0.0
nasa_fd001,u081_e0230,1,4,healthy,degraded,4,"[""s8_delta_mean"", ""s13_delta_mean"", ""s8_slope"", ""s13_slope""]",s20_slope,0,0,False,False,0.0,0.0,False,1.0,0.0
nasa_fd001,u084_e0170,1,0,healthy,healthy,4,"[""s12_z_last"", ""s21_z_last"", ""s15_z_last"", ""s8_slope""]",s11_slope,0,0,False,False,0.0,0.0,False,1.0,0.0
nasa_fd001,u084_e0170,1,1,healthy,healthy,4,"[""s12_z_last"", ""s21_z_last"", ""s15_z_last"", ""s8_slope""]",s11_slope,0,0,False,False,0.0,0.0,False,1.0,0.0
nasa_fd001,u084_e0170,1,2,healthy,healthy,4,"[""s12_z_last"", ""s21_z_last"", ""s15_z_last"", ""s8_slope""]",s11_slope,0,0,False,False,0.0,0.0,False,1.0,0.0
nasa_fd001,u084_e0170,1,3,healthy,healthy,4,"[""s12_z_last"", ""s21_z_last"", ""s15_z_last"", ""s8_slope""]",s11_slope,0,0,False,False,0.0,0.0,False,1.0,0.0
nasa_fd001,u084_e0170,1,4,healthy,healthy,4,"[""s12_z_last"", ""s15_z_last"", ""s21_z_last"", ""s20_slope""]",s11_slope,0,0,False,False,0.0,0.0,False,1.0,0.0
nasa_fd001,u084_e0180,1,0,degraded,healthy,4,"[""s8_slope"", ""s8_delta_mean"", ""s9_z_last"", ""s2_delta_mean""]",s11_slope,0,0,False,False,0.0,0.0,False,1.0,0.0
nasa_fd001,u084_e0180,1,1,degraded,healthy,4,"[""s8_delta_mean"", ""s8_slope"", ""s7_z_last"", ""s2_delta_mean""]",s11_slope,0,0,False,False,0.0,0.0,False,1.0,0.0
nasa_fd001,u084_e0180,1,2,degraded,healthy,4,"[""s8_delta_mean"", ""s8_slope"", ""s7_z_last"", ""s20_slope""]",s11_slope,0,0,False,False,0.0,0.0,False,1.0,0.0
nasa_fd001,u084_e0180,1,3,degraded,healthy,4,"[""s8_slope"", ""s8_z_last"", ""s17_slope"", ""s2_delta_mean""]",s11_slope,0,0,False,False,0.0,0.0,False,1.0,0.0
nasa_fd001,u084_e0180,1,4,degraded,healthy,4,"[""s8_slope"", ""s8_z_last"", ""s7_z_last"", ""s2_delta_mean""]",s11_slope,0,0,False,False,0.0,0.0,False,1.0,0.0
nasa_fd001,u084_e0240,1,0,degraded,healthy,4,"[""s12_delta_mean"", ""s12_slope"", ""s17_delta_mean"", ""s17_slope""]",s11_slope,0,0,False,False,0.0,0.0,False,1.0,0.0
nasa_fd001,u084_e0240,1,1,healthy,healthy,3,"[""s17_z_last"", ""s8_z_last"", ""s12_slope""]",s11_slope,0,0,False,False,0.0,0.0,False,1.0,0.0
nasa_fd001,u084_e0240,1,2,healthy,healthy,3,"[""s17_z_last"", ""s8_z_last"", ""s12_slope""]",s11_slope,0,0,False,False,0.0,0.0,False,1.0,0.0
nasa_fd001,u084_e0240,1,3,healthy,healthy,3,"[""s17_z_last"", ""s8_z_last"", ""s12_slope""]",s11_slope,0,0,False,False,0.0,0.0,False,1.0,0.0
nasa_fd001,u084_e0240,1,4,degraded,healthy,4,"[""s12_slope"", ""s17_delta_mean"", ""s4_z_last"", ""s13_z_last""]",s11_slope,0,0,False,False,0.0,0.0,False,1.0,0.0
nasa_fd001,u089_e0120,1,0,healthy,healthy,4,"[""s6_delta_mean"", ""s6_slope"", ""s4_slope"", ""s8_slope""]",s11_slope,1,1,True,True,0.25,0.25,False,1.0,0.0
nasa_fd001,u089_e0120,1,1,healthy,healthy,4,"[""s6_delta_mean"", ""s6_slope"", ""s12_z_last"", ""s9_z_last""]",s11_slope,0,0,False,False,0.0,0.0,False,1.0,0.0
nasa_fd001,u089_e0120,1,2,healthy,healthy,4,"[""s6_delta_mean"", ""s6_slope"", ""s13_slope"", ""s11_z_last""]",s11_slope,0,0,False,False,0.0,0.0,False,1.0,0.0
nasa_fd001,u089_e0120,1,3,healthy,healthy,4,"[""s6_delta_mean"", ""s6_slope"", ""s13_slope"", ""s8_z_last""]",s11_slope,0,0,False,False,0.0,0.0,False,1.0,0.0
nasa_fd001,u089_e0120,1,4,healthy,healthy,4,"[""s6_delta_mean"", ""s6_slope"", ""s13_z_last"", ""s11_z_last""]",s11_slope,0,0,False,False,0.0,0.0,False,1.0,0.0
nasa_fd001,u089_e0150,1,0,degraded,healthy,4,"[""s7_z_last"", ""s13_delta_mean"", ""s21_slope"", ""s17_slope""]",s11_slope,0,0,False,False,0.0,0.0,False,1.0,0.0
nasa_fd001,u089_e0150,1,1,healthy,healthy,4,"[""s7_z_last"", ""s8_z_last"", ""s21_slope"", ""s17_slope""]",s11_slope,0,0,False,False,0.0,0.0,False,1.0,0.0
nasa_fd001,u089_e0150,1,2,degraded,healthy,4,"[""s7_z_last"", ""s13_delta_mean"", ""s21_slope"", ""s17_slope""]",s11_slope,0,0,False,False,0.0,0.0,False,1.0,0.0
nasa_fd001,u089_e0150,1,3,degraded,healthy,4,"[""s7_z_last"", ""s7_slope"", ""s13_slope"", ""s21_slope""]",s11_slope,0,0,False,False,0.0,0.0,False,1.0,0.0
nasa_fd001,u089_e0150,1,4,degraded,healthy,4,"[""s7_z_last"", ""s21_slope"", ""s17_slope"", ""s13_slope""]",s11_slope,0,0,False,False,0.0,0.0,False,1.0,0.0
nasa_fd001,u091_e0110,1,0,degraded,healthy,4,"[""s8_slope"", ""s11_z_last"", ""s9_z_last"", ""s20_delta_mean""]",s21_delta_mean,0,0,False,False,0.0,0.0,False,1.0,0.0
nasa_fd001,u091_e0110,1,1,degraded,healthy,4,"[""s8_slope"", ""s15_slope"", ""s9_z_last"", ""s20_delta_mean""]",s21_delta_mean,0,0,False,False,0.0,0.0,False,1.0,0.0
nasa_fd001,u091_e0110,1,2,degraded,healthy,4,"[""s8_slope"", ""s15_delta_mean"", ""s9_z_last"", ""s7_slope""]",s21_delta_mean,0,0,False,False,0.0,0.0,False,1.0,0.0
nasa_fd001,u091_e0110,1,3,degraded,healthy,4,"[""s8_slope"", ""s11_z_last"", ""s9_z_last"", ""s20_delta_mean""]",s21_delta_mean,0,0,False,False,0.0,0.0,False,1.0,0.0
nasa_fd001,u091_e0110,1,4,degraded,healthy,4,"[""s8_slope"", ""s11_z_last"", ""s9_z_last"", ""s20_delta_mean""]",s21_delta_mean,0,0,False,False,0.0,0.0,False,1.0,0.0
nasa_fd001,u001_e0050,2,0,healthy,healthy,4,"[""s21_delta_mean"", ""s12_delta_mean"", ""s7_delta_mean"", ""s2_z_last""]",s11_slope,0,1,False,True,0.0,0.25,False,1.0,0.0
nasa_fd001,u001_e0050,2,1,healthy,healthy,4,"[""s21_delta_mean"", ""s21_slope"", ""s12_delta_mean"", ""s7_slope""]",s11_slope,0,1,False,True,0.0,0.25,False,1.0,0.0
nasa_fd001,u001_e0050,2,2,degraded,healthy,4,"[""s3_slope"", ""s8_delta_mean"", ""s12_delta_mean"", ""s21_slope""]",s11_slope,0,1,False,True,0.0,0.25,False,1.0,0.0
nasa_fd001,u001_e0050,2,3,healthy,healthy,4,"[""s21_delta_mean"", ""s21_z_last"", ""s12_delta_mean"", ""s7_slope""]",s11_slope,0,1,False,True,0.0,0.25,False,1.0,0.0
nasa_fd001,u001_e0050,2,4,healthy,healthy,4,"[""s21_delta_mean"", ""s12_delta_mean"", ""s7_slope"", ""s3_slope""]",s11_slope,0,1,False,True,0.0,0.25,False,1.0,0.0
nasa_fd001,u001_e0080,2,0,healthy,healthy,3,"[""s4_z_last"", ""s17_delta_mean"", ""s11_z_last""]",s11_slope,0,0,False,False,0.0,0.0,False,1.0,0.0
nasa_fd001,u001_e0080,2,1,degraded,healthy,4,"[""s4_z_last"", ""s17_delta_mean"", ""s15_delta_mean"", ""s9_z_last""]",s11_slope,0,0,False,False,0.0,0.0,False,1.0,0.0
nasa_fd001,u001_e0080,2,2,healthy,healthy,4,"[""s4_z_last"", ""s17_delta_mean"", ""s11_z_last"", ""s20_delta_mean""]",s11_slope,0,0,False,False,0.0,0.0,False,1.0,0.0
nasa_fd001,u001_e0080,2,3,healthy,healthy,4,"[""s4_z_last"", ""s3_delta_mean"", ""s15_delta_mean"", ""s11_z_last""]",s11_slope,0,0,False,False,0.0,0.0,False,1.0,0.0
nasa_fd001,u001_e0080,2,4,degraded,healthy,4,"[""s4_z_last"", ""s17_delta_mean"", ""s15_delta_mean"", ""s9_z_last""]",s11_slope,0,0,False,False,0.0,0.0,False,1.0,0.0
nasa_fd001,u001_e0100,2,0,healthy,healthy,4,"[""s7_z_last"", ""s4_z_last"", ""s15_slope"", ""s20_slope""]",s11_slope,0,1,False,True,0.0,0.25,False,1.0,0.0
nasa_fd001,u001_e0100,2,1,healthy,healthy,4,"[""s7_z_last"", ""s4_z_last"", ""s21_z_last"", ""s15_slope""]",s11_slope,0,1,False,True,0.0,0.25,False,1.0,0.0
nasa_fd001,u001_e0100,2,2,healthy,healthy,4,"[""s7_z_last"", ""s20_delta_mean"", ""s2_delta_mean"", ""s15_slope""]",s11_slope,0,1,False,True,0.0,0.25,False,1.0,0.0
nasa_fd001,u001_e0100,2,3,healthy,healthy,4,"[""s4_z_last"", ""s7_z_last"", ""s20_slope"", ""s15_slope""]",s11_slope,0,1,False,True,0.0,0.25,False,1.0,0.0
nasa_fd001,u001_e0100,2,4,healthy,healthy,4,"[""s4_z_last"", ""s7_z_last"", ""s20_delta_mean"", ""s9_z_last""]",s11_slope,0,0,False,False,0.0,0.0,False,1.0,0.0
nasa_fd001,u001_e0140,2,0,healthy,healthy,4,"[""s2_delta_mean"", ""s8_z_last"", ""s7_z_last"", ""s13_slope""]",s4_slope,0,0,False,False,0.0,0.0,False,1.0,0.0
nasa_fd001,u001_e0140,2,1,healthy,healthy,4,"[""s2_z_last"", ""s8_slope"", ""s7_z_last"", ""s13_delta_mean""]",s4_slope,0,0,False,False,0.0,0.0,False,1.0,0.0
nasa_fd001,u001_e0140,2,2,healthy,healthy,4,"[""s2_z_last"", ""s7_z_last"", ""s8_z_last"", ""s13_slope""]",s4_slope,0,0,False,False,0.0,0.0,False,1.0,0.0
nasa_fd001,u001_e0140,2,3,healthy,healthy,4,"[""s2_delta_mean"", ""s8_z_last"", ""s7_z_last"", ""s13_slope""]",s4_slope,0,0,False,False,0.0,0.0,False,1.0,0.0
nasa_fd001,u001_e0140,2,4,degraded,healthy,4,"[""s2_delta_mean"", ""s13_slope"", ""s7_z_last"", ""s9_slope""]",s4_slope,0,0,False,False,0.0,0.0,False,1.0,0.0
nasa_fd001,u001_e0170,2,0,degraded,degraded,3,"[""s8_slope"", ""s13_slope"", ""s4_slope""]",s11_slope,1,1,True,True,0.3333333333333333,0.3333333333333333,False,1.0,0.0
nasa_fd001,u001_e0170,2,1,degraded,degraded,4,"[""s8_slope"", ""s13_slope"", ""s4_slope"", ""s7_slope""]",s11_slope,1,1,True,True,0.25,0.25,False,1.0,0.0
nasa_fd001,u001_e0170,2,2,degraded,degraded,4,"[""s8_slope"", ""s13_slope"", ""s4_slope"", ""s15_slope""]",s11_slope,1,1,True,True,0.25,0.25,False,1.0,0.0
nasa_fd001,u001_e0170,2,3,degraded,degraded,4,"[""s8_slope"", ""s13_slope"", ""s4_slope"", ""s15_slope""]",s11_slope,1,1,True,True,0.25,0.25,False,1.0,0.0
nasa_fd001,u001_e0170,2,4,degraded,degraded,4,"[""s8_slope"", ""s13_slope"", ""s4_slope"", ""s15_slope""]",s11_slope,1,1,True,True,0.25,0.25,False,1.0,0.0
nasa_fd001,u005_e0080,2,0,degraded,healthy,4,"[""s3_slope"", ""s13_z_last"", ""s12_slope"", ""s17_slope""]",s11_slope,0,0,False,False,0.0,0.0,False,1.0,0.0
nasa_fd001,u005_e0080,2,1,healthy,healthy,3,"[""s3_delta_mean"", ""s12_slope"", ""s20_z_last""]",s11_slope,0,0,False,False,0.0,0.0,False,1.0,0.0
nasa_fd001,u005_e0080,2,2,healthy,healthy,4,"[""s3_slope"", ""s12_slope"", ""s3_delta_mean"", ""s20_z_last""]",s11_slope,0,0,False,False,0.0,0.0,False,1.0,0.0
nasa_fd001,u005_e0080,2,3,healthy,healthy,3,"[""s3_slope"", ""s12_slope"", ""s20_z_last""]",s11_slope,0,0,False,False,0.0,0.0,False,1.0,0.0
nasa_fd001,u005_e0080,2,4,healthy,healthy,3,"[""s3_delta_mean"", ""s12_slope"", ""s20_z_last""]",s11_slope,0,0,False,False,0.0,0.0,False,1.0,0.0
nasa_fd001,u005_e0110,2,0,healthy,healthy,3,"[""s3_z_last"", ""s8_slope"", ""s20_delta_mean""]",s11_slope,0,0,False,False,0.0,0.0,False,1.0,0.0
nasa_fd001,u005_e0110,2,1,healthy,healthy,3,"[""s3_z_last"", ""s8_slope"", ""s20_delta_mean""]",s11_slope,0,0,False,False,0.0,0.0,False,1.0,0.0
nasa_fd001,u005_e0110,2,2,healthy,healthy,4,"[""s3_z_last"", ""s8_slope"", ""s20_slope"", ""s7_slope""]",s11_slope,0,0,False,False,0.0,0.0,False,1.0,0.0
nasa_fd001,u005_e0110,2,3,healthy,healthy,3,"[""s3_z_last"", ""s8_slope"", ""s20_delta_mean""]",s11_slope,0,0,False,False,0.0,0.0,False,1.0,0.0
nasa_fd001,u005_e0110,2,4,degraded,healthy,4,"[""s8_slope"", ""s11_z_last"", ""s2_z_last"", ""s20_slope""]",s11_slope,0,0,False,False,0.0,0.0,False,1.0,0.0
nasa_fd001,u005_e0150,2,0,healthy,healthy,4,"[""s7_slope"", ""s7_delta_mean"", ""s4_z_last"", ""s15_slope""]",s11_slope,0,0,False,False,0.0,0.0,False,1.0,0.0
nasa_fd001,u005_e0150,2,1,healthy,healthy,4,"[""s7_delta_mean"", ""s7_slope"", ""s4_z_last"", ""s15_slope""]",s11_slope,0,0,False,False,0.0,0.0,False,1.0,0.0
nasa_fd001,u005_e0150,2,2,healthy,healthy,4,"[""s7_delta_mean"", ""s7_slope"", ""s15_delta_mean"", ""s15_slope""]",s11_slope,0,0,False,False,0.0,0.0,False,1.0,0.0
nasa_fd001,u005_e0150,2,3,healthy,healthy,4,"[""s7_delta_mean"", ""s7_slope"", ""s15_delta_mean"", ""s15_slope""]",s11_slope,0,0,False,False,0.0,0.0,False,1.0,0.0
nasa_fd001,u005_e0150,2,4,healthy,healthy,4,"[""s7_delta_mean"", ""s7_slope"", ""s4_z_last"", ""s15_delta_mean""]",s11_slope,0,0,False,False,0.0,0.0,False,1.0,0.0
nasa_fd001,u005_e0180,2,0,healthy,healthy,3,"[""s8_z_last"", ""s9_z_last"", ""s7_z_last""]",s11_slope,0,0,False,False,0.0,0.0,False,1.0,0.0
nasa_fd001,u005_e0180,2,1,healthy,healthy,3,"[""s8_z_last"", ""s9_z_last"", ""s7_z_last""]",s11_slope,0,0,False,False,0.0,0.0,False,1.0,0.0
nasa_fd001,u005_e0180,2,2,degraded,healthy,4,"[""s14_z_last"", ""s20_delta_mean"", ""s3_slope"", ""s7_z_last""]",s11_slope,0,0,False,False,0.0,0.0,False,1.0,0.0
nasa_fd001,u005_e0180,2,3,healthy,healthy,4,"[""s8_z_last"", ""s9_z_last"", ""s7_z_last"", ""s14_z_last""]",s11_slope,0,0,False,False,0.0,0.0,False,1.0,0.0
nasa_fd001,u005_e0180,2,4,healthy,healthy,3,"[""s8_z_last"", ""s9_z_last"", ""s14_z_last""]",s11_slope,0,0,False,False,0.0,0.0,False,1.0,0.0
nasa_fd001,u005_e0230,2,0,degraded,degraded,4,"[""s3_slope"", ""s13_delta_mean"", ""s21_delta_mean"", ""s12_delta_mean""]",s11_slope,1,1,True,True,0.25,0.25,False,1.0,0.0
nasa_fd001,u005_e0230,2,1,degraded,degraded,4,"[""s13_delta_mean"", ""s17_slope"", ""s21_delta_mean"", ""s12_delta_mean""]",s11_slope,1,1,True,True,0.25,0.25,False,1.0,0.0
nasa_fd001,u005_e0230,2,2,degraded,degraded,4,"[""s13_delta_mean"", ""s17_slope"", ""s21_delta_mean"", ""s12_delta_mean""]",s11_slope,1,1,True,True,0.25,0.25,False,1.0,0.0
nasa_fd001,u005_e0230,2,3,degraded,degraded,4,"[""s3_delta_mean"", ""s3_slope"", ""s13_delta_mean"", ""s21_delta_mean""]",s11_slope,1,1,True,True,0.25,0.25,False,1.0,0.0
nasa_fd001,u005_e0230,2,4,degraded,degraded,3,"[""s3_slope"", ""s13_delta_mean"", ""s21_delta_mean""]",s11_slope,1,1,True,True,0.3333333333333333,0.3333333333333333,False,1.0,0.0
nasa_fd001,u005_e0250,2,0,degraded,degraded,4,"[""s9_slope"", ""s14_slope"", ""s15_slope"", ""s20_z_last""]",s11_slope,0,0,False,False,0.0,0.0,False,1.0,0.0
nasa_fd001,u005_e0250,2,1,degraded,degraded,4,"[""s9_slope"", ""s14_slope"", ""s21_z_last"", ""s20_slope""]",s11_slope,0,0,False,False,0.0,0.0,False,1.0,0.0
nasa_fd001,u005_e0250,2,2,degraded,degraded,4,"[""s14_slope"", ""s9_slope"", ""s20_z_last"", ""s21_z_last""]",s11_slope,0,0,False,False,0.0,0.0,False,1.0,0.0
nasa_fd001,u005_e0250,2,3,degraded,degraded,4,"[""s9_slope"", ""s14_slope"", ""s15_slope"", ""s20_z_last""]",s11_slope,0,0,False,False,0.0,0.0,False,1.0,0.0
nasa_fd001,u005_e0250,2,4,degraded,degraded,4,"[""s14_slope"", ""s9_slope"", ""s20_slope"", ""s21_z_last""]",s11_slope,0,0,False,False,0.0,0.0,False,1.0,0.0
nasa_fd001,u005_e0260,2,0,degraded,degraded,3,"[""s3_slope"", ""s15_slope"", ""s12_delta_mean""]",s11_slope,0,0,False,False,0.0,0.0,False,1.0,0.0
nasa_fd001,u005_e0260,2,1,degraded,degraded,3,"[""s3_slope"", ""s14_delta_mean"", ""s21_slope""]",s11_slope,0,0,False,False,0.0,0.0,False,1.0,0.0
nasa_fd001,u005_e0260,2,2,degraded,degraded,4,"[""s3_slope"", ""s15_slope"", ""s21_slope"", ""s12_slope""]",s11_slope,0,0,False,False,0.0,0.0,False,1.0,0.0
nasa_fd001,u005_e0260,2,3,degraded,degraded,3,"[""s3_slope"", ""s15_slope"", ""s21_slope""]",s11_slope,0,0,False,False,0.0,0.0,False,1.0,0.0
nasa_fd001,u005_e0260,2,4,degraded,degraded,3,"[""s3_slope"", ""s15_slope"", ""s12_delta_mean""]",s11_slope,0,0,False,False,0.0,0.0,False,1.0,0.0
nasa_fd001,u011_e0050,2,0,healthy,healthy,4,"[""s6_slope"", ""s6_delta_mean"", ""s21_slope"", ""s21_z_last""]",s11_slope,0,0,False,False,0.0,0.0,False,1.0,0.0
nasa_fd001,u011_e0050,2,1,healthy,healthy,4,"[""s6_slope"", ""s6_delta_mean"", ""s21_slope"", ""s21_z_last""]",s11_slope,0,0,False,False,0.0,0.0,False,1.0,0.0
nasa_fd001,u011_e0050,2,2,healthy,healthy,4,"[""s6_slope"", ""s6_delta_mean"", ""s21_slope"", ""s21_z_last""]",s11_slope,0,0,False,False,0.0,0.0,False,1.0,0.0
nasa_fd001,u011_e0050,2,3,healthy,healthy,4,"[""s6_slope"", ""s6_delta_mean"", ""s21_slope"", ""s21_z_last""]",s11_slope,0,0,False,False,0.0,0.0,False,1.0,0.0
nasa_fd001,u011_e0050,2,4,healthy,healthy,4,"[""s6_slope"", ""s21_slope"", ""s6_delta_mean"", ""s3_z_last""]",s11_slope,0,0,False,False,0.0,0.0,False,1.0,0.0
nasa_fd001,u011_e0070,2,0,healthy,healthy,3,"[""s6_slope"", ""s8_z_last"", ""s15_delta_mean""]",s11_slope,0,0,False,False,0.0,0.0,False,1.0,0.0
nasa_fd001,u011_e0070,2,1,healthy,healthy,4,"[""s6_slope"", ""s7_slope"", ""s8_z_last"", ""s15_delta_mean""]",s11_slope,0,0,False,False,0.0,0.0,False,1.0,0.0
nasa_fd001,u011_e0070,2,2,healthy,healthy,3,"[""s6_slope"", ""s8_z_last"", ""s15_delta_mean""]",s11_slope,0,0,False,False,0.0,0.0,False,1.0,0.0
nasa_fd001,u011_e0070,2,3,healthy,healthy,3,"[""s6_slope"", ""s15_delta_mean"", ""s8_z_last""]",s11_slope,0,0,False,False,0.0,0.0,False,1.0,0.0
nasa_fd001,u011_e0070,2,4,healthy,healthy,4,"[""s6_slope"", ""s8_z_last"", ""s15_delta_mean"", ""s20_delta_mean""]",s11_slope,0,0,False,False,0.0,0.0,False,1.0,0.0
nasa_fd001,u011_e0130,2,0,degraded,healthy,4,"[""s3_delta_mean"", ""s15_slope"", ""s20_z_last"", ""s21_z_last""]",s11_slope,0,1,False,True,0.0,0.25,False,1.0,0.0
nasa_fd001,u011_e0130,2,1,healthy,healthy,3,"[""s20_delta_mean"", ""s21_z_last"", ""s11_z_last""]",s11_slope,0,0,False,False,0.0,0.0,False,1.0,0.0
nasa_fd001,u011_e0130,2,2,degraded,healthy,4,"[""s3_slope"", ""s13_delta_mean"", ""s15_slope"", ""s20_z_last""]",s11_slope,0,1,False,True,0.0,0.25,False,1.0,0.0
nasa_fd001,u011_e0130,2,3,healthy,healthy,4,"[""s20_delta_mean"", ""s20_z_last"", ""s3_delta_mean"", ""s11_z_last""]",s11_slope,0,0,False,False,0.0,0.0,False,1.0,0.0
nasa_fd001,u011_e0130,2,4,degraded,healthy,4,"[""s2_delta_mean"", ""s3_delta_mean"", ""s13_delta_mean"", ""s15_slope""]",s11_slope,0,1,False,True,0.0,0.25,False,1.0,0.0
nasa_fd001,u011_e0160,2,0,healthy,healthy,4,"[""s7_z_last"", ""s14_slope"", ""s21_delta_mean"", ""s12_slope""]",s11_slope,0,1,False,True,0.0,0.25,False,1.0,0.0
nasa_fd001,u011_e0160,2,1,healthy,healthy,3,"[""s7_z_last"", ""s15_z_last"", ""s12_slope""]",s11_slope,0,1,False,True,0.0,0.3333333333333333,False,1.0,0.0
nasa_fd001,u011_e0160,2,2,healthy,healthy,4,"[""s7_z_last"", ""s14_slope"", ""s12_slope"", ""s21_delta_mean""]",s11_slope,0,1,False,True,0.0,0.25,False,1.0,0.0
nasa_fd001,u011_e0160,2,3,degraded,healthy,4,"[""s21_delta_mean"", ""s7_z_last"", ""s12_slope"", ""s3_slope""]",s11_slope,0,1,False,True,0.0,0.25,False,1.0,0.0
nasa_fd001,u011_e0160,2,4,healthy,healthy,4,"[""s7_z_last"", ""s21_delta_mean"", ""s12_slope"", ""s15_z_last""]",s11_slope,0,1,False,True,0.0,0.25,False,1.0,0.0
nasa_fd001,u011_e0190,2,0,degraded,healthy,4,"[""s9_delta_mean"", ""s14_delta_mean"", ""s9_slope"", ""s14_slope""]",s4_slope,0,0,False,False,0.0,0.0,False,1.0,0.0
nasa_fd001,u011_e0190,2,1,healthy,healthy,4,"[""s3_z_last"", ""s14_z_last"", ""s9_z_last"", ""s7_z_last""]",s4_slope,0,0,False,False,0.0,0.0,False,1.0,0.0
nasa_fd001,u011_e0190,2,2,healthy,healthy,4,"[""s3_z_last"", ""s14_z_last"", ""s7_z_last"", ""s9_slope""]",s4_slope,0,0,False,False,0.0,0.0,False,1.0,0.0
nasa_fd001,u011_e0190,2,3,healthy,healthy,4,"[""s3_z_last"", ""s14_z_last"", ""s7_z_last"", ""s9_delta_mean""]",s4_slope,0,0,False,False,0.0,0.0,False,1.0,0.0
nasa_fd001,u011_e0190,2,4,degraded,healthy,4,"[""s14_delta_mean"", ""s14_slope"", ""s9_delta_mean"", ""s9_slope""]",s4_slope,0,0,False,False,0.0,0.0,False,1.0,0.0
nasa_fd001,u011_e0200,2,0,degraded,degraded,4,"[""s14_delta_mean"", ""s14_slope"", ""s9_slope"", ""s21_slope""]",s4_slope,0,0,False,False,0.0,0.0,False,1.0,0.0
nasa_fd001,u011_e0200,2,1,degraded,degraded,4,"[""s14_delta_mean"", ""s14_slope"", ""s9_slope"", ""s21_slope""]",s4_slope,0,0,False,False,0.0,0.0,False,1.0,0.0
nasa_fd001,u011_e0200,2,2,degraded,degraded,4,"[""s14_delta_mean"", ""s9_slope"", ""s21_slope"", ""s7_z_last""]",s4_slope,0,0,False,False,0.0,0.0,False,1.0,0.0
nasa_fd001,u011_e0200,2,3,degraded,degraded,4,"[""s14_delta_mean"", ""s14_slope"", ""s9_slope"", ""s21_slope""]",s4_slope,0,0,False,False,0.0,0.0,False,1.0,0.0
nasa_fd001,u011_e0200,2,4,degraded,degraded,4,"[""s14_delta_mean"", ""s14_slope"", ""s9_slope"", ""s21_slope""]",s4_slope,0,0,False,False,0.0,0.0,False,1.0,0.0
nasa_fd001,u011_e0240,2,0,degraded,degraded,4,"[""s9_slope"", ""s14_delta_mean"", ""s9_delta_mean"", ""s14_slope""]",s11_slope,0,0,False,False,0.0,0.0,False,1.0,0.0
nasa_fd001,u011_e0240,2,1,degraded,degraded,4,"[""s9_slope"", ""s14_slope"", ""s9_delta_mean"", ""s14_delta_mean""]",s11_slope,0,0,False,False,0.0,0.0,False,1.0,0.0
nasa_fd001,u011_e0240,2,2,degraded,degraded,4,"[""s9_slope"", ""s14_delta_mean"", ""s20_delta_mean"", ""s7_slope""]",s11_slope,0,0,False,False,0.0,0.0,False,1.0,0.0
nasa_fd001,u011_e0240,2,3,degraded,degraded,4,"[""s9_slope"", ""s14_delta_mean"", ""s9_delta_mean"", ""s14_slope""]",s11_slope,0,0,False,False,0.0,0.0,False,1.0,0.0
nasa_fd001,u011_e0240,2,4,degraded,degraded,4,"[""s9_slope"", ""s14_delta_mean"", ""s20_delta_mean"", ""s21_delta_mean""]",s11_slope,0,1,False,True,0.0,0.25,False,1.0,0.0
nasa_fd001,u013_e0060,2,0,healthy,healthy,4,"[""s11_z_last"", ""s14_z_last"", ""s21_z_last"", ""s7_z_last""]",s11_slope,0,0,False,False,0.0,0.0,False,1.0,0.0
nasa_fd001,u013_e0060,2,1,healthy,healthy,4,"[""s11_z_last"", ""s14_z_last"", ""s21_z_last"", ""s7_z_last""]",s11_slope,0,0,False,False,0.0,0.0,False,1.0,0.0
nasa_fd001,u013_e0060,2,2,healthy,healthy,4,"[""s11_z_last"", ""s14_z_last"", ""s15_z_last"", ""s20_z_last""]",s11_slope,0,0,False,False,0.0,0.0,False,1.0,0.0
nasa_fd001,u013_e0060,2,3,healthy,healthy,4,"[""s11_z_last"", ""s4_z_last"", ""s14_z_last"", ""s21_z_last""]",s11_slope,0,0,False,False,0.0,0.0,False,1.0,0.0
nasa_fd001,u013_e0060,2,4,healthy,healthy,4,"[""s11_z_last"", ""s14_z_last"", ""s15_z_last"", ""s20_z_last""]",s11_slope,0,0,False,False,0.0,0.0,False,0.75,0.25
nasa_fd001,u013_e0070,2,0,healthy,healthy,4,"[""s17_z_last"", ""s13_z_last"", ""s7_slope"", ""s12_delta_mean""]",s11_slope,0,1,False,True,0.0,0.25,False,1.0,0.0
nasa_fd001,u013_e0070,2,1,degraded,healthy,4,"[""s13_z_last"", ""s17_z_last"", ""s15_delta_mean"", ""s7_slope""]",s11_slope,0,0,False,False,0.0,0.0,False,1.0,0.0
nasa_fd001,u013_e0070,2,2,degraded,healthy,3,"[""s17_z_last"", ""s15_delta_mean"", ""s7_slope""]",s11_slope,0,0,False,False,0.0,0.0,False,1.0,0.0
nasa_fd001,u013_e0070,2,3,degraded,healthy,3,"[""s17_z_last"", ""s15_delta_mean"", ""s7_slope""]",s11_slope,0,0,False,False,0.0,0.0,False,1.0,0.0
nasa_fd001,u013_e0070,2,4,degraded,healthy,4,"[""s15_delta_mean"", ""s17_z_last"", ""s13_z_last"", ""s11_slope""]",s11_slope,1,1,True,True,0.25,0.25,True,1.0,0.0
nasa_fd001,u013_e0120,2,0,healthy,healthy,4,"[""s14_z_last"", ""s9_z_last"", ""s20_z_last"", ""s7_slope""]",s4_slope,0,0,False,False,0.0,0.0,False,1.0,0.0
nasa_fd001,u013_e0120,2,1,healthy,healthy,4,"[""s14_z_last"", ""s9_z_last"", ""s7_slope"", ""s20_delta_mean""]",s4_slope,0,0,False,False,0.0,0.0,False,1.0,0.0
nasa_fd001,u013_e0120,2,2,healthy,healthy,4,"[""s14_z_last"", ""s9_z_last"", ""s14_slope"", ""s20_slope""]",s4_slope,0,0,False,False,0.0,0.0,False,1.0,0.0
nasa_fd001,u013_e0120,2,3,healthy,healthy,3,"[""s14_z_last"", ""s9_z_last"", ""s20_z_last""]",s4_slope,0,0,False,False,0.0,0.0,False,1.0,0.0
nasa_fd001,u013_e0120,2,4,healthy,healthy,4,"[""s14_z_last"", ""s9_z_last"", ""s7_slope"", ""s20_slope""]",s4_slope,0,0,False,False,0.0,0.0,False,1.0,0.0
nasa_fd001,u013_e0130,2,0,degraded,healthy,4,"[""s9_delta_mean"", ""s14_delta_mean"", ""s17_delta_mean"", ""s8_z_last""]",s4_slope,0,0,False,False,0.0,0.0,False,1.0,0.0
nasa_fd001,u013_e0130,2,1,degraded,healthy,4,"[""s9_delta_mean"", ""s14_delta_mean"", ""s17_delta_mean"", ""s8_z_last""]",s4_slope,0,0,False,False,0.0,0.0,False,1.0,0.0
nasa_fd001,u013_e0130,2,2,healthy,healthy,4,"[""s17_delta_mean"", ""s14_delta_mean"", ""s9_delta_mean"", ""s8_z_last""]",s4_slope,0,0,False,False,0.0,0.0,False,1.0,0.0
nasa_fd001,u013_e0130,2,3,degraded,healthy,4,"[""s9_delta_mean"", ""s14_delta_mean"", ""s17_delta_mean"", ""s8_z_last""]",s4_slope,0,0,False,False,0.0,0.0,False,1.0,0.0
nasa_fd001,u013_e0130,2,4,degraded,healthy,4,"[""s9_delta_mean"", ""s14_delta_mean"", ""s17_delta_mean"", ""s8_z_last""]",s4_slope,0,0,False,False,0.0,0.0,False,1.0,0.0
nasa_fd001,u013_e0140,2,0,degraded,degraded,4,"[""s14_delta_mean"", ""s14_slope"", ""s9_delta_mean"", ""s9_slope""]",s4_slope,0,0,False,False,0.0,0.0,False,1.0,0.0
nasa_fd001,u013_e0140,2,1,degraded,degraded,4,"[""s14_delta_mean"", ""s9_slope"", ""s9_delta_mean"", ""s14_slope""]",s4_slope,0,0,False,False,0.0,0.0,False,1.0,0.0
nasa_fd001,u013_e0140,2,2,degraded,degraded,4,"[""s9_delta_mean"", ""s14_delta_mean"", ""s9_slope"", ""s14_slope""]",s4_slope,0,0,False,False,0.0,0.0,False,1.0,0.0
nasa_fd001,u013_e0140,2,3,degraded,degraded,4,"[""s9_delta_mean"", ""s9_slope"", ""s14_delta_mean"", ""s14_slope""]",s4_slope,0,0,False,False,0.0,0.0,False,1.0,0.0
nasa_fd001,u013_e0140,2,4,degraded,degraded,4,"[""s9_delta_mean"", ""s14_delta_mean"", ""s14_slope"", ""s9_slope""]",s4_slope,0,0,False,False,0.0,0.0,False,1.0,0.0
nasa_fd001,u013_e0160,2,0,degraded,degraded,4,"[""s9_slope"", ""s14_slope"", ""s9_delta_mean"", ""s14_delta_mean""]",s11_slope,0,0,False,False,0.0,0.0,False,1.0,0.0
nasa_fd001,u013_e0160,2,1,degraded,degraded,4,"[""s9_slope"", ""s14_slope"", ""s9_delta_mean"", ""s14_delta_mean""]",s11_slope,0,0,False,False,0.0,0.0,False,1.0,0.0
nasa_fd001,u013_e0160,2,2,degraded,degraded,4,"[""s9_slope"", ""s9_delta_mean"", ""s14_slope"", ""s14_delta_mean""]",s11_slope,0,0,False,False,0.0,0.0,False,1.0,0.0
nasa_fd001,u013_e0160,2,3,degraded,degraded,4,"[""s9_slope"", ""s9_delta_mean"", ""s14_slope"", ""s14_delta_mean""]",s11_slope,0,0,False,False,0.0,0.0,False,1.0,0.0
nasa_fd001,u013_e0160,2,4,degraded,degraded,4,"[""s9_delta_mean"", ""s9_slope"", ""s14_delta_mean"", ""s14_slope""]",s11_slope,0,0,False,False,0.0,0.0,False,1.0,0.0
nasa_fd001,u019_e0050,2,0,healthy,healthy,3,"[""s15_z_last"", ""s20_z_last"", ""s3_slope""]",s11_slope,0,0,False,False,0.0,0.0,False,1.0,0.0
nasa_fd001,u019_e0050,2,1,healthy,healthy,3,"[""s15_z_last"", ""s3_slope"", ""s17_z_last""]",s11_slope,0,0,False,False,0.0,0.0,False,1.0,0.0
nasa_fd001,u019_e0050,2,2,healthy,healthy,3,"[""s15_z_last"", ""s3_slope"", ""s20_z_last""]",s11_slope,0,0,False,False,0.0,0.0,False,1.0,0.0
nasa_fd001,u019_e0050,2,3,healthy,healthy,3,"[""s15_z_last"", ""s20_z_last"", ""s3_slope""]",s11_slope,0,0,False,False,0.0,0.0,False,1.0,0.0
nasa_fd001,u019_e0050,2,4,healthy,healthy,3,"[""s15_z_last"", ""s3_slope"", ""s20_z_last""]",s11_slope,0,0,False,False,0.0,0.0,False,1.0,0.0
nasa_fd001,u019_e0060,2,0,healthy,healthy,4,"[""s3_slope"", ""s2_delta_mean"", ""s20_delta_mean"", ""s21_delta_mean""]",s11_slope,0,0,False,False,0.0,0.0,False,1.0,0.0
nasa_fd001,u019_e0060,2,1,healthy,healthy,4,"[""s2_delta_mean"", ""s3_slope"", ""s20_delta_mean"", ""s21_z_last""]",s11_slope,0,0,False,False,0.0,0.0,False,1.0,0.0
nasa_fd001,u019_e0060,2,2,healthy,healthy,4,"[""s3_slope"", ""s2_delta_mean"", ""s20_delta_mean"", ""s21_delta_mean""]",s11_slope,0,0,False,False,0.0,0.0,False,1.0,0.0
nasa_fd001,u019_e0060,2,3,healthy,healthy,4,"[""s3_slope"", ""s2_delta_mean"", ""s20_delta_mean"", ""s21_delta_mean""]",s11_slope,0,0,False,False,0.0,0.0,False,1.0,0.0
nasa_fd001,u019_e0060,2,4,healthy,healthy,4,"[""s2_delta_mean"", ""s3_slope"", ""s20_delta_mean"", ""s21_delta_mean""]",s11_slope,0,0,False,False,0.0,0.0,False,1.0,0.0
nasa_fd001,u023_e0120,2,0,healthy,healthy,4,"[""s2_delta_mean"", ""s15_z_last"", ""s9_z_last"", ""s14_z_last""]",s4_slope,0,0,False,False,0.0,0.0,False,0.75,0.25
nasa_fd001,u023_e0120,2,1,healthy,healthy,3,"[""s2_delta_mean"", ""s15_z_last"", ""s9_z_last""]",s4_slope,0,0,False,False,0.0,0.0,False,1.0,0.0
nasa_fd001,u023_e0120,2,2,degraded,healthy,3,"[""s9_z_last"", ""s4_z_last"", ""s15_z_last""]",s4_slope,0,0,False,False,0.0,0.0,False,1.0,0.0
nasa_fd001,u023_e0120,2,3,healthy,healthy,3,"[""s2_delta_mean"", ""s15_z_last"", ""s9_z_last""]",s4_slope,0,0,False,False,0.0,0.0,False,1.0,0.0
nasa_fd001,u023_e0120,2,4,healthy,healthy,4,"[""s2_delta_mean"", ""s15_z_last"", ""s9_z_last"", ""s4_z_last""]",s4_slope,0,0,False,False,0.0,0.0,False,1.0,0.0
nasa_fd001,u023_e0130,2,0,degraded,healthy,3,"[""s8_slope"", ""s13_delta_mean"", ""s20_delta_mean""]",s11_slope,0,0,False,False,0.0,0.0,False,1.0,0.0
nasa_fd001,u023_e0130,2,1,degraded,healthy,4,"[""s13_delta_mean"", ""s13_slope"", ""s8_slope"", ""s20_delta_mean""]",s11_slope,0,0,False,False,0.0,0.0,False,1.0,0.0
nasa_fd001,u023_e0130,2,2,degraded,healthy,4,"[""s13_delta_mean"", ""s13_slope"", ""s8_slope"", ""s20_delta_mean""]",s11_slope,0,0,False,False,0.0,0.0,False,1.0,0.0
nasa_fd001,u023_e0130,2,3,degraded,healthy,4,"[""s13_delta_mean"", ""s13_slope"", ""s8_slope"", ""s20_delta_mean""]",s11_slope,0,0,False,False,0.0,0.0,False,1.0,0.0
nasa_fd001,u023_e0130,2,4,degraded,healthy,4,"[""s13_delta_mean"", ""s13_slope"", ""s8_slope"", ""s20_delta_mean""]",s11_slope,0,0,False,False,0.0,0.0,False,1.0,0.0
nasa_fd001,u023_e0160,2,0,degraded,degraded,4,"[""s13_slope"", ""s8_slope"", ""s4_slope"", ""s7_slope""]",s11_slope,1,1,True,True,0.25,0.25,False,1.0,0.0
nasa_fd001,u023_e0160,2,1,degraded,degraded,4,"[""s13_slope"", ""s8_slope"", ""s7_slope"", ""s4_slope""]",s11_slope,1,1,True,True,0.25,0.25,False,1.0,0.0
nasa_fd001,u023_e0160,2,2,degraded,degraded,4,"[""s8_slope"", ""s13_slope"", ""s7_slope"", ""s4_slope""]",s11_slope,1,1,True,True,0.25,0.25,False,1.0,0.0
nasa_fd001,u023_e0160,2,3,degraded,degraded,4,"[""s13_slope"", ""s8_slope"", ""s7_slope"", ""s4_slope""]",s11_slope,1,1,True,True,0.25,0.25,False,1.0,0.0
nasa_fd001,u023_e0160,2,4,degraded,degraded,4,"[""s8_slope"", ""s13_slope"", ""s7_slope"", ""s4_slope""]",s11_slope,1,1,True,True,0.25,0.25,False,1.0,0.0
nasa_fd001,u027_e0050,2,0,degraded,healthy,4,"[""s15_delta_mean"", ""s17_slope"", ""s13_slope"", ""s20_slope""]",s11_slope,0,0,False,False,0.0,0.0,False,1.0,0.0
nasa_fd001,u027_e0050,2,1,degraded,healthy,4,"[""s4_slope"", ""s13_slope"", ""s17_slope"", ""s15_slope""]",s11_slope,1,1,True,True,0.25,0.25,False,1.0,0.0
nasa_fd001,u027_e0050,2,2,degraded,healthy,4,"[""s17_slope"", ""s13_slope"", ""s15_delta_mean"", ""s7_slope""]",s11_slope,0,0,False,False,0.0,0.0,False,1.0,0.0
nasa_fd001,u027_e0050,2,3,degraded,healthy,4,"[""s17_slope"", ""s13_slope"", ""s15_slope"", ""s4_slope""]",s11_slope,1,1,True,True,0.25,0.25,False,1.0,0.0
nasa_fd001,u027_e0050,2,4,degraded,healthy,4,"[""s17_slope"", ""s15_delta_mean"", ""s20_delta_mean"", ""s7_slope""]",s11_slope,0,0,False,False,0.0,0.0,False,1.0,0.0
nasa_fd001,u027_e0080,2,0,degraded,healthy,4,"[""s2_z_last"", ""s8_z_last"", ""s3_slope"", ""s12_slope""]",s11_slope,0,0,False,False,0.0,0.0,False,1.0,0.0
nasa_fd001,u027_e0080,2,1,degraded,healthy,3,"[""s2_z_last"", ""s8_z_last"", ""s12_delta_mean""]",s11_slope,0,1,False,True,0.0,0.3333333333333333,False,1.0,0.0
nasa_fd001,u027_e0080,2,2,degraded,healthy,4,"[""s2_z_last"", ""s8_z_last"", ""s11_slope"", ""s12_slope""]",s11_slope,1,1,True,True,0.25,0.25,True,1.0,0.0
nasa_fd001,u027_e0080,2,3,healthy,healthy,3,"[""s2_z_last"", ""s8_z_last"", ""s20_slope""]",s11_slope,0,0,False,False,0.0,0.0,False,1.0,0.0
nasa_fd001,u027_e0080,2,4,degraded,healthy,4,"[""s2_z_last"", ""s8_z_last"", ""s11_slope"", ""s15_slope""]",s11_slope,1,1,True,True,0.25,0.25,True,1.0,0.0
nasa_fd001,u027_e0090,2,0,healthy,healthy,4,"[""s2_z_last"", ""s7_z_last"", ""s21_z_last"", ""s6_slope""]",s11_slope,0,0,False,False,0.0,0.0,False,1.0,0.0
nasa_fd001,u027_e0090,2,1,healthy,healthy,4,"[""s2_z_last"", ""s7_z_last"", ""s6_slope"", ""s21_slope""]",s11_slope,0,0,False,False,0.0,0.0,False,1.0,0.0
nasa_fd001,u027_e0090,2,2,healthy,healthy,3,"[""s2_z_last"", ""s7_z_last"", ""s21_z_last""]",s11_slope,0,0,False,False,0.0,0.0,False,1.0,0.0
nasa_fd001,u027_e0090,2,3,healthy,healthy,4,"[""s2_z_last"", ""s7_z_last"", ""s6_slope"", ""s21_z_last""]",s11_slope,0,0,False,False,0.0,0.0,False,1.0,0.0
nasa_fd001,u027_e0090,2,4,healthy,healthy,4,"[""s2_z_last"", ""s7_z_last"", ""s2_slope"", ""s21_z_last""]",s11_slope,0,0,False,False,0.0,0.0,False,1.0,0.0
nasa_fd001,u027_e0100,2,0,degraded,healthy,4,"[""s6_slope"", ""s6_delta_mean"", ""s20_z_last"", ""s17_z_last""]",s11_slope,0,0,False,False,0.0,0.0,False,1.0,0.0
nasa_fd001,u027_e0100,2,1,degraded,healthy,4,"[""s6_slope"", ""s6_delta_mean"", ""s2_z_last"", ""s4_z_last""]",s11_slope,0,0,False,False,0.0,0.0,False,1.0,0.0
nasa_fd001,u027_e0100,2,2,healthy,healthy,4,"[""s6_slope"", ""s6_delta_mean"", ""s20_z_last"", ""s17_delta_mean""]",s11_slope,0,0,False,False,0.0,0.0,False,1.0,0.0
nasa_fd001,u027_e0100,2,3,healthy,healthy,4,"[""s6_slope"", ""s6_delta_mean"", ""s17_delta_mean"", ""s20_z_last""]",s11_slope,0,0,False,False,0.0,0.0,False,1.0,0.0
nasa_fd001,u027_e0100,2,4,degraded,healthy,4,"[""s6_slope"", ""s6_delta_mean"", ""s20_z_last"", ""s17_z_last""]",s11_slope,0,0,False,False,0.0,0.0,False,1.0,0.0
nasa_fd001,u031_e0060,2,0,healthy,healthy,3,"[""s6_delta_mean"", ""s21_z_last"", ""s3_slope""]",s11_slope,0,0,False,False,0.0,0.0,False,1.0,0.0
nasa_fd001,u031_e0060,2,1,healthy,healthy,3,"[""s6_delta_mean"", ""s21_z_last"", ""s3_slope""]",s11_slope,0,0,False,False,0.0,0.0,False,1.0,0.0
nasa_fd001,u031_e0060,2,2,healthy,healthy,3,"[""s6_delta_mean"", ""s21_z_last"", ""s3_slope""]",s11_slope,0,0,False,False,0.0,0.0,False,1.0,0.0
nasa_fd001,u031_e0060,2,3,healthy,healthy,3,"[""s6_delta_mean"", ""s21_z_last"", ""s7_z_last""]",s11_slope,0,0,False,False,0.0,0.0,False,1.0,0.0
nasa_fd001,u031_e0060,2,4,healthy,healthy,3,"[""s6_delta_mean"", ""s21_z_last"", ""s3_slope""]",s11_slope,0,0,False,False,0.0,0.0,False,1.0,0.0
nasa_fd001,u031_e0080,2,0,degraded,healthy,4,"[""s6_delta_mean"", ""s6_slope"", ""s17_slope"", ""s2_slope""]",s11_slope,0,0,False,False,0.0,0.0,False,1.0,0.0
nasa_fd001,u031_e0080,2,1,healthy,healthy,4,"[""s6_delta_mean"", ""s6_slope"", ""s17_delta_mean"", ""s4_z_last""]",s11_slope,0,0,False,False,0.0,0.0,False,1.0,0.0
nasa_fd001,u031_e0080,2,2,degraded,healthy,4,"[""s6_delta_mean"", ""s6_slope"", ""s17_slope"", ""s3_slope""]",s11_slope,0,0,False,False,0.0,0.0,False,1.0,0.0
nasa_fd001,u031_e0080,2,3,healthy,healthy,4,"[""s6_delta_mean"", ""s6_slope"", ""s17_delta_mean"", ""s4_z_last""]",s11_slope,0,0,False,False,0.0,0.0,False,1.0,0.0
nasa_fd001,u031_e0080,2,4,degraded,healthy,4,"[""s6_delta_mean"", ""s6_slope"", ""s17_slope"", ""s3_slope""]",s11_slope,0,0,False,False,0.0,0.0,False,1.0,0.0
nasa_fd001,u031_e0140,2,0,degraded,healthy,4,"[""s7_z_last"", ""s9_slope"", ""s14_z_last"", ""s15_z_last""]",s11_slope,0,0,False,False,0.0,0.0,False,1.0,0.0
nasa_fd001,u031_e0140,2,1,degraded,healthy,4,"[""s7_z_last"", ""s14_z_last"", ""s15_z_last"", ""s20_delta_mean""]",s11_slope,0,0,False,False,0.0,0.0,False,1.0,0.0
nasa_fd001,u031_e0140,2,2,degraded,healthy,4,"[""s7_z_last"", ""s6_slope"", ""s14_z_last"", ""s15_z_last""]",s11_slope,0,0,False,False,0.0,0.0,False,1.0,0.0
nasa_fd001,u031_e0140,2,3,degraded,healthy,4,"[""s7_z_last"", ""s14_z_last"", ""s15_z_last"", ""s9_delta_mean""]",s11_slope,0,0,False,False,0.0,0.0,False,1.0,0.0
nasa_fd001,u031_e0140,2,4,degraded,healthy,4,"[""s7_z_last"", ""s14_z_last"", ""s20_delta_mean"", ""s9_slope""]",s11_slope,0,0,False,False,0.0,0.0,False,1.0,0.0
nasa_fd001,u031_e0170,2,0,healthy,healthy,4,"[""s6_delta_mean"", ""s6_slope"", ""s13_slope"", ""s21_z_last""]",s4_slope,0,0,False,False,0.0,0.0,False,1.0,0.0
nasa_fd001,u031_e0170,2,1,healthy,healthy,4,"[""s6_delta_mean"", ""s6_slope"", ""s13_delta_mean"", ""s13_slope""]",s4_slope,0,0,False,False,0.0,0.0,False,1.0,0.0
nasa_fd001,u031_e0170,2,2,degraded,healthy,4,"[""s6_delta_mean"", ""s6_slope"", ""s7_z_last"", ""s9_z_last""]",s4_slope,0,0,False,False,0.0,0.0,False,1.0,0.0
nasa_fd001,u031_e0170,2,3,degraded,healthy,4,"[""s6_delta_mean"", ""s6_slope"", ""s7_z_last"", ""s9_z_last""]",s4_slope,0,0,False,False,0.0,0.0,False,1.0,0.0
nasa_fd001,u031_e0170,2,4,healthy,healthy,4,"[""s6_delta_mean"", ""s6_slope"", ""s13_delta_mean"", ""s13_slope""]",s4_slope,0,0,False,False,0.0,0.0,False,1.0,0.0
nasa_fd001,u031_e0180,2,0,degraded,healthy,3,"[""s12_delta_mean"", ""s11_delta_mean"", ""s7_slope""]",s21_delta_mean,0,2,False,True,0.0,0.6666666666666666,False,1.0,0.0
nasa_fd001,u031_e0180,2,1,degraded,healthy,4,"[""s12_delta_mean"", ""s11_delta_mean"", ""s7_delta_mean"", ""s21_slope""]",s21_delta_mean,0,2,False,True,0.0,0.5,False,1.0,0.0
nasa_fd001,u031_e0180,2,2,degraded,healthy,4,"[""s12_delta_mean"", ""s12_slope"", ""s11_delta_mean"", ""s7_delta_mean""]",s21_delta_mean,0,2,False,True,0.0,0.5,False,1.0,0.0
nasa_fd001,u031_e0180,2,3,degraded,healthy,3,"[""s12_delta_mean"", ""s11_delta_mean"", ""s7_slope""]",s21_delta_mean,0,2,False,True,0.0,0.6666666666666666,False,1.0,0.0
nasa_fd001,u031_e0180,2,4,degraded,healthy,4,"[""s12_delta_mean"", ""s12_slope"", ""s11_delta_mean"", ""s7_delta_mean""]",s21_delta_mean,0,2,False,True,0.0,0.5,False,1.0,0.0
nasa_fd001,u031_e0210,2,0,degraded,degraded,4,"[""s8_delta_mean"", ""s8_slope"", ""s20_slope"", ""s20_delta_mean""]",s11_slope,0,0,False,False,0.0,0.0,False,1.0,0.0
nasa_fd001,u031_e0210,2,1,degraded,degraded,4,"[""s8_delta_mean"", ""s8_slope"", ""s20_slope"", ""s20_delta_mean""]",s11_slope,0,0,False,False,0.0,0.0,False,1.0,0.0
nasa_fd001,u031_e0210,2,2,degraded,degraded,4,"[""s8_delta_mean"", ""s8_slope"", ""s20_slope"", ""s20_delta_mean""]",s11_slope,0,0,False,False,0.0,0.0,False,1.0,0.0
nasa_fd001,u031_e0210,2,3,degraded,degraded,4,"[""s8_delta_mean"", ""s8_slope"", ""s20_slope"", ""s20_delta_mean""]",s11_slope,0,0,False,False,0.0,0.0,False,1.0,0.0
nasa_fd001,u031_e0210,2,4,degraded,degraded,4,"[""s8_delta_mean"", ""s8_slope"", ""s20_slope"", ""s20_delta_mean""]",s11_slope,0,0,False,False,0.0,0.0,False,1.0,0.0
nasa_fd001,u032_e0090,2,0,healthy,healthy,4,"[""s21_z_last"", ""s15_delta_mean"", ""s3_z_last"", ""s8_z_last""]",s11_slope,0,0,False,False,0.0,0.0,False,1.0,0.0
nasa_fd001,u032_e0090,2,1,degraded,healthy,3,"[""s15_slope"", ""s3_slope"", ""s21_slope""]",s11_slope,0,0,False,False,0.0,0.0,False,1.0,0.0
nasa_fd001,u032_e0090,2,2,degraded,healthy,4,"[""s21_slope"", ""s15_slope"", ""s3_slope"", ""s17_z_last""]",s11_slope,0,0,False,False,0.0,0.0,False,1.0,0.0
nasa_fd001,u032_e0090,2,3,healthy,healthy,3,"[""s21_z_last"", ""s15_slope"", ""s3_slope""]",s11_slope,0,0,False,False,0.0,0.0,False,1.0,0.0
nasa_fd001,u032_e0090,2,4,healthy,healthy,3,"[""s21_z_last"", ""s21_slope"", ""s15_slope""]",s11_slope,0,0,False,False,0.0,0.0,False,1.0,0.0
nasa_fd001,u032_e0140,2,0,healthy,healthy,4,"[""s2_z_last"", ""s13_z_last"", ""s15_z_last"", ""s7_slope""]",s11_slope,0,0,False,False,0.0,0.0,False,1.0,0.0
nasa_fd001,u032_e0140,2,1,healthy,healthy,3,"[""s2_z_last"", ""s13_z_last"", ""s17_slope""]",s11_slope,0,0,False,False,0.0,0.0,False,1.0,0.0
nasa_fd001,u032_e0140,2,2,healthy,healthy,4,"[""s2_z_last"", ""s13_delta_mean"", ""s14_z_last"", ""s7_delta_mean""]",s11_slope,0,0,False,False,0.0,0.0,False,1.0,0.0
nasa_fd001,u032_e0140,2,3,healthy,healthy,3,"[""s2_z_last"", ""s13_delta_mean"", ""s14_z_last""]",s11_slope,0,0,False,False,0.0,0.0,False,1.0,0.0
nasa_fd001,u032_e0140,2,4,healthy,healthy,3,"[""s2_z_last"", ""s13_delta_mean"", ""s17_slope""]",s11_slope,0,0,False,False,0.0,0.0,False,1.0,0.0
nasa_fd001,u032_e0160,2,0,degraded,healthy,3,"[""s17_slope"", ""s20_delta_mean"", ""s9_z_last""]",s21_delta_mean,0,0,False,False,0.0,0.0,False,1.0,0.0
nasa_fd001,u032_e0160,2,1,degraded,healthy,4,"[""s20_delta_mean"", ""s20_slope"", ""s17_slope"", ""s11_slope""]",s21_delta_mean,1,2,True,True,0.25,0.5,False,1.0,0.0
nasa_fd001,u032_e0160,2,2,degraded,healthy,3,"[""s20_delta_mean"", ""s20_slope"", ""s17_slope""]",s21_delta_mean,0,1,False,True,0.0,0.3333333333333333,False,1.0,0.0
nasa_fd001,u032_e0160,2,3,degraded,healthy,4,"[""s20_delta_mean"", ""s20_slope"", ""s9_z_last"", ""s17_slope""]",s21_delta_mean,0,1,False,True,0.0,0.25,False,1.0,0.0
nasa_fd001,u032_e0160,2,4,degraded,healthy,4,"[""s20_delta_mean"", ""s20_slope"", ""s17_slope"", ""s9_z_last""]",s21_delta_mean,0,1,False,True,0.0,0.25,False,1.0,0.0
nasa_fd001,u034_e0060,2,0,healthy,healthy,3,"[""s20_delta_mean"", ""s21_delta_mean"", ""s7_z_last""]",s11_slope,0,0,False,False,0.0,0.0,False,1.0,0.0
nasa_fd001,u034_e0060,2,1,healthy,healthy,4,"[""s20_delta_mean"", ""s20_slope"", ""s15_delta_mean"", ""s7_z_last""]",s11_slope,0,0,False,False,0.0,0.0,False,1.0,0.0
nasa_fd001,u034_e0060,2,2,healthy,healthy,4,"[""s20_delta_mean"", ""s20_slope"", ""s2_z_last"", ""s15_z_last""]",s11_slope,0,0,False,False,0.0,0.0,False,1.0,0.0
nasa_fd001,u034_e0060,2,3,healthy,healthy,4,"[""s20_delta_mean"", ""s21_delta_mean"", ""s15_delta_mean"", ""s2_z_last""]",s11_slope,0,0,False,False,0.0,0.0,False,1.0,0.0
nasa_fd001,u034_e0060,2,4,healthy,healthy,4,"[""s20_delta_mean"", ""s20_slope"", ""s15_delta_mean"", ""s2_z_last""]",s11_slope,0,0,False,False,0.0,0.0,False,1.0,0.0
nasa_fd001,u034_e0090,2,0,degraded,healthy,3,"[""s6_delta_mean"", ""s21_slope"", ""s15_slope""]",s11_slope,0,0,False,False,0.0,0.0,False,1.0,0.0
nasa_fd001,u034_e0090,2,1,healthy,healthy,4,"[""s21_delta_mean"", ""s21_z_last"", ""s15_z_last"", ""s6_delta_mean""]",s11_slope,0,0,False,False,0.0,0.0,False,1.0,0.0
nasa_fd001,u034_e0090,2,2,degraded,healthy,4,"[""s6_delta_mean"", ""s6_slope"", ""s21_slope"", ""s15_slope""]",s11_slope,0,0,False,False,0.0,0.0,False,1.0,0.0
nasa_fd001,u034_e0090,2,3,healthy,healthy,3,"[""s15_z_last"", ""s21_delta_mean"", ""s21_slope""]",s11_slope,0,0,False,False,0.0,0.0,False,1.0,0.0
nasa_fd001,u034_e0090,2,4,healthy,healthy,3,"[""s15_z_last"", ""s21_slope"", ""s6_slope""]",s11_slope,0,0,False,False,0.0,0.0,False,1.0,0.0
nasa_fd001,u034_e0100,2,0,healthy,healthy,3,"[""s12_z_last"", ""s8_z_last"", ""s7_z_last""]",s11_slope,0,0,False,False,0.0,0.0,False,1.0,0.0
nasa_fd001,u034_e0100,2,1,healthy,healthy,3,"[""s8_z_last"", ""s12_z_last"", ""s3_slope""]",s11_slope,0,0,False,False,0.0,0.0,False,1.0,0.0
nasa_fd001,u034_e0100,2,2,healthy,healthy,3,"[""s3_delta_mean"", ""s12_z_last"", ""s8_z_last""]",s11_slope,0,0,False,False,0.0,0.0,False,1.0,0.0
nasa_fd001,u034_e0100,2,3,healthy,healthy,3,"[""s12_z_last"", ""s8_z_last"", ""s7_z_last""]",s11_slope,0,0,False,False,0.0,0.0,False,1.0,0.0
nasa_fd001,u034_e0100,2,4,healthy,healthy,4,"[""s8_z_last"", ""s12_z_last"", ""s3_z_last"", ""s7_z_last""]",s11_slope,0,0,False,False,0.0,0.0,False,1.0,0.0
nasa_fd001,u034_e0120,2,0,healthy,healthy,3,"[""s7_z_last"", ""s14_z_last"", ""s3_z_last""]",s11_slope,0,0,False,False,0.0,0.0,False,1.0,0.0
nasa_fd001,u034_e0120,2,1,healthy,healthy,4,"[""s7_z_last"", ""s14_z_last"", ""s11_z_last"", ""s3_z_last""]",s11_slope,0,0,False,False,0.0,0.0,False,1.0,0.0
nasa_fd001,u034_e0120,2,2,healthy,healthy,4,"[""s7_z_last"", ""s14_z_last"", ""s3_z_last"", ""s11_z_last""]",s11_slope,0,0,False,False,0.0,0.0,False,1.0,0.0
nasa_fd001,u034_e0120,2,3,healthy,healthy,4,"[""s7_z_last"", ""s14_z_last"", ""s11_z_last"", ""s3_z_last""]",s11_slope,0,0,False,False,0.0,0.0,False,1.0,0.0
nasa_fd001,u034_e0120,2,4,healthy,healthy,4,"[""s7_z_last"", ""s14_z_last"", ""s11_z_last"", ""s3_z_last""]",s11_slope,0,0,False,False,0.0,0.0,False,1.0,0.0
nasa_fd001,u034_e0170,2,0,healthy,degraded,4,"[""s9_slope"", ""s14_slope"", ""s14_delta_mean"", ""s20_delta_mean""]",s4_slope,0,1,False,True,0.0,0.25,False,1.0,0.0
nasa_fd001,u034_e0170,2,1,degraded,degraded,4,"[""s9_slope"", ""s14_slope"", ""s9_delta_mean"", ""s14_delta_mean""]",s4_slope,0,1,False,True,0.0,0.25,False,1.0,0.0
nasa_fd001,u034_e0170,2,2,healthy,degraded,4,"[""s9_slope"", ""s14_slope"", ""s9_delta_mean"", ""s14_delta_mean""]",s4_slope,0,1,False,True,0.0,0.25,False,1.0,0.0
nasa_fd001,u034_e0170,2,3,healthy,degraded,4,"[""s9_slope"", ""s14_slope"", ""s14_delta_mean"", ""s9_delta_mean""]",s4_slope,0,1,False,True,0.0,0.25,False,1.0,0.0
nasa_fd001,u034_e0170,2,4,healthy,degraded,4,"[""s9_slope"", ""s14_slope"", ""s14_delta_mean"", ""s9_delta_mean""]",s4_slope,0,1,False,True,0.0,0.25,False,1.0,0.0
nasa_fd001,u040_e0050,2,0,degraded,healthy,4,"[""s15_z_last"", ""s17_delta_mean"", ""s17_slope"", ""s20_delta_mean""]",s11_slope,0,0,False,False,0.0,0.0,False,1.0,0.0
nasa_fd001,u040_e0050,2,1,healthy,healthy,4,"[""s15_z_last"", ""s17_delta_mean"", ""s6_slope"", ""s20_delta_mean""]",s11_slope,0,0,False,False,0.0,0.0,False,0.75,0.25
nasa_fd001,u040_e0050,2,2,healthy,healthy,4,"[""s15_z_last"", ""s17_delta_mean"", ""s6_slope"", ""s20_delta_mean""]",s11_slope,0,0,False,False,0.0,0.0,False,0.75,0.25
nasa_fd001,u040_e0050,2,3,degraded,healthy,4,"[""s15_z_last"", ""s17_delta_mean"", ""s17_slope"", ""s20_delta_mean""]",s11_slope,0,0,False,False,0.0,0.0,False,1.0,0.0
nasa_fd001,u040_e0050,2,4,degraded,healthy,4,"[""s17_delta_mean"", ""s17_z_last"", ""s17_slope"", ""s15_z_last""]",s11_slope,0,0,False,False,0.0,0.0,False,1.0,0.0
nasa_fd001,u040_e0080,2,0,degraded,healthy,4,"[""s7_delta_mean"", ""s7_z_last"", ""s7_slope"", ""s13_slope""]",s11_slope,0,0,False,False,0.0,0.0,False,1.0,0.0
nasa_fd001,u040_e0080,2,1,healthy,healthy,4,"[""s7_delta_mean"", ""s21_z_last"", ""s2_slope"", ""s17_delta_mean""]",s11_slope,0,0,False,False,0.0,0.0,False,1.0,0.0
nasa_fd001,u040_e0080,2,2,degraded,healthy,4,"[""s7_delta_mean"", ""s7_z_last"", ""s7_slope"", ""s13_slope""]",s11_slope,0,0,False,False,0.0,0.0,False,1.0,0.0
nasa_fd001,u040_e0080,2,3,degraded,healthy,4,"[""s7_delta_mean"", ""s7_z_last"", ""s7_slope"", ""s13_slope""]",s11_slope,0,0,False,False,0.0,0.0,False,1.0,0.0
nasa_fd001,u040_e0080,2,4,degraded,healthy,4,"[""s7_delta_mean"", ""s7_z_last"", ""s7_slope"", ""s13_slope""]",s11_slope,0,0,False,False,0.0,0.0,False,1.0,0.0
nasa_fd001,u040_e0180,2,0,healthy,degraded,4,"[""s9_delta_mean"", ""s14_delta_mean"", ""s15_z_last"", ""s20_delta_mean""]",s4_slope,0,0,False,False,0.0,0.0,False,1.0,0.0
nasa_fd001,u040_e0180,2,1,healthy,degraded,4,"[""s9_delta_mean"", ""s14_delta_mean"", ""s15_z_last"", ""s7_slope""]",s4_slope,0,0,False,False,0.0,0.0,False,1.0,0.0
nasa_fd001,u040_e0180,2,2,healthy,degraded,4,"[""s9_slope"", ""s14_delta_mean"", ""s15_z_last"", ""s7_slope""]",s4_slope,0,0,False,False,0.0,0.0,False,1.0,0.0
nasa_fd001,u040_e0180,2,3,degraded,degraded,4,"[""s9_slope"", ""s9_delta_mean"", ""s14_delta_mean"", ""s14_slope""]",s4_slope,0,0,False,False,0.0,0.0,False,1.0,0.0
nasa_fd001,u040_e0180,2,4,degraded,degraded,4,"[""s9_delta_mean"", ""s14_delta_mean"", ""s14_slope"", ""s15_slope""]",s4_slope,0,0,False,False,0.0,0.0,False,1.0,0.0
nasa_fd001,u043_e0050,2,0,degraded,healthy,4,"[""s3_z_last"", ""s2_delta_mean"", ""s13_slope"", ""s12_slope""]",s11_slope,0,0,False,False,0.0,0.0,False,1.0,0.0
nasa_fd001,u043_e0050,2,1,degraded,healthy,4,"[""s2_delta_mean"", ""s3_z_last"", ""s6_delta_mean"", ""s12_slope""]",s11_slope,0,0,False,False,0.0,0.0,False,1.0,0.0
nasa_fd001,u043_e0050,2,2,healthy,healthy,3,"[""s6_delta_mean"", ""s21_z_last"", ""s3_z_last""]",s11_slope,0,0,False,False,0.0,0.0,False,1.0,0.0
nasa_fd001,u043_e0050,2,3,degraded,healthy,4,"[""s2_delta_mean"", ""s3_z_last"", ""s6_delta_mean"", ""s12_slope""]",s11_slope,0,0,False,False,0.0,0.0,False,1.0,0.0
nasa_fd001,u043_e0050,2,4,healthy,healthy,4,"[""s6_delta_mean"", ""s12_slope"", ""s3_z_last"", ""s21_z_last""]",s11_slope,0,0,False,False,0.0,0.0,False,1.0,0.0
nasa_fd001,u043_e0100,2,0,degraded,healthy,4,"[""s17_z_last"", ""s2_slope"", ""s9_slope"", ""s21_slope""]",s11_slope,0,0,False,False,0.0,0.0,False,1.0,0.0
nasa_fd001,u043_e0100,2,1,healthy,healthy,3,"[""s17_z_last"", ""s12_z_last"", ""s21_slope""]",s11_slope,0,0,False,False,0.0,0.0,False,1.0,0.0
nasa_fd001,u043_e0100,2,2,healthy,healthy,3,"[""s21_delta_mean"", ""s12_z_last"", ""s17_z_last""]",s11_slope,0,0,False,False,0.0,0.0,False,1.0,0.0
nasa_fd001,u043_e0100,2,3,healthy,healthy,3,"[""s17_z_last"", ""s21_slope"", ""s12_z_last""]",s11_slope,0,0,False,False,0.0,0.0,False,1.0,0.0
nasa_fd001,u043_e0100,2,4,healthy,healthy,3,"[""s17_z_last"", ""s21_slope"", ""s12_z_last""]",s11_slope,0,0,False,False,0.0,0.0,False,1.0,0.0
nasa_fd001,u043_e0130,2,0,degraded,healthy,4,"[""s6_delta_mean"", ""s6_slope"", ""s4_z_last"", ""s3_slope""]",s11_slope,0,0,False,False,0.0,0.0,False,1.0,0.0
nasa_fd001,u043_e0130,2,1,degraded,healthy,4,"[""s6_delta_mean"", ""s6_slope"", ""s4_z_last"", ""s3_slope""]",s11_slope,0,0,False,False,0.0,0.0,False,1.0,0.0
nasa_fd001,u043_e0130,2,2,degraded,healthy,4,"[""s6_delta_mean"", ""s6_slope"", ""s3_slope"", ""s4_z_last""]",s11_slope,0,0,False,False,0.0,0.0,False,1.0,0.0
nasa_fd001,u043_e0130,2,3,degraded,healthy,4,"[""s6_delta_mean"", ""s4_z_last"", ""s3_slope"", ""s8_slope""]",s11_slope,0,0,False,False,0.0,0.0,False,1.0,0.0
nasa_fd001,u043_e0130,2,4,degraded,healthy,4,"[""s6_delta_mean"", ""s6_slope"", ""s4_slope"", ""s3_slope""]",s11_slope,1,1,True,True,0.25,0.25,False,1.0,0.0
nasa_fd001,u043_e0140,2,0,degraded,healthy,4,"[""s13_delta_mean"", ""s13_slope"", ""s4_z_last"", ""s12_z_last""]",s4_slope,0,0,False,False,0.0,0.0,False,1.0,0.0
nasa_fd001,u043_e0140,2,1,degraded,healthy,4,"[""s13_delta_mean"", ""s13_slope"", ""s4_z_last"", ""s12_z_last""]",s4_slope,0,0,False,False,0.0,0.0,False,1.0,0.0
nasa_fd001,u043_e0140,2,2,degraded,healthy,4,"[""s13_delta_mean"", ""s13_slope"", ""s4_z_last"", ""s12_z_last""]",s4_slope,0,0,False,False,0.0,0.0,False,1.0,0.0
nasa_fd001,u043_e0140,2,3,degraded,healthy,4,"[""s13_delta_mean"", ""s13_slope"", ""s4_z_last"", ""s9_z_last""]",s4_slope,0,0,False,False,0.0,0.0,False,1.0,0.0
nasa_fd001,u043_e0140,2,4,degraded,healthy,4,"[""s13_delta_mean"", ""s13_slope"", ""s4_z_last"", ""s9_z_last""]",s4_slope,0,0,False,False,0.0,0.0,False,1.0,0.0
nasa_fd001,u043_e0180,2,0,degraded,degraded,4,"[""s8_slope"", ""s8_delta_mean"", ""s15_delta_mean"", ""s15_slope""]",s11_slope,0,0,False,False,0.0,0.0,False,1.0,0.0
nasa_fd001,u043_e0180,2,1,degraded,degraded,3,"[""s8_slope"", ""s13_delta_mean"", ""s15_delta_mean""]",s11_slope,0,0,False,False,0.0,0.0,False,1.0,0.0
nasa_fd001,u043_e0180,2,2,degraded,degraded,4,"[""s8_slope"", ""s8_delta_mean"", ""s15_delta_mean"", ""s15_slope""]",s11_slope,0,0,False,False,0.0,0.0,False,1.0,0.0
nasa_fd001,u043_e0180,2,3,degraded,degraded,4,"[""s8_slope"", ""s8_delta_mean"", ""s15_delta_mean"", ""s13_delta_mean""]",s11_slope,0,0,False,False,0.0,0.0,False,1.0,0.0
nasa_fd001,u043_e0180,2,4,degraded,degraded,4,"[""s8_slope"", ""s8_delta_mean"", ""s13_delta_mean"", ""s15_delta_mean""]",s11_slope,0,0,False,False,0.0,0.0,False,1.0,0.0
nasa_fd001,u043_e0190,2,0,degraded,degraded,3,"[""s13_delta_mean"", ""s7_delta_mean"", ""s11_delta_mean""]",s11_slope,1,1,True,True,0.3333333333333333,0.3333333333333333,False,1.0,0.0
nasa_fd001,u043_e0190,2,1,degraded,degraded,4,"[""s13_delta_mean"", ""s13_slope"", ""s7_delta_mean"", ""s7_slope""]",s11_slope,0,0,False,False,0.0,0.0,False,1.0,0.0
nasa_fd001,u043_e0190,2,2,healthy,degraded,4,"[""s7_delta_mean"", ""s7_slope"", ""s12_delta_mean"", ""s13_slope""]",s11_slope,0,0,False,False,0.0,0.0,False,1.0,0.0
nasa_fd001,u043_e0190,2,3,degraded,degraded,4,"[""s13_slope"", ""s7_slope"", ""s4_slope"", ""s8_slope""]",s11_slope,1,1,True,True,0.25,0.25,False,1.0,0.0
nasa_fd001,u043_e0190,2,4,degraded,degraded,4,"[""s13_delta_mean"", ""s13_slope"", ""s7_delta_mean"", ""s7_slope""]",s11_slope,0,0,False,False,0.0,0.0,False,1.0,0.0
nasa_fd001,u045_e0050,2,0,healthy,healthy,4,"[""s2_delta_mean"", ""s6_slope"", ""s11_z_last"", ""s21_z_last""]",s11_slope,0,0,False,False,0.0,0.0,False,1.0,0.0
nasa_fd001,u045_e0050,2,1,healthy,healthy,3,"[""s2_z_last"", ""s6_slope"", ""s21_z_last""]",s11_slope,0,0,False,False,0.0,0.0,False,1.0,0.0
nasa_fd001,u045_e0050,2,2,healthy,healthy,3,"[""s2_z_last"", ""s6_slope"", ""s11_z_last""]",s11_slope,0,0,False,False,0.0,0.0,False,1.0,0.0
nasa_fd001,u045_e0050,2,3,healthy,healthy,3,"[""s2_delta_mean"", ""s6_slope"", ""s21_z_last""]",s11_slope,0,0,False,False,0.0,0.0,False,1.0,0.0
nasa_fd001,u045_e0050,2,4,healthy,healthy,4,"[""s2_delta_mean"", ""s6_slope"", ""s11_z_last"", ""s21_z_last""]",s11_slope,0,0,False,False,0.0,0.0,False,1.0,0.0
nasa_fd001,u045_e0090,2,0,healthy,healthy,4,"[""s6_slope"", ""s3_slope"", ""s14_z_last"", ""s20_delta_mean""]",s11_slope,0,1,False,True,0.0,0.25,False,1.0,0.0
nasa_fd001,u045_e0090,2,1,healthy,healthy,4,"[""s6_slope"", ""s6_delta_mean"", ""s20_delta_mean"", ""s14_z_last""]",s11_slope,0,1,False,True,0.0,0.25,False,1.0,0.0
nasa_fd001,u045_e0090,2,2,healthy,healthy,4,"[""s6_slope"", ""s3_slope"", ""s20_delta_mean"", ""s14_z_last""]",s11_slope,0,1,False,True,0.0,0.25,False,1.0,0.0
nasa_fd001,u045_e0090,2,3,healthy,healthy,4,"[""s6_slope"", ""s3_slope"", ""s20_delta_mean"", ""s14_z_last""]",s11_slope,0,1,False,True,0.0,0.25,False,1.0,0.0
nasa_fd001,u045_e0090,2,4,healthy,healthy,4,"[""s6_slope"", ""s3_slope"", ""s20_delta_mean"", ""s14_z_last""]",s11_slope,0,1,False,True,0.0,0.25,False,1.0,0.0
nasa_fd001,u045_e0100,2,0,healthy,healthy,4,"[""s21_z_last"", ""s17_z_last"", ""s6_slope"", ""s15_slope""]",s11_slope,0,0,False,False,0.0,0.0,False,1.0,0.0
nasa_fd001,u045_e0100,2,1,healthy,healthy,4,"[""s21_z_last"", ""s17_z_last"", ""s3_slope"", ""s6_slope""]",s11_slope,0,0,False,False,0.0,0.0,False,1.0,0.0
nasa_fd001,u045_e0100,2,2,healthy,healthy,4,"[""s21_z_last"", ""s11_z_last"", ""s3_slope"", ""s17_z_last""]",s11_slope,0,0,False,False,0.0,0.0,False,1.0,0.0
nasa_fd001,u045_e0100,2,3,healthy,healthy,4,"[""s21_z_last"", ""s17_z_last"", ""s3_slope"", ""s6_slope""]",s11_slope,0,0,False,False,0.0,0.0,False,1.0,0.0
nasa_fd001,u045_e0100,2,4,healthy,healthy,3,"[""s21_z_last"", ""s17_z_last"", ""s3_slope""]",s11_slope,0,0,False,False,0.0,0.0,False,1.0,0.0
nasa_fd001,u046_e0070,2,0,degraded,healthy,4,"[""s6_delta_mean"", ""s6_slope"", ""s11_z_last"", ""s13_z_last""]",s11_slope,0,0,False,False,0.0,0.0,False,1.0,0.0
nasa_fd001,u046_e0070,2,1,degraded,healthy,4,"[""s6_delta_mean"", ""s6_slope"", ""s11_z_last"", ""s13_z_last""]",s11_slope,0,0,False,False,0.0,0.0,False,1.0,0.0
nasa_fd001,u046_e0070,2,2,degraded,healthy,4,"[""s6_delta_mean"", ""s6_slope"", ""s13_z_last"", ""s11_z_last""]",s11_slope,0,0,False,False,0.0,0.0,False,1.0,0.0
nasa_fd001,u046_e0070,2,3,degraded,healthy,4,"[""s6_delta_mean"", ""s6_slope"", ""s3_z_last"", ""s11_z_last""]",s11_slope,0,0,False,False,0.0,0.0,False,1.0,0.0
nasa_fd001,u046_e0070,2,4,degraded,healthy,4,"[""s6_delta_mean"", ""s6_slope"", ""s11_z_last"", ""s13_z_last""]",s11_slope,0,0,False,False,0.0,0.0,False,1.0,0.0
nasa_fd001,u046_e0090,2,0,degraded,healthy,4,"[""s6_slope"", ""s6_delta_mean"", ""s7_delta_mean"", ""s3_slope""]",s11_slope,0,0,False,False,0.0,0.0,False,1.0,0.0
nasa_fd001,u046_e0090,2,1,degraded,healthy,4,"[""s6_slope"", ""s6_delta_mean"", ""s7_z_last"", ""s3_slope""]",s11_slope,0,0,False,False,0.0,0.0,False,1.0,0.0
nasa_fd001,u046_e0090,2,2,degraded,healthy,3,"[""s6_slope"", ""s6_delta_mean"", ""s7_z_last""]",s11_slope,0,0,False,False,0.0,0.0,False,1.0,0.0
nasa_fd001,u046_e0090,2,3,degraded,healthy,4,"[""s6_delta_mean"", ""s6_slope"", ""s3_slope"", ""s8_slope""]",s11_slope,0,0,False,False,0.0,0.0,False,1.0,0.0
nasa_fd001,u046_e0090,2,4,degraded,healthy,3,"[""s6_delta_mean"", ""s6_slope"", ""s3_slope""]",s11_slope,0,0,False,False,0.0,0.0,False,1.0,0.0
nasa_fd001,u046_e0150,2,0,degraded,healthy,4,"[""s4_delta_mean"", ""s4_slope"", ""s11_z_last"", ""s12_slope""]",s11_slope,1,1,True,True,0.25,0.25,False,1.0,0.0
nasa_fd001,u046_e0150,2,1,degraded,healthy,4,"[""s4_delta_mean"", ""s4_slope"", ""s11_z_last"", ""s12_slope""]",s11_slope,1,1,True,True,0.25,0.25,False,1.0,0.0
nasa_fd001,u046_e0150,2,2,degraded,healthy,4,"[""s4_delta_mean"", ""s4_slope"", ""s11_z_last"", ""s21_z_last""]",s11_slope,1,1,True,True,0.25,0.25,False,1.0,0.0
nasa_fd001,u046_e0150,2,3,degraded,healthy,4,"[""s4_slope"", ""s11_z_last"", ""s12_slope"", ""s21_z_last""]",s11_slope,1,1,True,True,0.25,0.25,False,1.0,0.0
nasa_fd001,u046_e0150,2,4,degraded,healthy,4,"[""s4_delta_mean"", ""s4_slope"", ""s11_z_last"", ""s12_slope""]",s11_slope,1,1,True,True,0.25,0.25,False,1.0,0.0
nasa_fd001,u046_e0170,2,0,healthy,healthy,3,"[""s8_z_last"", ""s21_delta_mean"", ""s2_z_last""]",s15_slope,1,1,True,True,0.3333333333333333,0.3333333333333333,False,1.0,0.0
nasa_fd001,u046_e0170,2,1,healthy,healthy,4,"[""s8_z_last"", ""s21_delta_mean"", ""s2_z_last"", ""s3_slope""]",s15_slope,1,1,True,True,0.25,0.25,False,1.0,0.0
nasa_fd001,u046_e0170,2,2,healthy,healthy,3,"[""s8_z_last"", ""s21_delta_mean"", ""s2_z_last""]",s15_slope,1,1,True,True,0.3333333333333333,0.3333333333333333,False,1.0,0.0
nasa_fd001,u046_e0170,2,3,healthy,healthy,4,"[""s8_z_last"", ""s21_delta_mean"", ""s2_z_last"", ""s3_slope""]",s15_slope,1,1,True,True,0.25,0.25,False,1.0,0.0
nasa_fd001,u046_e0170,2,4,healthy,healthy,3,"[""s8_z_last"", ""s21_delta_mean"", ""s2_z_last""]",s15_slope,1,1,True,True,0.3333333333333333,0.3333333333333333,False,1.0,0.0
nasa_fd001,u046_e0180,2,0,degraded,healthy,4,"[""s7_z_last"", ""s13_delta_mean"", ""s8_z_last"", ""s17_z_last""]",s21_delta_mean,0,0,False,False,0.0,0.0,False,1.0,0.0
nasa_fd001,u046_e0180,2,1,healthy,healthy,4,"[""s13_delta_mean"", ""s8_z_last"", ""s7_z_last"", ""s4_z_last""]",s21_delta_mean,0,0,False,False,0.0,0.0,False,1.0,0.0
nasa_fd001,u046_e0180,2,2,healthy,healthy,4,"[""s13_delta_mean"", ""s8_z_last"", ""s7_z_last"", ""s17_z_last""]",s21_delta_mean,0,0,False,False,0.0,0.0,False,1.0,0.0
nasa_fd001,u046_e0180,2,3,degraded,healthy,4,"[""s7_z_last"", ""s17_z_last"", ""s13_delta_mean"", ""s8_z_last""]",s21_delta_mean,0,0,False,False,0.0,0.0,False,1.0,0.0
nasa_fd001,u046_e0180,2,4,degraded,healthy,4,"[""s7_z_last"", ""s17_z_last"", ""s14_slope"", ""s8_z_last""]",s21_delta_mean,0,0,False,False,0.0,0.0,False,1.0,0.0
nasa_fd001,u046_e0190,2,0,degraded,healthy,4,"[""s21_slope"", ""s12_slope"", ""s9_slope"", ""s8_slope""]",s4_slope,0,1,False,True,0.0,0.25,False,1.0,0.0
nasa_fd001,u046_e0190,2,1,healthy,healthy,3,"[""s2_z_last"", ""s3_z_last"", ""s15_z_last""]",s4_slope,0,0,False,False,0.0,0.0,False,1.0,0.0
nasa_fd001,u046_e0190,2,2,degraded,healthy,4,"[""s21_delta_mean"", ""s21_slope"", ""s12_slope"", ""s8_slope""]",s4_slope,1,2,True,True,0.25,0.5,False,1.0,0.0
nasa_fd001,u046_e0190,2,3,degraded,healthy,4,"[""s21_delta_mean"", ""s21_slope"", ""s12_slope"", ""s8_slope""]",s4_slope,1,2,True,True,0.25,0.5,False,1.0,0.0
nasa_fd001,u046_e0190,2,4,degraded,healthy,4,"[""s21_delta_mean"", ""s21_slope"", ""s12_slope"", ""s7_delta_mean""]",s4_slope,1,2,True,True,0.25,0.5,False,0.75,0.25
nasa_fd001,u054_e0070,2,0,healthy,healthy,3,"[""s6_slope"", ""s7_delta_mean"", ""s15_slope""]",s11_slope,0,1,False,True,0.0,0.3333333333333333,False,1.0,0.0
nasa_fd001,u054_e0070,2,1,healthy,healthy,4,"[""s6_slope"", ""s7_delta_mean"", ""s15_slope"", ""s17_delta_mean""]",s11_slope,0,1,False,True,0.0,0.25,False,1.0,0.0
nasa_fd001,u054_e0070,2,2,healthy,healthy,3,"[""s6_slope"", ""s7_delta_mean"", ""s15_slope""]",s11_slope,0,1,False,True,0.0,0.3333333333333333,False,1.0,0.0
nasa_fd001,u054_e0070,2,3,healthy,healthy,3,"[""s6_slope"", ""s7_delta_mean"", ""s15_delta_mean""]",s11_slope,0,0,False,False,0.0,0.0,False,1.0,0.0
nasa_fd001,u054_e0070,2,4,healthy,healthy,4,"[""s6_slope"", ""s7_delta_mean"", ""s15_delta_mean"", ""s17_delta_mean""]",s11_slope,0,0,False,False,0.0,0.0,False,1.0,0.0
nasa_fd001,u054_e0100,2,0,healthy,healthy,4,"[""s17_delta_mean"", ""s7_z_last"", ""s15_slope"", ""s3_z_last""]",s11_slope,0,1,False,True,0.0,0.25,False,1.0,0.0
nasa_fd001,u054_e0100,2,1,degraded,healthy,4,"[""s11_slope"", ""s15_slope"", ""s17_z_last"", ""s12_delta_mean""]",s11_slope,1,2,True,True,0.25,0.5,True,1.0,0.0
nasa_fd001,u054_e0100,2,2,degraded,healthy,4,"[""s11_slope"", ""s15_slope"", ""s17_z_last"", ""s12_delta_mean""]",s11_slope,1,2,True,True,0.25,0.5,True,1.0,0.0
nasa_fd001,u054_e0100,2,3,healthy,healthy,4,"[""s17_delta_mean"", ""s7_z_last"", ""s3_z_last"", ""s15_slope""]",s11_slope,0,1,False,True,0.0,0.25,False,1.0,0.0
nasa_fd001,u054_e0100,2,4,degraded,healthy,4,"[""s11_delta_mean"", ""s11_slope"", ""s15_delta_mean"", ""s17_z_last""]",s11_slope,2,2,True,True,0.5,0.5,True,1.0,0.0
nasa_fd001,u054_e0150,2,0,healthy,healthy,4,"[""s6_z_last"", ""s6_slope"", ""s13_z_last"", ""s12_delta_mean""]",s11_slope,0,1,False,True,0.0,0.25,False,1.0,0.0
nasa_fd001,u054_e0150,2,1,degraded,healthy,3,"[""s6_z_last"", ""s13_delta_mean"", ""s15_slope""]",s11_slope,0,1,False,True,0.0,0.3333333333333333,False,1.0,0.0
nasa_fd001,u054_e0150,2,2,healthy,healthy,3,"[""s6_z_last"", ""s13_slope"", ""s12_delta_mean""]",s11_slope,0,1,False,True,0.0,0.3333333333333333,False,1.0,0.0
nasa_fd001,u054_e0150,2,3,degraded,healthy,4,"[""s6_z_last"", ""s6_slope"", ""s13_slope"", ""s15_slope""]",s11_slope,0,1,False,True,0.0,0.25,False,1.0,0.0
nasa_fd001,u054_e0150,2,4,degraded,healthy,4,"[""s6_z_last"", ""s6_slope"", ""s13_delta_mean"", ""s15_slope""]",s11_slope,0,1,False,True,0.0,0.25,False,1.0,0.0
nasa_fd001,u054_e0250,2,0,degraded,degraded,4,"[""s9_slope"", ""s14_slope"", ""s12_slope"", ""s17_slope""]",s4_slope,0,0,False,False,0.0,0.0,False,1.0,0.0
nasa_fd001,u054_e0250,2,1,degraded,degraded,3,"[""s9_slope"", ""s14_slope"", ""s21_delta_mean""]",s4_slope,0,1,False,True,0.0,0.3333333333333333,False,1.0,0.0
nasa_fd001,u054_e0250,2,2,degraded,degraded,4,"[""s9_slope"", ""s14_delta_mean"", ""s14_slope"", ""s12_slope""]",s4_slope,0,0,False,False,0.0,0.0,False,1.0,0.0
nasa_fd001,u054_e0250,2,3,degraded,degraded,3,"[""s9_slope"", ""s14_delta_mean"", ""s12_slope""]",s4_slope,0,0,False,False,0.0,0.0,False,1.0,0.0
nasa_fd001,u054_e0250,2,4,degraded,degraded,4,"[""s9_delta_mean"", ""s14_delta_mean"", ""s14_slope"", ""s12_slope""]",s4_slope,0,0,False,False,0.0,0.0,False,1.0,0.0
nasa_fd001,u056_e0070,2,0,degraded,healthy,4,"[""s15_z_last"", ""s17_slope"", ""s7_z_last"", ""s20_z_last""]",s11_slope,0,0,False,False,0.0,0.0,False,1.0,0.0
nasa_fd001,u056_e0070,2,1,degraded,healthy,4,"[""s15_z_last"", ""s17_delta_mean"", ""s4_slope"", ""s7_z_last""]",s11_slope,1,1,True,True,0.25,0.25,False,1.0,0.0
nasa_fd001,u056_e0070,2,2,healthy,healthy,4,"[""s15_z_last"", ""s17_delta_mean"", ""s20_z_last"", ""s7_z_last""]",s11_slope,0,0,False,False,0.0,0.0,False,1.0,0.0
nasa_fd001,u056_e0070,2,3,healthy,healthy,4,"[""s15_z_last"", ""s17_delta_mean"", ""s20_z_last"", ""s7_z_last""]",s11_slope,0,0,False,False,0.0,0.0,False,1.0,0.0
nasa_fd001,u056_e0070,2,4,healthy,healthy,4,"[""s15_z_last"", ""s17_delta_mean"", ""s7_z_last"", ""s20_z_last""]",s11_slope,0,0,False,False,0.0,0.0,False,1.0,0.0
nasa_fd001,u056_e0080,2,0,degraded,healthy,4,"[""s4_slope"", ""s15_slope"", ""s13_slope"", ""s11_slope""]",s11_slope,2,3,True,True,0.5,0.75,True,1.0,0.0
nasa_fd001,u056_e0080,2,1,degraded,healthy,4,"[""s4_slope"", ""s15_slope"", ""s13_slope"", ""s11_slope""]",s11_slope,2,3,True,True,0.5,0.75,True,1.0,0.0
nasa_fd001,u056_e0080,2,2,degraded,healthy,4,"[""s15_slope"", ""s4_slope"", ""s13_slope"", ""s11_slope""]",s11_slope,2,3,True,True,0.5,0.75,True,1.0,0.0
nasa_fd001,u056_e0080,2,3,degraded,healthy,4,"[""s15_slope"", ""s4_slope"", ""s13_slope"", ""s7_delta_mean""]",s11_slope,1,2,True,True,0.25,0.5,False,1.0,0.0
nasa_fd001,u056_e0080,2,4,degraded,healthy,4,"[""s15_slope"", ""s4_slope"", ""s13_slope"", ""s11_slope""]",s11_slope,2,3,True,True,0.5,0.75,True,1.0,0.0
nasa_fd001,u056_e0110,2,0,healthy,healthy,4,"[""s3_slope"", ""s8_z_last"", ""s12_delta_mean"", ""s20_z_last""]",s11_slope,0,1,False,True,0.0,0.25,False,1.0,0.0
nasa_fd001,u056_e0110,2,1,healthy,healthy,4,"[""s3_slope"", ""s8_slope"", ""s20_delta_mean"", ""s12_delta_mean""]",s11_slope,0,1,False,True,0.0,0.25,False,1.0,0.0
nasa_fd001,u056_e0110,2,2,degraded,healthy,4,"[""s3_slope"", ""s8_slope"", ""s20_z_last"", ""s7_slope""]",s11_slope,0,0,False,False,0.0,0.0,False,1.0,0.0
nasa_fd001,u056_e0110,2,3,healthy,healthy,4,"[""s3_slope"", ""s8_slope"", ""s20_delta_mean"", ""s12_delta_mean""]",s11_slope,0,1,False,True,0.0,0.25,False,1.0,0.0
nasa_fd001,u056_e0110,2,4,degraded,healthy,3,"[""s3_slope"", ""s8_slope"", ""s20_z_last""]",s11_slope,0,0,False,False,0.0,0.0,False,1.0,0.0
nasa_fd001,u056_e0190,2,0,healthy,healthy,4,"[""s9_z_last"", ""s7_z_last"", ""s8_z_last"", ""s13_delta_mean""]",s11_slope,0,0,False,False,0.0,0.0,False,1.0,0.0
nasa_fd001,u056_e0190,2,1,healthy,healthy,3,"[""s9_z_last"", ""s7_z_last"", ""s8_z_last""]",s11_slope,0,0,False,False,0.0,0.0,False,1.0,0.0
nasa_fd001,u056_e0190,2,2,healthy,healthy,4,"[""s9_z_last"", ""s7_z_last"", ""s8_z_last"", ""s21_delta_mean""]",s11_slope,0,0,False,False,0.0,0.0,False,1.0,0.0
nasa_fd001,u056_e0190,2,3,degraded,healthy,4,"[""s8_slope"", ""s13_slope"", ""s17_slope"", ""s15_z_last""]",s11_slope,0,0,False,False,0.0,0.0,False,1.0,0.0
nasa_fd001,u056_e0190,2,4,healthy,healthy,4,"[""s9_z_last"", ""s7_z_last"", ""s8_z_last"", ""s21_delta_mean""]",s11_slope,0,0,False,False,0.0,0.0,False,1.0,0.0
nasa_fd001,u056_e0240,2,0,degraded,healthy,4,"[""s9_delta_mean"", ""s14_delta_mean"", ""s11_z_last"", ""s12_slope""]",s7_delta_mean,0,0,False,False,0.0,0.0,False,1.0,0.0
nasa_fd001,u056_e0240,2,1,degraded,healthy,4,"[""s9_delta_mean"", ""s14_delta_mean"", ""s9_slope"", ""s14_slope""]",s7_delta_mean,0,0,False,False,0.0,0.0,False,1.0,0.0
nasa_fd001,u056_e0240,2,2,degraded,healthy,4,"[""s9_delta_mean"", ""s9_slope"", ""s14_delta_mean"", ""s14_slope""]",s7_delta_mean,0,0,False,False,0.0,0.0,False,1.0,0.0
nasa_fd001,u056_e0240,2,3,degraded,healthy,4,"[""s9_delta_mean"", ""s14_delta_mean"", ""s9_slope"", ""s14_slope""]",s7_delta_mean,0,0,False,False,0.0,0.0,False,1.0,0.0
nasa_fd001,u056_e0240,2,4,degraded,healthy,4,"[""s9_delta_mean"", ""s14_delta_mean"", ""s11_z_last"", ""s9_slope""]",s7_delta_mean,0,0,False,False,0.0,0.0,False,1.0,0.0
nasa_fd001,u056_e0260,2,0,degraded,degraded,4,"[""s9_slope"", ""s14_slope"", ""s9_delta_mean"", ""s14_delta_mean""]",s7_slope,0,1,False,True,0.0,0.25,False,1.0,0.0
nasa_fd001,u056_e0260,2,1,degraded,degraded,4,"[""s9_slope"", ""s14_slope"", ""s9_delta_mean"", ""s14_delta_mean""]",s7_slope,0,1,False,True,0.0,0.25,False,1.0,0.0
nasa_fd001,u056_e0260,2,2,degraded,degraded,4,"[""s9_delta_mean"", ""s9_slope"", ""s14_delta_mean"", ""s14_slope""]",s7_slope,0,1,False,True,0.0,0.25,False,1.0,0.0
nasa_fd001,u056_e0260,2,3,degraded,degraded,4,"[""s9_delta_mean"", ""s9_slope"", ""s14_delta_mean"", ""s14_slope""]",s7_slope,0,1,False,True,0.0,0.25,False,1.0,0.0
nasa_fd001,u056_e0260,2,4,degraded,degraded,4,"[""s9_delta_mean"", ""s9_slope"", ""s14_delta_mean"", ""s14_slope""]",s7_slope,0,1,False,True,0.0,0.25,False,1.0,0.0
nasa_fd001,u070_e0120,2,0,degraded,degraded,4,"[""s2_delta_mean"", ""s3_slope"", ""s11_delta_mean"", ""s15_z_last""]",s11_slope,1,1,True,True,0.25,0.25,False,1.0,0.0
nasa_fd001,u070_e0120,2,1,degraded,degraded,4,"[""s11_delta_mean"", ""s3_slope"", ""s2_delta_mean"", ""s12_delta_mean""]",s11_slope,1,1,True,True,0.25,0.25,False,1.0,0.0
nasa_fd001,u070_e0120,2,2,degraded,degraded,4,"[""s11_delta_mean"", ""s3_slope"", ""s2_delta_mean"", ""s15_z_last""]",s11_slope,1,1,True,True,0.25,0.25,False,1.0,0.0
nasa_fd001,u070_e0120,2,3,degraded,degraded,4,"[""s2_delta_mean"", ""s11_delta_mean"", ""s3_slope"", ""s21_delta_mean""]",s11_slope,1,2,True,True,0.25,0.5,False,1.0,0.0
nasa_fd001,u070_e0120,2,4,degraded,degraded,4,"[""s11_delta_mean"", ""s3_slope"", ""s2_delta_mean"", ""s15_z_last""]",s11_slope,1,1,True,True,0.25,0.25,False,1.0,0.0
nasa_fd001,u071_e0190,2,0,degraded,degraded,4,"[""s9_slope"", ""s9_delta_mean"", ""s14_slope"", ""s14_delta_mean""]",s20_z_last,0,0,False,False,0.0,0.0,False,1.0,0.0
nasa_fd001,u071_e0190,2,1,degraded,degraded,4,"[""s9_slope"", ""s9_delta_mean"", ""s14_slope"", ""s14_delta_mean""]",s20_z_last,0,0,False,False,0.0,0.0,False,1.0,0.0
nasa_fd001,u071_e0190,2,2,degraded,degraded,4,"[""s9_slope"", ""s9_delta_mean"", ""s14_slope"", ""s14_delta_mean""]",s20_z_last,0,0,False,False,0.0,0.0,False,1.0,0.0
nasa_fd001,u071_e0190,2,3,degraded,degraded,4,"[""s9_slope"", ""s9_delta_mean"", ""s14_slope"", ""s14_delta_mean""]",s20_z_last,0,0,False,False,0.0,0.0,False,1.0,0.0
nasa_fd001,u071_e0190,2,4,degraded,degraded,4,"[""s9_slope"", ""s9_delta_mean"", ""s14_slope"", ""s14_delta_mean""]",s20_z_last,0,0,False,False,0.0,0.0,False,1.0,0.0
nasa_fd001,u074_e0100,2,0,healthy,healthy,4,"[""s13_z_last"", ""s15_z_last"", ""s14_z_last"", ""s20_z_last""]",s11_slope,0,0,False,False,0.0,0.0,False,1.0,0.0
nasa_fd001,u074_e0100,2,1,healthy,healthy,4,"[""s13_z_last"", ""s15_z_last"", ""s14_z_last"", ""s20_z_last""]",s11_slope,0,0,False,False,0.0,0.0,False,1.0,0.0
nasa_fd001,u074_e0100,2,2,degraded,healthy,4,"[""s14_z_last"", ""s17_slope"", ""s21_slope"", ""s13_z_last""]",s11_slope,0,1,False,True,0.0,0.25,False,1.0,0.0
nasa_fd001,u074_e0100,2,3,degraded,healthy,4,"[""s14_z_last"", ""s17_slope"", ""s21_slope"", ""s13_z_last""]",s11_slope,0,1,False,True,0.0,0.25,False,1.0,0.0
nasa_fd001,u074_e0100,2,4,healthy,healthy,3,"[""s13_z_last"", ""s15_z_last"", ""s14_z_last""]",s11_slope,0,0,False,False,0.0,0.0,False,1.0,0.0
nasa_fd001,u077_e0070,2,0,healthy,healthy,4,"[""s6_delta_mean"", ""s6_slope"", ""s20_delta_mean"", ""s4_z_last""]",s11_slope,0,0,False,False,0.0,0.0,False,1.0,0.0
nasa_fd001,u077_e0070,2,1,healthy,healthy,4,"[""s6_delta_mean"", ""s6_slope"", ""s20_delta_mean"", ""s4_z_last""]",s11_slope,0,0,False,False,0.0,0.0,False,1.0,0.0
nasa_fd001,u077_e0070,2,2,degraded,healthy,4,"[""s6_slope"", ""s20_delta_mean"", ""s4_z_last"", ""s9_z_last""]",s11_slope,0,0,False,False,0.0,0.0,False,1.0,0.0
nasa_fd001,u077_e0070,2,3,degraded,healthy,4,"[""s4_z_last"", ""s6_slope"", ""s9_z_last"", ""s20_delta_mean""]",s11_slope,0,0,False,False,0.0,0.0,False,1.0,0.0
nasa_fd001,u077_e0070,2,4,degraded,healthy,3,"[""s4_z_last"", ""s6_slope"", ""s15_slope""]",s11_slope,0,1,False,True,0.0,0.3333333333333333,False,1.0,0.0
nasa_fd001,u077_e0130,2,0,degraded,healthy,4,"[""s11_delta_mean"", ""s11_slope"", ""s12_delta_mean"", ""s12_slope""]",s11_slope,2,2,True,True,0.5,0.5,True,1.0,0.0
nasa_fd001,u077_e0130,2,1,healthy,healthy,4,"[""s12_delta_mean"", ""s14_z_last"", ""s17_z_last"", ""s21_delta_mean""]",s11_slope,0,0,False,False,0.0,0.0,False,1.0,0.0
nasa_fd001,u077_e0130,2,2,degraded,healthy,4,"[""s11_delta_mean"", ""s11_slope"", ""s12_delta_mean"", ""s12_slope""]",s11_slope,2,2,True,True,0.5,0.5,True,1.0,0.0
nasa_fd001,u077_e0130,2,3,degraded,healthy,4,"[""s11_delta_mean"", ""s11_slope"", ""s12_delta_mean"", ""s12_slope""]",s11_slope,2,2,True,True,0.5,0.5,True,1.0,0.0
nasa_fd001,u077_e0130,2,4,healthy,healthy,4,"[""s12_delta_mean"", ""s12_slope"", ""s14_z_last"", ""s17_z_last""]",s11_slope,0,0,False,False,0.0,0.0,False,1.0,0.0
nasa_fd001,u078_e0070,2,0,degraded,healthy,4,"[""s6_delta_mean"", ""s6_slope"", ""s11_z_last"", ""s7_z_last""]",s11_slope,0,0,False,False,0.0,0.0,False,1.0,0.0
nasa_fd001,u078_e0070,2,1,degraded,healthy,4,"[""s6_delta_mean"", ""s6_slope"", ""s11_z_last"", ""s7_z_last""]",s11_slope,0,0,False,False,0.0,0.0,False,1.0,0.0
nasa_fd001,u078_e0070,2,2,degraded,healthy,4,"[""s6_delta_mean"", ""s6_slope"", ""s11_z_last"", ""s7_z_last""]",s11_slope,0,0,False,False,0.0,0.0,False,1.0,0.0
nasa_fd001,u078_e0070,2,3,healthy,healthy,4,"[""s6_delta_mean"", ""s6_slope"", ""s7_z_last"", ""s11_z_last""]",s11_slope,0,0,False,False,0.0,0.0,False,1.0,0.0
nasa_fd001,u078_e0070,2,4,degraded,healthy,4,"[""s6_delta_mean"", ""s6_slope"", ""s11_z_last"", ""s7_z_last""]",s11_slope,0,0,False,False,0.0,0.0,False,1.0,0.0
nasa_fd001,u078_e0080,2,0,healthy,healthy,4,"[""s6_slope"", ""s11_z_last"", ""s8_z_last"", ""s17_slope""]",s11_slope,0,0,False,False,0.0,0.0,False,1.0,0.0
nasa_fd001,u078_e0080,2,1,healthy,healthy,3,"[""s6_slope"", ""s11_z_last"", ""s8_z_last""]",s11_slope,0,0,False,False,0.0,0.0,False,1.0,0.0
nasa_fd001,u078_e0080,2,2,healthy,healthy,4,"[""s6_slope"", ""s11_z_last"", ""s8_z_last"", ""s17_slope""]",s11_slope,0,0,False,False,0.0,0.0,False,1.0,0.0
nasa_fd001,u078_e0080,2,3,healthy,healthy,4,"[""s6_slope"", ""s11_z_last"", ""s8_z_last"", ""s17_slope""]",s11_slope,0,0,False,False,0.0,0.0,False,1.0,0.0
nasa_fd001,u078_e0080,2,4,healthy,healthy,3,"[""s6_slope"", ""s11_z_last"", ""s8_z_last""]",s11_slope,0,0,False,False,0.0,0.0,False,1.0,0.0
nasa_fd001,u078_e0170,2,0,degraded,healthy,4,"[""s6_slope"", ""s13_delta_mean"", ""s4_delta_mean"", ""s3_z_last""]",s15_slope,0,0,False,False,0.0,0.0,False,1.0,0.0
nasa_fd001,u078_e0170,2,1,degraded,healthy,4,"[""s6_slope"", ""s4_delta_mean"", ""s13_delta_mean"", ""s7_z_last""]",s15_slope,0,0,False,False,0.0,0.0,False,1.0,0.0
nasa_fd001,u078_e0170,2,2,degraded,healthy,4,"[""s6_slope"", ""s13_delta_mean"", ""s4_delta_mean"", ""s3_slope""]",s15_slope,0,0,False,False,0.0,0.0,False,1.0,0.0
nasa_fd001,u078_e0170,2,3,degraded,healthy,4,"[""s6_slope"", ""s4_delta_mean"", ""s13_delta_mean"", ""s7_z_last""]",s15_slope,0,0,False,False,0.0,0.0,False,1.0,0.0
nasa_fd001,u078_e0170,2,4,healthy,healthy,3,"[""s2_slope"", ""s6_slope"", ""s13_slope""]",s15_slope,0,0,False,False,0.0,0.0,False,0.6666666666666666,0.3333333333333333
nasa_fd001,u078_e0180,2,0,degraded,healthy,4,"[""s7_z_last"", ""s7_slope"", ""s6_slope"", ""s21_z_last""]",s21_delta_mean,0,0,False,False,0.0,0.0,False,1.0,0.0
nasa_fd001,u078_e0180,2,1,degraded,healthy,3,"[""s7_z_last"", ""s7_slope"", ""s6_slope""]",s21_delta_mean,0,0,False,False,0.0,0.0,False,1.0,0.0
nasa_fd001,u078_e0180,2,2,degraded,healthy,4,"[""s7_z_last"", ""s7_slope"", ""s21_z_last"", ""s6_slope""]",s21_delta_mean,0,0,False,False,0.0,0.0,False,1.0,0.0
nasa_fd001,u078_e0180,2,3,degraded,healthy,4,"[""s7_z_last"", ""s7_slope"", ""s6_slope"", ""s21_z_last""]",s21_delta_mean,0,0,False,False,0.0,0.0,False,1.0,0.0
nasa_fd001,u078_e0180,2,4,healthy,healthy,4,"[""s11_z_last"", ""s6_slope"", ""s7_z_last"", ""s4_z_last""]",s21_delta_mean,0,0,False,False,0.0,0.0,False,1.0,0.0
nasa_fd001,u078_e0190,2,0,degraded,degraded,3,"[""s15_slope"", ""s17_delta_mean"", ""s7_slope""]",s11_slope,0,0,False,False,0.0,0.0,False,1.0,0.0
nasa_fd001,u078_e0190,2,1,degraded,degraded,4,"[""s15_slope"", ""s17_slope"", ""s7_slope"", ""s12_delta_mean""]",s11_slope,0,1,False,True,0.0,0.25,False,1.0,0.0
nasa_fd001,u078_e0190,2,2,degraded,degraded,3,"[""s15_slope"", ""s21_delta_mean"", ""s7_slope""]",s11_slope,0,0,False,False,0.0,0.0,False,1.0,0.0
nasa_fd001,u078_e0190,2,3,degraded,degraded,3,"[""s15_slope"", ""s21_delta_mean"", ""s7_slope""]",s11_slope,0,0,False,False,0.0,0.0,False,1.0,0.0
nasa_fd001,u078_e0190,2,4,degraded,degraded,4,"[""s15_slope"", ""s17_slope"", ""s7_slope"", ""s12_delta_mean""]",s11_slope,0,1,False,True,0.0,0.25,False,1.0,0.0
nasa_fd001,u081_e0120,2,0,healthy,healthy,4,"[""s7_z_last"", ""s2_slope"", ""s11_z_last"", ""s20_z_last""]",s11_slope,0,0,False,False,0.0,0.0,False,1.0,0.0
nasa_fd001,u081_e0120,2,1,healthy,healthy,4,"[""s7_z_last"", ""s2_delta_mean"", ""s11_z_last"", ""s20_z_last""]",s11_slope,0,0,False,False,0.0,0.0,False,1.0,0.0
nasa_fd001,u081_e0120,2,2,degraded,healthy,4,"[""s7_z_last"", ""s7_slope"", ""s2_delta_mean"", ""s11_z_last""]",s11_slope,0,0,False,False,0.0,0.0,False,1.0,0.0
nasa_fd001,u081_e0120,2,3,healthy,healthy,4,"[""s7_z_last"", ""s2_slope"", ""s11_z_last"", ""s20_z_last""]",s11_slope,0,0,False,False,0.0,0.0,False,1.0,0.0
nasa_fd001,u081_e0120,2,4,healthy,healthy,3,"[""s7_z_last"", ""s2_slope"", ""s11_z_last""]",s11_slope,0,0,False,False,0.0,0.0,False,1.0,0.0
nasa_fd001,u081_e0130,2,0,healthy,healthy,4,"[""s2_delta_mean"", ""s6_delta_mean"", ""s17_slope"", ""s21_z_last""]",s11_slope,0,1,False,True,0.0,0.25,False,1.0,0.0
nasa_fd001,u081_e0130,2,1,healthy,healthy,3,"[""s2_delta_mean"", ""s6_slope"", ""s17_slope""]",s11_slope,0,1,False,True,0.0,0.3333333333333333,False,1.0,0.0
nasa_fd001,u081_e0130,2,2,healthy,healthy,3,"[""s2_delta_mean"", ""s6_slope"", ""s21_z_last""]",s11_slope,0,0,False,False,0.0,0.0,False,1.0,0.0
nasa_fd001,u081_e0130,2,3,healthy,healthy,4,"[""s2_delta_mean"", ""s6_delta_mean"", ""s17_slope"", ""s21_z_last""]",s11_slope,0,1,False,True,0.0,0.25,False,1.0,0.0
nasa_fd001,u081_e0130,2,4,healthy,healthy,3,"[""s2_delta_mean"", ""s6_delta_mean"", ""s17_slope""]",s11_slope,0,1,False,True,0.0,0.3333333333333333,False,1.0,0.0
nasa_fd001,u081_e0150,2,0,healthy,healthy,3,"[""s21_delta_mean"", ""s3_z_last"", ""s15_z_last""]",s11_slope,0,0,False,False,0.0,0.0,False,1.0,0.0
nasa_fd001,u081_e0150,2,1,healthy,healthy,4,"[""s21_delta_mean"", ""s21_slope"", ""s3_delta_mean"", ""s17_delta_mean""]",s11_slope,0,0,False,False,0.0,0.0,False,1.0,0.0
nasa_fd001,u081_e0150,2,2,healthy,healthy,3,"[""s21_z_last"", ""s3_z_last"", ""s2_delta_mean""]",s11_slope,0,0,False,False,0.0,0.0,False,1.0,0.0
nasa_fd001,u081_e0150,2,3,healthy,healthy,4,"[""s21_delta_mean"", ""s2_delta_mean"", ""s3_z_last"", ""s15_z_last""]",s11_slope,0,0,False,False,0.0,0.0,False,1.0,0.0
nasa_fd001,u081_e0150,2,4,degraded,healthy,3,"[""s3_delta_mean"", ""s14_z_last"", ""s17_z_last""]",s11_slope,0,0,False,False,0.0,0.0,False,1.0,0.0
nasa_fd001,u081_e0170,2,0,healthy,healthy,3,"[""s3_z_last"", ""s11_z_last"", ""s21_slope""]",s11_slope,0,0,False,False,0.0,0.0,False,1.0,0.0
nasa_fd001,u081_e0170,2,1,degraded,healthy,4,"[""s21_delta_mean"", ""s20_slope"", ""s9_slope"", ""s14_slope""]",s11_slope,1,2,True,True,0.25,0.5,False,1.0,0.0
nasa_fd001,u081_e0170,2,2,healthy,healthy,4,"[""s3_z_last"", ""s11_z_last"", ""s20_slope"", ""s21_slope""]",s11_slope,0,1,False,True,0.0,0.25,False,1.0,0.0
nasa_fd001,u081_e0170,2,3,degraded,healthy,4,"[""s9_slope"", ""s14_slope"", ""s21_slope"", ""s3_z_last""]",s11_slope,0,0,False,False,0.0,0.0,False,1.0,0.0
nasa_fd001,u081_e0170,2,4,healthy,healthy,4,"[""s3_z_last"", ""s11_z_last"", ""s21_slope"", ""s2_slope""]",s11_slope,0,0,False,False,0.0,0.0,False,1.0,0.0
nasa_fd001,u081_e0180,2,0,healthy,healthy,4,"[""s2_delta_mean"", ""s7_slope"", ""s9_z_last"", ""s11_slope""]",s4_slope,0,2,False,True,0.0,0.5,False,1.0,0.0
nasa_fd001,u081_e0180,2,1,healthy,healthy,4,"[""s2_delta_mean"", ""s7_slope"", ""s9_z_last"", ""s11_slope""]",s4_slope,0,2,False,True,0.0,0.5,False,1.0,0.0
nasa_fd001,u081_e0180,2,2,healthy,healthy,3,"[""s2_delta_mean"", ""s7_slope"", ""s9_slope""]",s4_slope,0,1,False,True,0.0,0.3333333333333333,False,1.0,0.0
nasa_fd001,u081_e0180,2,3,healthy,healthy,3,"[""s2_delta_mean"", ""s17_z_last"", ""s20_z_last""]",s4_slope,0,0,False,False,0.0,0.0,False,1.0,0.0
nasa_fd001,u081_e0180,2,4,degraded,healthy,4,"[""s2_z_last"", ""s7_slope"", ""s11_slope"", ""s21_slope""]",s4_slope,0,2,False,True,0.0,0.5,False,1.0,0.0
nasa_fd001,u081_e0190,2,0,degraded,healthy,4,"[""s17_slope"", ""s17_delta_mean"", ""s3_slope"", ""s21_delta_mean""]",s12_delta_mean,0,0,False,False,0.0,0.0,False,1.0,0.0
nasa_fd001,u081_e0190,2,1,healthy,healthy,4,"[""s17_delta_mean"", ""s3_slope"", ""s21_delta_mean"", ""s14_z_last""]",s12_delta_mean,0,0,False,False,0.0,0.0,False,1.0,0.0
nasa_fd001,u081_e0190,2,2,healthy,healthy,4,"[""s17_delta_mean"", ""s3_slope"", ""s14_z_last"", ""s21_delta_mean""]",s12_delta_mean,0,0,False,False,0.0,0.0,False,1.0,0.0
nasa_fd001,u081_e0190,2,3,healthy,healthy,4,"[""s17_delta_mean"", ""s17_slope"", ""s3_slope"", ""s21_delta_mean""]",s12_delta_mean,0,0,False,False,0.0,0.0,False,0.75,0.25
nasa_fd001,u081_e0190,2,4,degraded,healthy,4,"[""s17_delta_mean"", ""s17_slope"", ""s3_slope"", ""s11_delta_mean""]",s12_delta_mean,0,0,False,False,0.0,0.0,False,1.0,0.0
nasa_fd001,u081_e0200,2,0,degraded,degraded,3,"[""s13_slope"", ""s20_slope"", ""s4_slope""]",s11_delta_mean,0,1,False,True,0.0,0.3333333333333333,False,1.0,0.0
nasa_fd001,u081_e0200,2,1,healthy,degraded,4,"[""s13_slope"", ""s20_slope"", ""s14_z_last"", ""s15_slope""]",s11_delta_mean,0,0,False,False,0.0,0.0,False,1.0,0.0
nasa_fd001,u081_e0200,2,2,healthy,degraded,4,"[""s13_slope"", ""s20_slope"", ""s14_z_last"", ""s15_slope""]",s11_delta_mean,0,0,False,False,0.0,0.0,False,1.0,0.0
nasa_fd001,u081_e0200,2,3,healthy,degraded,4,"[""s13_slope"", ""s20_slope"", ""s14_z_last"", ""s11_z_last""]",s11_delta_mean,0,0,False,False,0.0,0.0,False,1.0,0.0
nasa_fd001,u081_e0200,2,4,healthy,degraded,4,"[""s13_slope"", ""s20_slope"", ""s4_slope"", ""s11_delta_mean""]",s11_delta_mean,1,2,True,True,0.25,0.5,True,1.0,0.0
nasa_fd001,u081_e0230,2,0,degraded,degraded,4,"[""s8_delta_mean"", ""s8_slope"", ""s13_delta_mean"", ""s13_slope""]",s20_slope,0,0,False,False,0.0,0.0,False,1.0,0.0
nasa_fd001,u081_e0230,2,1,degraded,degraded,4,"[""s8_delta_mean"", ""s8_slope"", ""s13_delta_mean"", ""s13_slope""]",s20_slope,0,0,False,False,0.0,0.0,False,1.0,0.0
nasa_fd001,u081_e0230,2,2,degraded,degraded,4,"[""s8_delta_mean"", ""s8_slope"", ""s13_delta_mean"", ""s13_slope""]",s20_slope,0,0,False,False,0.0,0.0,False,1.0,0.0
nasa_fd001,u081_e0230,2,3,degraded,degraded,4,"[""s8_delta_mean"", ""s8_slope"", ""s13_delta_mean"", ""s13_slope""]",s20_slope,0,0,False,False,0.0,0.0,False,1.0,0.0
nasa_fd001,u081_e0230,2,4,degraded,degraded,4,"[""s8_delta_mean"", ""s8_slope"", ""s13_delta_mean"", ""s13_slope""]",s20_slope,0,0,False,False,0.0,0.0,False,1.0,0.0
nasa_fd001,u084_e0170,2,0,healthy,healthy,4,"[""s12_z_last"", ""s21_z_last"", ""s15_z_last"", ""s20_delta_mean""]",s11_slope,0,0,False,False,0.0,0.0,False,1.0,0.0
nasa_fd001,u084_e0170,2,1,healthy,healthy,4,"[""s12_z_last"", ""s21_z_last"", ""s15_z_last"", ""s20_delta_mean""]",s11_slope,0,0,False,False,0.0,0.0,False,1.0,0.0
nasa_fd001,u084_e0170,2,2,healthy,healthy,4,"[""s12_z_last"", ""s15_z_last"", ""s21_z_last"", ""s8_slope""]",s11_slope,0,0,False,False,0.0,0.0,False,1.0,0.0
nasa_fd001,u084_e0170,2,3,healthy,healthy,4,"[""s12_z_last"", ""s21_z_last"", ""s15_z_last"", ""s8_slope""]",s11_slope,0,0,False,False,0.0,0.0,False,1.0,0.0
nasa_fd001,u084_e0170,2,4,healthy,healthy,3,"[""s12_z_last"", ""s21_z_last"", ""s15_z_last""]",s11_slope,0,0,False,False,0.0,0.0,False,1.0,0.0
nasa_fd001,u084_e0180,2,0,degraded,healthy,4,"[""s8_delta_mean"", ""s8_slope"", ""s7_z_last"", ""s17_delta_mean""]",s11_slope,0,0,False,False,0.0,0.0,False,1.0,0.0
nasa_fd001,u084_e0180,2,1,degraded,healthy,4,"[""s8_slope"", ""s8_delta_mean"", ""s2_delta_mean"", ""s17_slope""]",s11_slope,0,0,False,False,0.0,0.0,False,1.0,0.0
nasa_fd001,u084_e0180,2,2,degraded,healthy,4,"[""s8_slope"", ""s8_z_last"", ""s17_delta_mean"", ""s20_slope""]",s11_slope,0,0,False,False,0.0,0.0,False,1.0,0.0
nasa_fd001,u084_e0180,2,3,degraded,healthy,4,"[""s8_delta_mean"", ""s8_slope"", ""s7_z_last"", ""s20_slope""]",s11_slope,0,0,False,False,0.0,0.0,False,1.0,0.0
nasa_fd001,u084_e0180,2,4,degraded,healthy,4,"[""s8_slope"", ""s8_z_last"", ""s2_delta_mean"", ""s17_slope""]",s11_slope,0,0,False,False,0.0,0.0,False,1.0,0.0
nasa_fd001,u084_e0240,2,0,healthy,healthy,3,"[""s17_z_last"", ""s11_delta_mean"", ""s8_z_last""]",s11_slope,0,0,False,False,0.0,0.0,False,1.0,0.0
nasa_fd001,u084_e0240,2,1,healthy,healthy,4,"[""s17_z_last"", ""s11_delta_mean"", ""s12_slope"", ""s8_z_last""]",s11_slope,0,0,False,False,0.0,0.0,False,1.0,0.0
nasa_fd001,u084_e0240,2,2,degraded,healthy,4,"[""s12_slope"", ""s17_delta_mean"", ""s13_delta_mean"", ""s7_z_last""]",s11_slope,0,0,False,False,0.0,0.0,False,1.0,0.0
nasa_fd001,u084_e0240,2,3,degraded,healthy,3,"[""s12_slope"", ""s17_delta_mean"", ""s3_delta_mean""]",s11_slope,0,0,False,False,0.0,0.0,False,1.0,0.0
nasa_fd001,u084_e0240,2,4,healthy,healthy,4,"[""s7_z_last"", ""s8_z_last"", ""s17_z_last"", ""s12_slope""]",s11_slope,0,0,False,False,0.0,0.0,False,1.0,0.0
nasa_fd001,u089_e0120,2,0,healthy,healthy,4,"[""s6_delta_mean"", ""s6_slope"", ""s13_z_last"", ""s11_z_last""]",s11_slope,0,0,False,False,0.0,0.0,False,0.75,0.25
nasa_fd001,u089_e0120,2,1,healthy,healthy,4,"[""s6_delta_mean"", ""s6_slope"", ""s12_z_last"", ""s13_slope""]",s11_slope,0,0,False,False,0.0,0.0,False,1.0,0.0
nasa_fd001,u089_e0120,2,2,healthy,healthy,4,"[""s6_delta_mean"", ""s6_slope"", ""s12_z_last"", ""s9_z_last""]",s11_slope,0,0,False,False,0.0,0.0,False,1.0,0.0
nasa_fd001,u089_e0120,2,3,healthy,healthy,4,"[""s6_delta_mean"", ""s6_slope"", ""s13_slope"", ""s11_z_last""]",s11_slope,0,0,False,False,0.0,0.0,False,1.0,0.0
nasa_fd001,u089_e0120,2,4,healthy,healthy,3,"[""s6_delta_mean"", ""s6_slope"", ""s13_slope""]",s11_slope,0,0,False,False,0.0,0.0,False,1.0,0.0
nasa_fd001,u089_e0150,2,0,degraded,healthy,3,"[""s7_z_last"", ""s21_slope"", ""s17_slope""]",s11_slope,0,0,False,False,0.0,0.0,False,1.0,0.0
nasa_fd001,u089_e0150,2,1,degraded,healthy,3,"[""s7_z_last"", ""s13_delta_mean"", ""s21_slope""]",s11_slope,0,0,False,False,0.0,0.0,False,1.0,0.0
nasa_fd001,u089_e0150,2,2,degraded,healthy,4,"[""s7_z_last"", ""s7_slope"", ""s13_delta_mean"", ""s21_slope""]",s11_slope,0,0,False,False,0.0,0.0,False,1.0,0.0
nasa_fd001,u089_e0150,2,3,degraded,healthy,3,"[""s7_z_last"", ""s21_slope"", ""s17_slope""]",s11_slope,0,0,False,False,0.0,0.0,False,1.0,0.0
nasa_fd001,u089_e0150,2,4,degraded,healthy,4,"[""s7_z_last"", ""s7_slope"", ""s13_slope"", ""s21_slope""]",s11_slope,0,0,False,False,0.0,0.0,False,1.0,0.0
nasa_fd001,u091_e0110,2,0,degraded,healthy,4,"[""s8_slope"", ""s15_delta_mean"", ""s9_z_last"", ""s20_delta_mean""]",s21_delta_mean,0,0,False,False,0.0,0.0,False,1.0,0.0
nasa_fd001,u091_e0110,2,1,degraded,healthy,4,"[""s8_slope"", ""s15_delta_mean"", ""s9_z_last"", ""s20_slope""]",s21_delta_mean,0,0,False,False,0.0,0.0,False,1.0,0.0
nasa_fd001,u091_e0110,2,2,degraded,healthy,4,"[""s8_slope"", ""s9_z_last"", ""s15_delta_mean"", ""s20_delta_mean""]",s21_delta_mean,0,0,False,False,0.0,0.0,False,1.0,0.0
nasa_fd001,u091_e0110,2,3,degraded,healthy,4,"[""s8_delta_mean"", ""s8_slope"", ""s9_z_last"", ""s15_delta_mean""]",s21_delta_mean,0,0,False,False,0.0,0.0,False,1.0,0.0
nasa_fd001,u091_e0110,2,4,degraded,healthy,4,"[""s8_slope"", ""s11_z_last"", ""s9_z_last"", ""s7_slope""]",s21_delta_mean,0,0,False,False,0.0,0.0,False,1.0,0.0
nasa_fd001,u001_e0050,3,0,healthy,healthy,4,"[""s21_delta_mean"", ""s21_z_last"", ""s12_delta_mean"", ""s12_z_last""]",s11_slope,0,1,False,True,0.0,0.25,False,1.0,0.0
nasa_fd001,u001_e0050,3,1,healthy,healthy,3,"[""s21_delta_mean"", ""s12_delta_mean"", ""s21_z_last""]",s11_slope,0,1,False,True,0.0,0.3333333333333333,False,1.0,0.0
nasa_fd001,u001_e0050,3,2,healthy,healthy,3,"[""s21_delta_mean"", ""s12_z_last"", ""s7_slope""]",s11_slope,0,0,False,False,0.0,0.0,False,1.0,0.0
nasa_fd001,u001_e0050,3,3,healthy,healthy,4,"[""s21_delta_mean"", ""s12_z_last"", ""s7_slope"", ""s3_slope""]",s11_slope,0,0,False,False,0.0,0.0,False,1.0,0.0
nasa_fd001,u001_e0050,3,4,healthy,healthy,4,"[""s21_delta_mean"", ""s12_delta_mean"", ""s21_z_last"", ""s7_slope""]",s11_slope,0,1,False,True,0.0,0.25,False,1.0,0.0
nasa_fd001,u001_e0080,3,0,healthy,healthy,3,"[""s4_z_last"", ""s17_delta_mean"", ""s11_z_last""]",s11_slope,0,0,False,False,0.0,0.0,False,1.0,0.0
nasa_fd001,u001_e0080,3,1,healthy,healthy,4,"[""s4_z_last"", ""s17_delta_mean"", ""s11_z_last"", ""s20_delta_mean""]",s11_slope,0,0,False,False,0.0,0.0,False,1.0,0.0
nasa_fd001,u001_e0080,3,2,healthy,healthy,4,"[""s4_z_last"", ""s3_delta_mean"", ""s11_z_last"", ""s17_delta_mean""]",s11_slope,0,0,False,False,0.0,0.0,False,1.0,0.0
nasa_fd001,u001_e0080,3,3,healthy,healthy,4,"[""s4_z_last"", ""s3_delta_mean"", ""s17_delta_mean"", ""s15_delta_mean""]",s11_slope,0,0,False,False,0.0,0.0,False,1.0,0.0
nasa_fd001,u001_e0080,3,4,healthy,healthy,3,"[""s4_z_last"", ""s3_delta_mean"", ""s11_z_last""]",s11_slope,0,0,False,False,0.0,0.0,False,1.0,0.0
nasa_fd001,u001_e0100,3,0,healthy,healthy,4,"[""s7_z_last"", ""s4_z_last"", ""s15_slope"", ""s20_slope""]",s11_slope,0,1,False,True,0.0,0.25,False,1.0,0.0
nasa_fd001,u001_e0100,3,1,healthy,healthy,3,"[""s7_z_last"", ""s20_delta_mean"", ""s2_delta_mean""]",s11_slope,0,0,False,False,0.0,0.0,False,1.0,0.0
nasa_fd001,u001_e0100,3,2,healthy,healthy,4,"[""s4_z_last"", ""s7_z_last"", ""s21_z_last"", ""s15_slope""]",s11_slope,0,1,False,True,0.0,0.25,False,1.0,0.0
nasa_fd001,u001_e0100,3,3,healthy,healthy,4,"[""s7_z_last"", ""s20_delta_mean"", ""s2_delta_mean"", ""s15_slope""]",s11_slope,0,1,False,True,0.0,0.25,False,1.0,0.0
nasa_fd001,u001_e0100,3,4,healthy,healthy,4,"[""s7_z_last"", ""s4_z_last"", ""s20_slope"", ""s2_delta_mean""]",s11_slope,0,0,False,False,0.0,0.0,False,1.0,0.0
nasa_fd001,u001_e0140,3,0,healthy,healthy,4,"[""s2_delta_mean"", ""s2_z_last"", ""s8_z_last"", ""s7_z_last""]",s4_slope,0,0,False,False,0.0,0.0,False,1.0,0.0
nasa_fd001,u001_e0140,3,1,healthy,healthy,4,"[""s2_delta_mean"", ""s8_z_last"", ""s7_z_last"", ""s13_slope""]",s4_slope,0,0,False,False,0.0,0.0,False,1.0,0.0
nasa_fd001,u001_e0140,3,2,degraded,healthy,4,"[""s2_delta_mean"", ""s8_z_last"", ""s7_z_last"", ""s13_slope""]",s4_slope,0,0,False,False,0.0,0.0,False,1.0,0.0
nasa_fd001,u001_e0140,3,3,degraded,healthy,4,"[""s2_delta_mean"", ""s13_slope"", ""s7_z_last"", ""s9_slope""]",s4_slope,0,0,False,False,0.0,0.0,False,1.0,0.0
nasa_fd001,u001_e0140,3,4,degraded,healthy,4,"[""s2_delta_mean"", ""s13_slope"", ""s7_z_last"", ""s9_slope""]",s4_slope,0,0,False,False,0.0,0.0,False,1.0,0.0
nasa_fd001,u001_e0170,3,0,degraded,degraded,4,"[""s8_slope"", ""s13_slope"", ""s11_slope"", ""s4_slope""]",s11_slope,2,2,True,True,0.5,0.5,True,1.0,0.0
nasa_fd001,u001_e0170,3,1,degraded,degraded,4,"[""s8_slope"", ""s13_slope"", ""s11_slope"", ""s4_slope""]",s11_slope,2,2,True,True,0.5,0.5,True,1.0,0.0
nasa_fd001,u001_e0170,3,2,degraded,degraded,4,"[""s8_slope"", ""s13_slope"", ""s4_slope"", ""s15_slope""]",s11_slope,1,1,True,True,0.25,0.25,False,1.0,0.0
nasa_fd001,u001_e0170,3,3,degraded,degraded,4,"[""s8_slope"", ""s13_slope"", ""s11_slope"", ""s4_slope""]",s11_slope,2,2,True,True,0.5,0.5,True,1.0,0.0
nasa_fd001,u001_e0170,3,4,degraded,degraded,4,"[""s8_slope"", ""s13_slope"", ""s11_slope"", ""s4_slope""]",s11_slope,2,2,True,True,0.5,0.5,True,1.0,0.0
nasa_fd001,u005_e0080,3,0,degraded,healthy,4,"[""s3_slope"", ""s3_delta_mean"", ""s13_z_last"", ""s17_slope""]",s11_slope,0,0,False,False,0.0,0.0,False,1.0,0.0
nasa_fd001,u005_e0080,3,1,degraded,healthy,3,"[""s3_slope"", ""s13_z_last"", ""s12_slope""]",s11_slope,0,0,False,False,0.0,0.0,False,1.0,0.0
nasa_fd001,u005_e0080,3,2,healthy,healthy,4,"[""s3_slope"", ""s12_slope"", ""s2_delta_mean"", ""s20_z_last""]",s11_slope,0,0,False,False,0.0,0.0,False,1.0,0.0
nasa_fd001,u005_e0080,3,3,degraded,healthy,4,"[""s3_slope"", ""s13_z_last"", ""s12_slope"", ""s17_slope""]",s11_slope,0,0,False,False,0.0,0.0,False,1.0,0.0
nasa_fd001,u005_e0080,3,4,healthy,healthy,3,"[""s3_delta_mean"", ""s12_slope"", ""s20_z_last""]",s11_slope,0,0,False,False,0.0,0.0,False,1.0,0.0
nasa_fd001,u005_e0110,3,0,healthy,healthy,4,"[""s3_z_last"", ""s8_slope"", ""s20_delta_mean"", ""s21_z_last""]",s11_slope,0,0,False,False,0.0,0.0,False,1.0,0.0
nasa_fd001,u005_e0110,3,1,degraded,healthy,4,"[""s8_slope"", ""s11_z_last"", ""s2_z_last"", ""s20_slope""]",s11_slope,0,0,False,False,0.0,0.0,False,1.0,0.0
nasa_fd001,u005_e0110,3,2,degraded,healthy,4,"[""s8_slope"", ""s3_slope"", ""s11_z_last"", ""s20_slope""]",s11_slope,0,0,False,False,0.0,0.0,False,1.0,0.0
nasa_fd001,u005_e0110,3,3,healthy,healthy,4,"[""s3_z_last"", ""s8_slope"", ""s20_delta_mean"", ""s6_slope""]",s11_slope,0,0,False,False,0.0,0.0,False,1.0,0.0
nasa_fd001,u005_e0110,3,4,degraded,healthy,4,"[""s8_slope"", ""s2_slope"", ""s11_z_last"", ""s20_slope""]",s11_slope,0,0,False,False,0.0,0.0,False,1.0,0.0
nasa_fd001,u005_e0150,3,0,healthy,healthy,4,"[""s7_delta_mean"", ""s7_slope"", ""s4_z_last"", ""s15_slope""]",s11_slope,0,0,False,False,0.0,0.0,False,1.0,0.0
nasa_fd001,u005_e0150,3,1,healthy,healthy,4,"[""s7_delta_mean"", ""s7_slope"", ""s15_delta_mean"", ""s15_slope""]",s11_slope,0,0,False,False,0.0,0.0,False,1.0,0.0
nasa_fd001,u005_e0150,3,2,healthy,healthy,4,"[""s7_delta_mean"", ""s7_slope"", ""s4_z_last"", ""s15_delta_mean""]",s11_slope,0,0,False,False,0.0,0.0,False,1.0,0.0
nasa_fd001,u005_e0150,3,3,healthy,healthy,4,"[""s7_delta_mean"", ""s7_slope"", ""s4_z_last"", ""s15_delta_mean""]",s11_slope,0,0,False,False,0.0,0.0,False,1.0,0.0
nasa_fd001,u005_e0150,3,4,healthy,healthy,4,"[""s7_delta_mean"", ""s15_delta_mean"", ""s4_z_last"", ""s9_z_last""]",s11_slope,0,0,False,False,0.0,0.0,False,1.0,0.0
nasa_fd001,u005_e0180,3,0,healthy,healthy,3,"[""s8_z_last"", ""s9_z_last"", ""s14_z_last""]",s11_slope,0,0,False,False,0.0,0.0,False,1.0,0.0
nasa_fd001,u005_e0180,3,1,healthy,healthy,4,"[""s8_z_last"", ""s9_z_last"", ""s7_z_last"", ""s3_z_last""]",s11_slope,0,0,False,False,0.0,0.0,False,1.0,0.0
nasa_fd001,u005_e0180,3,2,healthy,healthy,3,"[""s8_z_last"", ""s9_z_last"", ""s14_z_last""]",s11_slope,0,0,False,False,0.0,0.0,False,1.0,0.0
nasa_fd001,u005_e0180,3,3,healthy,healthy,4,"[""s9_z_last"", ""s14_z_last"", ""s8_z_last"", ""s21_slope""]",s11_slope,0,0,False,False,0.0,0.0,False,1.0,0.0
nasa_fd001,u005_e0180,3,4,healthy,healthy,3,"[""s8_z_last"", ""s9_z_last"", ""s7_z_last""]",s11_slope,0,0,False,False,0.0,0.0,False,1.0,0.0
nasa_fd001,u005_e0230,3,0,degraded,degraded,4,"[""s13_delta_mean"", ""s17_slope"", ""s21_delta_mean"", ""s12_delta_mean""]",s11_slope,1,1,True,True,0.25,0.25,False,1.0,0.0
nasa_fd001,u005_e0230,3,1,degraded,degraded,4,"[""s13_delta_mean"", ""s17_slope"", ""s21_delta_mean"", ""s12_delta_mean""]",s11_slope,1,1,True,True,0.25,0.25,False,1.0,0.0
nasa_fd001,u005_e0230,3,2,degraded,degraded,4,"[""s13_delta_mean"", ""s17_slope"", ""s21_delta_mean"", ""s12_delta_mean""]",s11_slope,1,1,True,True,0.25,0.25,False,1.0,0.0
nasa_fd001,u005_e0230,3,3,degraded,degraded,4,"[""s13_delta_mean"", ""s17_slope"", ""s21_delta_mean"", ""s12_delta_mean""]",s11_slope,1,1,True,True,0.25,0.25,False,1.0,0.0
nasa_fd001,u005_e0230,3,4,degraded,degraded,4,"[""s13_delta_mean"", ""s17_slope"", ""s21_delta_mean"", ""s12_delta_mean""]",s11_slope,1,1,True,True,0.25,0.25,False,1.0,0.0
nasa_fd001,u005_e0250,3,0,degraded,degraded,4,"[""s9_slope"", ""s14_slope"", ""s21_z_last"", ""s15_slope""]",s11_slope,0,0,False,False,0.0,0.0,False,1.0,0.0
nasa_fd001,u005_e0250,3,1,degraded,degraded,4,"[""s9_slope"", ""s14_slope"", ""s20_z_last"", ""s21_z_last""]",s11_slope,0,0,False,False,0.0,0.0,False,1.0,0.0
nasa_fd001,u005_e0250,3,2,degraded,degraded,4,"[""s9_slope"", ""s14_slope"", ""s21_z_last"", ""s15_slope""]",s11_slope,0,0,False,False,0.0,0.0,False,1.0,0.0
nasa_fd001,u005_e0250,3,3,degraded,degraded,4,"[""s9_slope"", ""s14_slope"", ""s20_slope"", ""s21_slope""]",s11_slope,0,0,False,False,0.0,0.0,False,1.0,0.0
nasa_fd001,u005_e0250,3,4,degraded,degraded,4,"[""s9_slope"", ""s14_slope"", ""s20_z_last"", ""s21_z_last""]",s11_slope,0,0,False,False,0.0,0.0,False,1.0,0.0
nasa_fd001,u005_e0260,3,0,degraded,degraded,3,"[""s3_slope"", ""s15_slope"", ""s12_slope""]",s11_slope,0,0,False,False,0.0,0.0,False,1.0,0.0
nasa_fd001,u005_e0260,3,1,degraded,degraded,3,"[""s3_slope"", ""s15_slope"", ""s21_slope""]",s11_slope,0,0,False,False,0.0,0.0,False,1.0,0.0
nasa_fd001,u005_e0260,3,2,degraded,degraded,3,"[""s3_slope"", ""s15_slope"", ""s21_slope""]",s11_slope,0,0,False,False,0.0,0.0,False,1.0,0.0
nasa_fd001,u005_e0260,3,3,degraded,degraded,4,"[""s3_slope"", ""s15_slope"", ""s12_delta_mean"", ""s21_slope""]",s11_slope,0,0,False,False,0.0,0.0,False,1.0,0.0
nasa_fd001,u005_e0260,3,4,degraded,degraded,3,"[""s3_slope"", ""s15_slope"", ""s21_slope""]",s11_slope,0,0,False,False,0.0,0.0,False,1.0,0.0
nasa_fd001,u011_e0050,3,0,healthy,healthy,4,"[""s6_slope"", ""s6_delta_mean"", ""s21_slope"", ""s21_z_last""]",s11_slope,0,0,False,False,0.0,0.0,False,1.0,0.0
nasa_fd001,u011_e0050,3,1,healthy,healthy,3,"[""s6_slope"", ""s6_delta_mean"", ""s21_slope""]",s11_slope,0,0,False,False,0.0,0.0,False,1.0,0.0
nasa_fd001,u011_e0050,3,2,healthy,healthy,4,"[""s6_slope"", ""s6_delta_mean"", ""s21_slope"", ""s3_z_last""]",s11_slope,0,0,False,False,0.0,0.0,False,1.0,0.0
nasa_fd001,u011_e0050,3,3,healthy,healthy,4,"[""s6_slope"", ""s6_delta_mean"", ""s21_slope"", ""s21_z_last""]",s11_slope,0,0,False,False,0.0,0.0,False,1.0,0.0
nasa_fd001,u011_e0050,3,4,healthy,healthy,4,"[""s6_slope"", ""s6_delta_mean"", ""s21_slope"", ""s21_z_last""]",s11_slope,0,0,False,False,0.0,0.0,False,1.0,0.0
nasa_fd001,u011_e0070,3,0,healthy,healthy,3,"[""s6_slope"", ""s8_z_last"", ""s15_delta_mean""]",s11_slope,0,0,False,False,0.0,0.0,False,1.0,0.0
nasa_fd001,u011_e0070,3,1,healthy,healthy,3,"[""s6_slope"", ""s7_delta_mean"", ""s8_z_last""]",s11_slope,0,0,False,False,0.0,0.0,False,1.0,0.0
nasa_fd001,u011_e0070,3,2,healthy,healthy,3,"[""s6_slope"", ""s7_slope"", ""s8_z_last""]",s11_slope,0,0,False,False,0.0,0.0,False,1.0,0.0
nasa_fd001,u011_e0070,3,3,healthy,healthy,3,"[""s6_slope"", ""s8_z_last"", ""s15_delta_mean""]",s11_slope,0,0,False,False,0.0,0.0,False,1.0,0.0
nasa_fd001,u011_e0070,3,4,healthy,healthy,3,"[""s6_slope"", ""s7_delta_mean"", ""s8_z_last""]",s11_slope,0,0,False,False,0.0,0.0,False,1.0,0.0
nasa_fd001,u011_e0130,3,0,healthy,healthy,3,"[""s20_delta_mean"", ""s21_z_last"", ""s11_z_last""]",s11_slope,0,0,False,False,0.0,0.0,False,1.0,0.0
nasa_fd001,u011_e0130,3,1,degraded,healthy,4,"[""s3_delta_mean"", ""s13_delta_mean"", ""s15_slope"", ""s20_z_last""]",s11_slope,0,1,False,True,0.0,0.25,False,1.0,0.0
nasa_fd001,u011_e0130,3,2,healthy,healthy,4,"[""s11_z_last"", ""s20_delta_mean"", ""s3_delta_mean"", ""s21_z_last""]",s11_slope,0,0,False,False,0.0,0.0,False,1.0,0.0
nasa_fd001,u011_e0130,3,3,healthy,healthy,4,"[""s20_delta_mean"", ""s21_z_last"", ""s11_z_last"", ""s3_delta_mean""]",s11_slope,0,0,False,False,0.0,0.0,False,1.0,0.0
nasa_fd001,u011_e0130,3,4,degraded,healthy,4,"[""s2_delta_mean"", ""s3_delta_mean"", ""s15_slope"", ""s13_delta_mean""]",s11_slope,0,1,False,True,0.0,0.25,False,1.0,0.0
nasa_fd001,u011_e0160,3,0,healthy,healthy,3,"[""s7_z_last"", ""s14_slope"", ""s21_delta_mean""]",s11_slope,0,0,False,False,0.0,0.0,False,1.0,0.0
nasa_fd001,u011_e0160,3,1,healthy,healthy,4,"[""s7_z_last"", ""s15_z_last"", ""s17_delta_mean"", ""s21_delta_mean""]",s11_slope,0,0,False,False,0.0,0.0,False,1.0,0.0
nasa_fd001,u011_e0160,3,2,healthy,healthy,3,"[""s7_z_last"", ""s15_z_last"", ""s12_slope""]",s11_slope,0,1,False,True,0.0,0.3333333333333333,False,1.0,0.0
nasa_fd001,u011_e0160,3,3,healthy,healthy,4,"[""s7_z_last"", ""s14_slope"", ""s21_delta_mean"", ""s12_slope""]",s11_slope,0,1,False,True,0.0,0.25,False,1.0,0.0
nasa_fd001,u011_e0160,3,4,healthy,healthy,4,"[""s7_z_last"", ""s21_delta_mean"", ""s12_delta_mean"", ""s14_slope""]",s11_slope,1,1,True,True,0.25,0.25,False,1.0,0.0
nasa_fd001,u011_e0190,3,0,degraded,healthy,4,"[""s14_delta_mean"", ""s9_delta_mean"", ""s14_slope"", ""s9_slope""]",s4_slope,0,0,False,False,0.0,0.0,False,1.0,0.0
nasa_fd001,u011_e0190,3,1,degraded,healthy,4,"[""s9_delta_mean"", ""s14_delta_mean"", ""s14_slope"", ""s9_slope""]",s4_slope,0,0,False,False,0.0,0.0,False,1.0,0.0
nasa_fd001,u011_e0190,3,2,degraded,healthy,4,"[""s14_delta_mean"", ""s14_slope"", ""s9_delta_mean"", ""s9_slope""]",s4_slope,0,0,False,False,0.0,0.0,False,1.0,0.0
nasa_fd001,u011_e0190,3,3,healthy,healthy,4,"[""s3_z_last"", ""s14_z_last"", ""s7_z_last"", ""s9_slope""]",s4_slope,0,0,False,False,0.0,0.0,False,1.0,0.0
nasa_fd001,u011_e0190,3,4,healthy,healthy,4,"[""s3_z_last"", ""s14_z_last"", ""s2_z_last"", ""s7_z_last""]",s4_slope,0,0,False,False,0.0,0.0,False,1.0,0.0
nasa_fd001,u011_e0200,3,0,degraded,degraded,4,"[""s14_delta_mean"", ""s9_z_last"", ""s11_slope"", ""s21_slope""]",s4_slope,1,1,True,True,0.25,0.25,False,1.0,0.0
nasa_fd001,u011_e0200,3,1,degraded,degraded,4,"[""s14_delta_mean"", ""s14_slope"", ""s9_slope"", ""s21_slope""]",s4_slope,0,0,False,False,0.0,0.0,False,1.0,0.0
nasa_fd001,u011_e0200,3,2,degraded,degraded,4,"[""s14_delta_mean"", ""s14_slope"", ""s9_slope"", ""s21_slope""]",s4_slope,0,0,False,False,0.0,0.0,False,1.0,0.0
nasa_fd001,u011_e0200,3,3,degraded,degraded,4,"[""s14_delta_mean"", ""s14_slope"", ""s9_slope"", ""s21_slope""]",s4_slope,0,0,False,False,0.0,0.0,False,1.0,0.0
nasa_fd001,u011_e0200,3,4,degraded,degraded,3,"[""s14_delta_mean"", ""s9_slope"", ""s21_slope""]",s4_slope,0,0,False,False,0.0,0.0,False,1.0,0.0
nasa_fd001,u011_e0240,3,0,degraded,degraded,4,"[""s9_slope"", ""s14_delta_mean"", ""s20_slope"", ""s7_slope""]",s11_slope,0,0,False,False,0.0,0.0,False,1.0,0.0
nasa_fd001,u011_e0240,3,1,degraded,degraded,4,"[""s9_slope"", ""s14_delta_mean"", ""s9_delta_mean"", ""s14_slope""]",s11_slope,0,0,False,False,0.0,0.0,False,1.0,0.0
nasa_fd001,u011_e0240,3,2,degraded,degraded,3,"[""s9_slope"", ""s14_delta_mean"", ""s20_delta_mean""]",s11_slope,0,0,False,False,0.0,0.0,False,1.0,0.0
nasa_fd001,u011_e0240,3,3,degraded,degraded,3,"[""s9_slope"", ""s14_slope"", ""s20_slope""]",s11_slope,0,0,False,False,0.0,0.0,False,1.0,0.0
nasa_fd001,u011_e0240,3,4,degraded,degraded,4,"[""s9_slope"", ""s14_delta_mean"", ""s9_delta_mean"", ""s14_slope""]",s11_slope,0,0,False,False,0.0,0.0,False,1.0,0.0
nasa_fd001,u013_e0060,3,0,healthy,healthy,4,"[""s11_z_last"", ""s14_z_last"", ""s7_z_last"", ""s15_z_last""]",s11_slope,0,0,False,False,0.0,0.0,False,1.0,0.0
nasa_fd001,u013_e0060,3,1,healthy,healthy,4,"[""s11_z_last"", ""s14_z_last"", ""s15_z_last"", ""s20_z_last""]",s11_slope,0,0,False,False,0.0,0.0,False,1.0,0.0
nasa_fd001,u013_e0060,3,2,healthy,healthy,4,"[""s11_z_last"", ""s14_z_last"", ""s7_z_last"", ""s20_delta_mean""]",s11_slope,0,0,False,False,0.0,0.0,False,1.0,0.0
nasa_fd001,u013_e0060,3,3,healthy,healthy,4,"[""s11_z_last"", ""s14_z_last"", ""s7_z_last"", ""s15_z_last""]",s11_slope,0,0,False,False,0.0,0.0,False,1.0,0.0
nasa_fd001,u013_e0060,3,4,healthy,healthy,4,"[""s11_z_last"", ""s14_z_last"", ""s15_z_last"", ""s21_z_last""]",s11_slope,0,0,False,False,0.0,0.0,False,1.0,0.0
nasa_fd001,u013_e0070,3,0,degraded,healthy,4,"[""s17_z_last"", ""s15_delta_mean"", ""s7_slope"", ""s13_z_last""]",s11_slope,0,0,False,False,0.0,0.0,False,1.0,0.0
nasa_fd001,u013_e0070,3,1,degraded,healthy,4,"[""s17_z_last"", ""s15_delta_mean"", ""s11_delta_mean"", ""s7_slope""]",s11_slope,1,1,True,True,0.25,0.25,False,1.0,0.0
nasa_fd001,u013_e0070,3,2,degraded,healthy,4,"[""s17_z_last"", ""s15_delta_mean"", ""s13_z_last"", ""s7_slope""]",s11_slope,0,0,False,False,0.0,0.0,False,1.0,0.0
nasa_fd001,u013_e0070,3,3,degraded,healthy,4,"[""s17_z_last"", ""s13_z_last"", ""s15_delta_mean"", ""s7_slope""]",s11_slope,0,0,False,False,0.0,0.0,False,1.0,0.0
nasa_fd001,u013_e0070,3,4,healthy,healthy,3,"[""s17_z_last"", ""s13_z_last"", ""s7_slope""]",s11_slope,0,0,False,False,0.0,0.0,False,1.0,0.0
nasa_fd001,u013_e0120,3,0,degraded,healthy,4,"[""s14_z_last"", ""s14_slope"", ""s8_z_last"", ""s7_slope""]",s4_slope,0,0,False,False,0.0,0.0,False,1.0,0.0
nasa_fd001,u013_e0120,3,1,healthy,healthy,4,"[""s14_z_last"", ""s9_z_last"", ""s14_slope"", ""s20_z_last""]",s4_slope,0,0,False,False,0.0,0.0,False,1.0,0.0
nasa_fd001,u013_e0120,3,2,healthy,healthy,4,"[""s14_z_last"", ""s9_z_last"", ""s14_slope"", ""s20_z_last""]",s4_slope,0,0,False,False,0.0,0.0,False,1.0,0.0
nasa_fd001,u013_e0120,3,3,healthy,healthy,3,"[""s14_z_last"", ""s9_z_last"", ""s8_z_last""]",s4_slope,0,0,False,False,0.0,0.0,False,1.0,0.0
nasa_fd001,u013_e0120,3,4,healthy,healthy,4,"[""s14_z_last"", ""s9_z_last"", ""s14_slope"", ""s20_slope""]",s4_slope,0,0,False,False,0.0,0.0,False,1.0,0.0
nasa_fd001,u013_e0130,3,0,healthy,healthy,4,"[""s8_z_last"", ""s17_delta_mean"", ""s14_delta_mean"", ""s9_z_last""]",s4_slope,0,0,False,False,0.0,0.0,False,1.0,0.0
nasa_fd001,u013_e0130,3,1,healthy,healthy,4,"[""s3_z_last"", ""s14_delta_mean"", ""s17_delta_mean"", ""s9_z_last""]",s4_slope,0,0,False,False,0.0,0.0,False,1.0,0.0
nasa_fd001,u013_e0130,3,2,healthy,healthy,4,"[""s17_delta_mean"", ""s14_delta_mean"", ""s8_z_last"", ""s9_z_last""]",s4_slope,0,0,False,False,0.0,0.0,False,1.0,0.0
nasa_fd001,u013_e0130,3,3,degraded,healthy,4,"[""s9_delta_mean"", ""s9_z_last"", ""s14_delta_mean"", ""s17_delta_mean""]",s4_slope,0,0,False,False,0.0,0.0,False,1.0,0.0
nasa_fd001,u013_e0130,3,4,healthy,healthy,4,"[""s8_z_last"", ""s21_z_last"", ""s17_delta_mean"", ""s14_slope""]",s4_slope,0,0,False,False,0.0,0.0,False,1.0,0.0
nasa_fd001,u013_e0140,3,0,degraded,degraded,4,"[""s9_delta_mean"", ""s14_delta_mean"", ""s14_slope"", ""s9_slope""]",s4_slope,0,0,False,False,0.0,0.0,False,1.0,0.0
nasa_fd001,u013_e0140,3,1,degraded,degraded,4,"[""s14_delta_mean"", ""s9_slope"", ""s9_delta_mean"", ""s14_slope""]",s4_slope,0,0,False,False,0.0,0.0,False,1.0,0.0
nasa_fd001,u013_e0140,3,2,degraded,degraded,4,"[""s9_delta_mean"", ""s14_delta_mean"", ""s14_slope"", ""s9_slope""]",s4_slope,0,0,False,False,0.0,0.0,False,1.0,0.0
nasa_fd001,u013_e0140,3,3,degraded,degraded,4,"[""s9_delta_mean"", ""s14_delta_mean"", ""s9_slope"", ""s14_slope""]",s4_slope,0,0,False,False,0.0,0.0,False,1.0,0.0
nasa_fd001,u013_e0140,3,4,degraded,degraded,4,"[""s9_delta_mean"", ""s9_slope"", ""s14_delta_mean"", ""s14_slope""]",s4_slope,0,0,False,False,0.0,0.0,False,1.0,0.0
nasa_fd001,u013_e0160,3,0,degraded,degraded,4,"[""s9_slope"", ""s14_slope"", ""s9_delta_mean"", ""s14_delta_mean""]",s11_slope,0,0,False,False,0.0,0.0,False,1.0,0.0
nasa_fd001,u013_e0160,3,1,degraded,degraded,4,"[""s9_slope"", ""s9_delta_mean"", ""s14_slope"", ""s14_delta_mean""]",s11_slope,0,0,False,False,0.0,0.0,False,1.0,0.0
nasa_fd001,u013_e0160,3,2,degraded,degraded,4,"[""s9_slope"", ""s14_slope"", ""s9_delta_mean"", ""s14_delta_mean""]",s11_slope,0,0,False,False,0.0,0.0,False,1.0,0.0
nasa_fd001,u013_e0160,3,3,degraded,degraded,4,"[""s9_slope"", ""s14_slope"", ""s9_delta_mean"", ""s14_delta_mean""]",s11_slope,0,0,False,False,0.0,0.0,False,1.0,0.0
nasa_fd001,u013_e0160,3,4,degraded,degraded,4,"[""s9_slope"", ""s14_slope"", ""s9_delta_mean"", ""s14_delta_mean""]",s11_slope,0,0,False,False,0.0,0.0,False,1.0,0.0
nasa_fd001,u019_e0050,3,0,healthy,healthy,3,"[""s15_z_last"", ""s3_slope"", ""s17_z_last""]",s11_slope,0,0,False,False,0.0,0.0,False,1.0,0.0
nasa_fd001,u019_e0050,3,1,healthy,healthy,4,"[""s15_z_last"", ""s3_slope"", ""s20_z_last"", ""s17_z_last""]",s11_slope,0,0,False,False,0.0,0.0,False,1.0,0.0
nasa_fd001,u019_e0050,3,2,healthy,healthy,4,"[""s15_z_last"", ""s20_z_last"", ""s3_slope"", ""s17_z_last""]",s11_slope,0,0,False,False,0.0,0.0,False,1.0,0.0
nasa_fd001,u019_e0050,3,3,healthy,healthy,3,"[""s15_z_last"", ""s3_slope"", ""s20_z_last""]",s11_slope,0,0,False,False,0.0,0.0,False,1.0,0.0
nasa_fd001,u019_e0050,3,4,healthy,healthy,3,"[""s15_z_last"", ""s20_z_last"", ""s17_z_last""]",s11_slope,0,0,False,False,0.0,0.0,False,1.0,0.0
nasa_fd001,u019_e0060,3,0,healthy,healthy,4,"[""s3_slope"", ""s2_delta_mean"", ""s20_delta_mean"", ""s21_delta_mean""]",s11_slope,0,0,False,False,0.0,0.0,False,1.0,0.0
nasa_fd001,u019_e0060,3,1,healthy,healthy,4,"[""s2_delta_mean"", ""s3_slope"", ""s11_z_last"", ""s20_delta_mean""]",s11_slope,0,0,False,False,0.0,0.0,False,1.0,0.0
nasa_fd001,u019_e0060,3,2,healthy,healthy,4,"[""s2_delta_mean"", ""s3_slope"", ""s20_delta_mean"", ""s21_delta_mean""]",s11_slope,0,0,False,False,0.0,0.0,False,1.0,0.0
nasa_fd001,u019_e0060,3,3,healthy,healthy,4,"[""s3_slope"", ""s2_delta_mean"", ""s20_delta_mean"", ""s21_delta_mean""]",s11_slope,0,0,False,False,0.0,0.0,False,1.0,0.0
nasa_fd001,u019_e0060,3,4,healthy,healthy,4,"[""s2_delta_mean"", ""s3_slope"", ""s20_delta_mean"", ""s21_z_last""]",s11_slope,0,0,False,False,0.0,0.0,False,1.0,0.0
nasa_fd001,u023_e0120,3,0,healthy,healthy,3,"[""s2_slope"", ""s15_z_last"", ""s9_z_last""]",s4_slope,0,0,False,False,0.0,0.0,False,1.0,0.0
nasa_fd001,u023_e0120,3,1,healthy,healthy,3,"[""s2_delta_mean"", ""s15_z_last"", ""s9_z_last""]",s4_slope,0,0,False,False,0.0,0.0,False,1.0,0.0
nasa_fd001,u023_e0120,3,2,healthy,healthy,3,"[""s2_delta_mean"", ""s15_z_last"", ""s9_z_last""]",s4_slope,0,0,False,False,0.0,0.0,False,1.0,0.0
nasa_fd001,u023_e0120,3,3,healthy,healthy,3,"[""s2_delta_mean"", ""s9_z_last"", ""s15_z_last""]",s4_slope,0,0,False,False,0.0,0.0,False,1.0,0.0
nasa_fd001,u023_e0120,3,4,healthy,healthy,3,"[""s2_delta_mean"", ""s15_z_last"", ""s9_z_last""]",s4_slope,0,0,False,False,0.0,0.0,False,1.0,0.0
nasa_fd001,u023_e0130,3,0,degraded,healthy,4,"[""s13_delta_mean"", ""s13_slope"", ""s8_slope"", ""s20_delta_mean""]",s11_slope,0,0,False,False,0.0,0.0,False,1.0,0.0
nasa_fd001,u023_e0130,3,1,degraded,healthy,4,"[""s8_delta_mean"", ""s13_delta_mean"", ""s20_delta_mean"", ""s15_slope""]",s11_slope,0,0,False,False,0.0,0.0,False,1.0,0.0
nasa_fd001,u023_e0130,3,2,degraded,healthy,4,"[""s8_delta_mean"", ""s13_delta_mean"", ""s13_slope"", ""s20_delta_mean""]",s11_slope,0,0,False,False,0.0,0.0,False,1.0,0.0
nasa_fd001,u023_e0130,3,3,degraded,healthy,4,"[""s13_delta_mean"", ""s13_slope"", ""s8_slope"", ""s20_delta_mean""]",s11_slope,0,0,False,False,0.0,0.0,False,1.0,0.0
nasa_fd001,u023_e0130,3,4,degraded,healthy,4,"[""s13_delta_mean"", ""s13_slope"", ""s8_slope"", ""s20_delta_mean""]",s11_slope,0,0,False,False,0.0,0.0,False,1.0,0.0
nasa_fd001,u023_e0160,3,0,degraded,degraded,4,"[""s8_slope"", ""s13_slope"", ""s7_slope"", ""s4_slope""]",s11_slope,1,1,True,True,0.25,0.25,False,1.0,0.0
nasa_fd001,u023_e0160,3,1,degraded,degraded,4,"[""s13_slope"", ""s8_slope"", ""s4_slope"", ""s7_slope""]",s11_slope,1,1,True,True,0.25,0.25,False,1.0,0.0
nasa_fd001,u023_e0160,3,2,degraded,degraded,4,"[""s13_slope"", ""s8_slope"", ""s7_slope"", ""s4_slope""]",s11_slope,1,1,True,True,0.25,0.25,False,1.0,0.0
nasa_fd001,u023_e0160,3,3,degraded,degraded,4,"[""s4_slope"", ""s8_slope"", ""s13_slope"", ""s7_slope""]",s11_slope,1,1,True,True,0.25,0.25,False,1.0,0.0
nasa_fd001,u023_e0160,3,4,degraded,degraded,4,"[""s13_slope"", ""s8_slope"", ""s7_slope"", ""s4_slope""]",s11_slope,1,1,True,True,0.25,0.25,False,1.0,0.0
nasa_fd001,u027_e0050,3,0,healthy,healthy,3,"[""s20_z_last"", ""s7_delta_mean"", ""s2_z_last""]",s11_slope,0,0,False,False,0.0,0.0,False,1.0,0.0
nasa_fd001,u027_e0050,3,1,degraded,healthy,4,"[""s15_delta_mean"", ""s17_slope"", ""s20_delta_mean"", ""s7_slope""]",s11_slope,0,0,False,False,0.0,0.0,False,1.0,0.0
nasa_fd001,u027_e0050,3,2,degraded,healthy,4,"[""s15_slope"", ""s17_slope"", ""s13_slope"", ""s4_slope""]",s11_slope,1,1,True,True,0.25,0.25,False,1.0,0.0
nasa_fd001,u027_e0050,3,3,degraded,healthy,4,"[""s13_slope"", ""s17_slope"", ""s15_delta_mean"", ""s7_slope""]",s11_slope,0,0,False,False,0.0,0.0,False,1.0,0.0
nasa_fd001,u027_e0050,3,4,degraded,healthy,4,"[""s17_slope"", ""s15_delta_mean"", ""s4_slope"", ""s13_slope""]",s11_slope,1,1,True,True,0.25,0.25,False,1.0,0.0
nasa_fd001,u027_e0080,3,0,degraded,healthy,4,"[""s2_z_last"", ""s8_z_last"", ""s15_slope"", ""s12_delta_mean""]",s11_slope,0,1,False,True,0.0,0.25,False,1.0,0.0
nasa_fd001,u027_e0080,3,1,healthy,healthy,4,"[""s2_z_last"", ""s8_z_last"", ""s20_slope"", ""s3_z_last""]",s11_slope,0,0,False,False,0.0,0.0,False,0.75,0.25
nasa_fd001,u027_e0080,3,2,degraded,healthy,4,"[""s2_z_last"", ""s8_z_last"", ""s11_slope"", ""s12_delta_mean""]",s11_slope,1,2,True,True,0.25,0.5,True,1.0,0.0
nasa_fd001,u027_e0080,3,3,healthy,healthy,3,"[""s2_z_last"", ""s8_z_last"", ""s20_slope""]",s11_slope,0,0,False,False,0.0,0.0,False,1.0,0.0
nasa_fd001,u027_e0080,3,4,degraded,healthy,4,"[""s2_z_last"", ""s8_z_last"", ""s11_slope"", ""s20_slope""]",s11_slope,1,1,True,True,0.25,0.25,True,1.0,0.0
nasa_fd001,u027_e0090,3,0,healthy,healthy,4,"[""s2_z_last"", ""s7_z_last"", ""s21_z_last"", ""s6_slope""]",s11_slope,0,0,False,False,0.0,0.0,False,1.0,0.0
nasa_fd001,u027_e0090,3,1,healthy,healthy,4,"[""s2_z_last"", ""s7_z_last"", ""s21_z_last"", ""s6_slope""]",s11_slope,0,0,False,False,0.0,0.0,False,1.0,0.0
nasa_fd001,u027_e0090,3,2,healthy,healthy,4,"[""s2_z_last"", ""s7_z_last"", ""s6_slope"", ""s21_z_last""]",s11_slope,0,0,False,False,0.0,0.0,False,1.0,0.0
nasa_fd001,u027_e0090,3,3,healthy,healthy,3,"[""s2_z_last"", ""s7_z_last"", ""s6_slope""]",s11_slope,0,0,False,False,0.0,0.0,False,1.0,0.0
nasa_fd001,u027_e0090,3,4,healthy,healthy,3,"[""s2_z_last"", ""s7_z_last"", ""s6_slope""]",s11_slope,0,0,False,False,0.0,0.0,False,1.0,0.0
nasa_fd001,u027_e0100,3,0,healthy,healthy,4,"[""s6_slope"", ""s6_delta_mean"", ""s20_z_last"", ""s17_delta_mean""]",s11_slope,0,0,False,False,0.0,0.0,False,1.0,0.0
nasa_fd001,u027_e0100,3,1,healthy,healthy,4,"[""s6_slope"", ""s6_delta_mean"", ""s20_z_last"", ""s17_delta_mean""]",s11_slope,0,0,False,False,0.0,0.0,False,1.0,0.0
nasa_fd001,u027_e0100,3,2,degraded,healthy,4,"[""s6_slope"", ""s6_delta_mean"", ""s20_z_last"", ""s17_z_last""]",s11_slope,0,0,False,False,0.0,0.0,False,1.0,0.0
nasa_fd001,u027_e0100,3,3,degraded,healthy,4,"[""s6_slope"", ""s6_delta_mean"", ""s17_z_last"", ""s4_z_last""]",s11_slope,0,0,False,False,0.0,0.0,False,1.0,0.0
nasa_fd001,u027_e0100,3,4,healthy,healthy,3,"[""s6_slope"", ""s6_delta_mean"", ""s20_z_last""]",s11_slope,0,0,False,False,0.0,0.0,False,1.0,0.0
nasa_fd001,u031_e0060,3,0,healthy,healthy,3,"[""s6_delta_mean"", ""s21_z_last"", ""s7_z_last""]",s11_slope,0,0,False,False,0.0,0.0,False,1.0,0.0
nasa_fd001,u031_e0060,3,1,healthy,healthy,4,"[""s6_delta_mean"", ""s21_z_last"", ""s3_slope"", ""s7_z_last""]",s11_slope,0,0,False,False,0.0,0.0,False,1.0,0.0
nasa_fd001,u031_e0060,3,2,healthy,healthy,3,"[""s6_delta_mean"", ""s21_z_last"", ""s3_slope""]",s11_slope,0,0,False,False,0.0,0.0,False,1.0,0.0
nasa_fd001,u031_e0060,3,3,healthy,healthy,3,"[""s6_delta_mean"", ""s7_z_last"", ""s21_z_last""]",s11_slope,0,0,False,False,0.0,0.0,False,1.0,0.0
nasa_fd001,u031_e0060,3,4,healthy,healthy,4,"[""s6_delta_mean"", ""s6_slope"", ""s21_z_last"", ""s21_delta_mean""]",s11_slope,0,0,False,False,0.0,0.0,False,1.0,0.0
nasa_fd001,u031_e0080,3,0,healthy,healthy,4,"[""s6_delta_mean"", ""s6_slope"", ""s17_delta_mean"", ""s4_z_last""]",s11_slope,0,0,False,False,0.0,0.0,False,1.0,0.0
nasa_fd001,u031_e0080,3,1,degraded,healthy,4,"[""s6_delta_mean"", ""s6_slope"", ""s17_slope"", ""s3_delta_mean""]",s11_slope,0,0,False,False,0.0,0.0,False,1.0,0.0
nasa_fd001,u031_e0080,3,2,degraded,healthy,4,"[""s6_delta_mean"", ""s6_slope"", ""s17_slope"", ""s3_slope""]",s11_slope,0,0,False,False,0.0,0.0,False,1.0,0.0
nasa_fd001,u031_e0080,3,3,healthy,healthy,4,"[""s6_delta_mean"", ""s6_slope"", ""s17_delta_mean"", ""s4_z_last""]",s11_slope,0,0,False,False,0.0,0.0,False,1.0,0.0
nasa_fd001,u031_e0080,3,4,degraded,healthy,4,"[""s6_delta_mean"", ""s6_slope"", ""s17_slope"", ""s17_delta_mean""]",s11_slope,0,0,False,False,0.0,0.0,False,1.0,0.0
nasa_fd001,u031_e0140,3,0,degraded,healthy,4,"[""s7_z_last"", ""s14_z_last"", ""s15_z_last"", ""s9_slope""]",s11_slope,0,0,False,False,0.0,0.0,False,1.0,0.0
nasa_fd001,u031_e0140,3,1,degraded,healthy,4,"[""s7_z_last"", ""s14_z_last"", ""s15_z_last"", ""s20_delta_mean""]",s11_slope,0,0,False,False,0.0,0.0,False,1.0,0.0
nasa_fd001,u031_e0140,3,2,degraded,healthy,4,"[""s7_z_last"", ""s14_z_last"", ""s15_z_last"", ""s20_delta_mean""]",s11_slope,0,0,False,False,0.0,0.0,False,1.0,0.0
nasa_fd001,u031_e0140,3,3,degraded,healthy,4,"[""s7_z_last"", ""s9_slope"", ""s14_z_last"", ""s15_z_last""]",s11_slope,0,0,False,False,0.0,0.0,False,1.0,0.0
nasa_fd001,u031_e0140,3,4,degraded,healthy,4,"[""s7_z_last"", ""s14_z_last"", ""s15_z_last"", ""s9_slope""]",s11_slope,0,0,False,False,0.0,0.0,False,1.0,0.0
nasa_fd001,u031_e0170,3,0,healthy,healthy,4,"[""s6_delta_mean"", ""s6_slope"", ""s13_delta_mean"", ""s13_slope""]",s4_slope,0,0,False,False,0.0,0.0,False,1.0,0.0
nasa_fd001,u031_e0170,3,1,healthy,healthy,4,"[""s6_delta_mean"", ""s6_slope"", ""s13_delta_mean"", ""s21_z_last""]",s4_slope,0,0,False,False,0.0,0.0,False,1.0,0.0
nasa_fd001,u031_e0170,3,2,healthy,healthy,4,"[""s6_delta_mean"", ""s6_slope"", ""s13_delta_mean"", ""s13_slope""]",s4_slope,0,0,False,False,0.0,0.0,False,1.0,0.0
nasa_fd001,u031_e0170,3,3,healthy,healthy,4,"[""s6_delta_mean"", ""s6_slope"", ""s13_delta_mean"", ""s13_slope""]",s4_slope,0,0,False,False,0.0,0.0,False,1.0,0.0
nasa_fd001,u031_e0170,3,4,degraded,healthy,4,"[""s6_delta_mean"", ""s6_slope"", ""s7_z_last"", ""s13_slope""]",s4_slope,0,0,False,False,0.0,0.0,False,1.0,0.0
nasa_fd001,u031_e0180,3,0,degraded,healthy,4,"[""s12_delta_mean"", ""s11_delta_mean"", ""s7_slope"", ""s17_delta_mean""]",s21_delta_mean,0,2,False,True,0.0,0.5,False,1.0,0.0
nasa_fd001,u031_e0180,3,1,degraded,healthy,4,"[""s12_delta_mean"", ""s12_slope"", ""s11_delta_mean"", ""s7_delta_mean""]",s21_delta_mean,0,2,False,True,0.0,0.5,False,1.0,0.0
nasa_fd001,u031_e0180,3,2,degraded,healthy,4,"[""s12_delta_mean"", ""s11_delta_mean"", ""s7_slope"", ""s17_delta_mean""]",s21_delta_mean,0,2,False,True,0.0,0.5,False,1.0,0.0
nasa_fd001,u031_e0180,3,3,degraded,healthy,4,"[""s12_delta_mean"", ""s11_delta_mean"", ""s17_delta_mean"", ""s7_slope""]",s21_delta_mean,0,2,False,True,0.0,0.5,False,1.0,0.0
nasa_fd001,u031_e0180,3,4,degraded,healthy,3,"[""s12_delta_mean"", ""s11_delta_mean"", ""s7_slope""]",s21_delta_mean,0,2,False,True,0.0,0.6666666666666666,False,1.0,0.0
nasa_fd001,u031_e0210,3,0,degraded,degraded,4,"[""s8_delta_mean"", ""s8_slope"", ""s20_slope"", ""s20_delta_mean""]",s11_slope,0,0,False,False,0.0,0.0,False,1.0,0.0
nasa_fd001,u031_e0210,3,1,degraded,degraded,4,"[""s8_delta_mean"", ""s8_slope"", ""s20_slope"", ""s20_delta_mean""]",s11_slope,0,0,False,False,0.0,0.0,False,1.0,0.0
nasa_fd001,u031_e0210,3,2,degraded,degraded,4,"[""s8_delta_mean"", ""s8_slope"", ""s20_slope"", ""s20_delta_mean""]",s11_slope,0,0,False,False,0.0,0.0,False,1.0,0.0
nasa_fd001,u031_e0210,3,3,degraded,degraded,4,"[""s8_delta_mean"", ""s8_slope"", ""s20_slope"", ""s11_delta_mean""]",s11_slope,1,1,True,True,0.25,0.25,False,1.0,0.0
nasa_fd001,u031_e0210,3,4,degraded,degraded,3,"[""s8_delta_mean"", ""s8_slope"", ""s20_delta_mean""]",s11_slope,0,0,False,False,0.0,0.0,False,1.0,0.0
nasa_fd001,u032_e0090,3,0,degraded,healthy,4,"[""s21_slope"", ""s15_slope"", ""s3_slope"", ""s11_z_last""]",s11_slope,0,0,False,False,0.0,0.0,False,1.0,0.0
nasa_fd001,u032_e0090,3,1,degraded,healthy,4,"[""s3_slope"", ""s15_slope"", ""s17_z_last"", ""s21_slope""]",s11_slope,0,0,False,False,0.0,0.0,False,1.0,0.0
nasa_fd001,u032_e0090,3,2,degraded,healthy,4,"[""s3_slope"", ""s15_slope"", ""s21_slope"", ""s17_z_last""]",s11_slope,0,0,False,False,0.0,0.0,False,1.0,0.0
nasa_fd001,u032_e0090,3,3,healthy,healthy,4,"[""s21_z_last"", ""s21_slope"", ""s15_delta_mean"", ""s17_z_last""]",s11_slope,0,0,False,False,0.0,0.0,False,1.0,0.0
nasa_fd001,u032_e0090,3,4,degraded,healthy,4,"[""s15_slope"", ""s3_slope"", ""s4_slope"", ""s21_slope""]",s11_slope,1,1,True,True,0.25,0.25,False,1.0,0.0
nasa_fd001,u032_e0140,3,0,healthy,healthy,3,"[""s2_z_last"", ""s13_delta_mean"", ""s14_z_last""]",s11_slope,0,0,False,False,0.0,0.0,False,1.0,0.0
nasa_fd001,u032_e0140,3,1,healthy,healthy,4,"[""s2_z_last"", ""s13_z_last"", ""s14_z_last"", ""s7_slope""]",s11_slope,0,0,False,False,0.0,0.0,False,1.0,0.0
nasa_fd001,u032_e0140,3,2,healthy,healthy,4,"[""s2_z_last"", ""s13_delta_mean"", ""s14_z_last"", ""s7_delta_mean""]",s11_slope,0,0,False,False,0.0,0.0,False,1.0,0.0
nasa_fd001,u032_e0140,3,3,healthy,healthy,3,"[""s2_z_last"", ""s13_delta_mean"", ""s14_z_last""]",s11_slope,0,0,False,False,0.0,0.0,False,1.0,0.0
nasa_fd001,u032_e0140,3,4,healthy,healthy,3,"[""s2_z_last"", ""s7_delta_mean"", ""s4_z_last""]",s11_slope,0,0,False,False,0.0,0.0,False,1.0,0.0
nasa_fd001,u032_e0160,3,0,degraded,healthy,4,"[""s20_delta_mean"", ""s20_slope"", ""s17_slope"", ""s9_z_last""]",s21_delta_mean,0,1,False,True,0.0,0.25,False,1.0,0.0
nasa_fd001,u032_e0160,3,1,degraded,healthy,4,"[""s20_delta_mean"", ""s20_slope"", ""s9_z_last"", ""s17_slope""]",s21_delta_mean,0,1,False,True,0.0,0.25,False,1.0,0.0
nasa_fd001,u032_e0160,3,2,degraded,healthy,4,"[""s20_delta_mean"", ""s20_slope"", ""s17_slope"", ""s9_z_last""]",s21_delta_mean,0,1,False,True,0.0,0.25,False,1.0,0.0
nasa_fd001,u032_e0160,3,3,degraded,healthy,3,"[""s20_delta_mean"", ""s20_slope"", ""s17_slope""]",s21_delta_mean,0,1,False,True,0.0,0.3333333333333333,False,1.0,0.0
nasa_fd001,u032_e0160,3,4,degraded,healthy,4,"[""s20_delta_mean"", ""s20_slope"", ""s17_slope"", ""s9_z_last""]",s21_delta_mean,0,1,False,True,0.0,0.25,False,1.0,0.0
nasa_fd001,u034_e0060,3,0,healthy,healthy,4,"[""s20_delta_mean"", ""s21_delta_mean"", ""s15_delta_mean"", ""s2_z_last""]",s11_slope,0,0,False,False,0.0,0.0,False,1.0,0.0
nasa_fd001,u034_e0060,3,1,healthy,healthy,4,"[""s20_delta_mean"", ""s20_slope"", ""s15_z_last"", ""s2_z_last""]",s11_slope,0,0,False,False,0.0,0.0,False,1.0,0.0
nasa_fd001,u034_e0060,3,2,healthy,healthy,4,"[""s20_delta_mean"", ""s20_slope"", ""s7_z_last"", ""s15_z_last""]",s11_slope,0,0,False,False,0.0,0.0,False,1.0,0.0
nasa_fd001,u034_e0060,3,3,healthy,healthy,4,"[""s20_delta_mean"", ""s20_slope"", ""s15_z_last"", ""s2_z_last""]",s11_slope,0,0,False,False,0.0,0.0,False,1.0,0.0
nasa_fd001,u034_e0060,3,4,healthy,healthy,4,"[""s20_delta_mean"", ""s21_z_last"", ""s15_z_last"", ""s7_z_last""]",s11_slope,0,0,False,False,0.0,0.0,False,1.0,0.0
nasa_fd001,u034_e0090,3,0,healthy,healthy,4,"[""s21_delta_mean"", ""s21_slope"", ""s15_z_last"", ""s6_delta_mean""]",s11_slope,0,0,False,False,0.0,0.0,False,1.0,0.0
nasa_fd001,u034_e0090,3,1,healthy,healthy,4,"[""s21_delta_mean"", ""s21_slope"", ""s15_z_last"", ""s6_delta_mean""]",s11_slope,0,0,False,False,0.0,0.0,False,1.0,0.0
nasa_fd001,u034_e0090,3,2,degraded,healthy,4,"[""s6_slope"", ""s21_slope"", ""s15_slope"", ""s4_slope""]",s11_slope,1,1,True,True,0.25,0.25,False,1.0,0.0
nasa_fd001,u034_e0090,3,3,degraded,healthy,3,"[""s6_slope"", ""s21_slope"", ""s15_slope""]",s11_slope,0,0,False,False,0.0,0.0,False,1.0,0.0
nasa_fd001,u034_e0090,3,4,degraded,healthy,4,"[""s6_slope"", ""s7_z_last"", ""s21_slope"", ""s15_slope""]",s11_slope,0,0,False,False,0.0,0.0,False,1.0,0.0
nasa_fd001,u034_e0100,3,0,healthy,healthy,4,"[""s8_z_last"", ""s12_z_last"", ""s3_slope"", ""s7_z_last""]",s11_slope,0,0,False,False,0.0,0.0,False,1.0,0.0
nasa_fd001,u034_e0100,3,1,healthy,healthy,4,"[""s8_z_last"", ""s12_z_last"", ""s3_z_last"", ""s7_z_last""]",s11_slope,0,0,False,False,0.0,0.0,False,1.0,0.0
nasa_fd001,u034_e0100,3,2,healthy,healthy,3,"[""s12_z_last"", ""s8_z_last"", ""s3_slope""]",s11_slope,0,0,False,False,0.0,0.0,False,1.0,0.0
nasa_fd001,u034_e0100,3,3,healthy,healthy,4,"[""s12_z_last"", ""s8_z_last"", ""s7_z_last"", ""s3_z_last""]",s11_slope,0,0,False,False,0.0,0.0,False,1.0,0.0
nasa_fd001,u034_e0100,3,4,healthy,healthy,4,"[""s8_z_last"", ""s12_z_last"", ""s3_slope"", ""s7_z_last""]",s11_slope,0,0,False,False,0.0,0.0,False,1.0,0.0
nasa_fd001,u034_e0120,3,0,healthy,healthy,4,"[""s7_z_last"", ""s14_z_last"", ""s3_z_last"", ""s11_z_last""]",s11_slope,0,0,False,False,0.0,0.0,False,1.0,0.0
nasa_fd001,u034_e0120,3,1,healthy,healthy,4,"[""s7_z_last"", ""s14_z_last"", ""s3_z_last"", ""s11_z_last""]",s11_slope,0,0,False,False,0.0,0.0,False,1.0,0.0
nasa_fd001,u034_e0120,3,2,healthy,healthy,3,"[""s7_z_last"", ""s14_z_last"", ""s3_z_last""]",s11_slope,0,0,False,False,0.0,0.0,False,1.0,0.0
nasa_fd001,u034_e0120,3,3,healthy,healthy,4,"[""s7_z_last"", ""s14_z_last"", ""s3_z_last"", ""s11_z_last""]",s11_slope,0,0,False,False,0.0,0.0,False,1.0,0.0
nasa_fd001,u034_e0120,3,4,healthy,healthy,4,"[""s7_z_last"", ""s14_z_last"", ""s11_z_last"", ""s3_slope""]",s11_slope,0,0,False,False,0.0,0.0,False,1.0,0.0
nasa_fd001,u034_e0170,3,0,healthy,degraded,4,"[""s9_slope"", ""s14_slope"", ""s9_delta_mean"", ""s14_delta_mean""]",s4_slope,0,1,False,True,0.0,0.25,False,1.0,0.0
nasa_fd001,u034_e0170,3,1,degraded,degraded,4,"[""s9_slope"", ""s9_delta_mean"", ""s14_slope"", ""s14_delta_mean""]",s4_slope,0,1,False,True,0.0,0.25,False,1.0,0.0
nasa_fd001,u034_e0170,3,2,healthy,degraded,4,"[""s9_slope"", ""s14_slope"", ""s9_delta_mean"", ""s14_delta_mean""]",s4_slope,0,1,False,True,0.0,0.25,False,1.0,0.0
nasa_fd001,u034_e0170,3,3,healthy,degraded,4,"[""s9_slope"", ""s14_slope"", ""s20_delta_mean"", ""s21_z_last""]",s4_slope,0,0,False,False,0.0,0.0,False,1.0,0.0
nasa_fd001,u034_e0170,3,4,healthy,degraded,4,"[""s9_slope"", ""s14_slope"", ""s9_delta_mean"", ""s14_delta_mean""]",s4_slope,0,1,False,True,0.0,0.25,False,1.0,0.0
nasa_fd001,u040_e0050,3,0,healthy,healthy,4,"[""s15_z_last"", ""s17_delta_mean"", ""s2_slope"", ""s20_delta_mean""]",s11_slope,0,0,False,False,0.0,0.0,False,1.0,0.0
nasa_fd001,u040_e0050,3,1,healthy,healthy,4,"[""s15_z_last"", ""s17_delta_mean"", ""s17_slope"", ""s6_slope""]",s11_slope,0,0,False,False,0.0,0.0,False,0.75,0.25
nasa_fd001,u040_e0050,3,2,degraded,healthy,4,"[""s17_delta_mean"", ""s17_z_last"", ""s15_z_last"", ""s2_slope""]",s11_slope,0,0,False,False,0.0,0.0,False,1.0,0.0
nasa_fd001,u040_e0050,3,3,healthy,healthy,4,"[""s15_z_last"", ""s17_delta_mean"", ""s2_slope"", ""s20_delta_mean""]",s11_slope,0,0,False,False,0.0,0.0,False,1.0,0.0
nasa_fd001,u040_e0050,3,4,healthy,healthy,4,"[""s15_z_last"", ""s17_delta_mean"", ""s17_slope"", ""s6_slope""]",s11_slope,0,0,False,False,0.0,0.0,False,1.0,0.0
nasa_fd001,u040_e0080,3,0,degraded,healthy,4,"[""s7_delta_mean"", ""s7_z_last"", ""s7_slope"", ""s13_slope""]",s11_slope,0,0,False,False,0.0,0.0,False,1.0,0.0
nasa_fd001,u040_e0080,3,1,degraded,healthy,4,"[""s7_delta_mean"", ""s7_z_last"", ""s7_slope"", ""s13_slope""]",s11_slope,0,0,False,False,0.0,0.0,False,1.0,0.0
nasa_fd001,u040_e0080,3,2,degraded,healthy,4,"[""s7_delta_mean"", ""s7_z_last"", ""s7_slope"", ""s13_slope""]",s11_slope,0,0,False,False,0.0,0.0,False,1.0,0.0
nasa_fd001,u040_e0080,3,3,healthy,healthy,4,"[""s7_delta_mean"", ""s21_z_last"", ""s12_delta_mean"", ""s2_slope""]",s11_slope,0,1,False,True,0.0,0.25,False,1.0,0.0
nasa_fd001,u040_e0080,3,4,healthy,healthy,4,"[""s7_delta_mean"", ""s21_z_last"", ""s12_delta_mean"", ""s2_slope""]",s11_slope,0,1,False,True,0.0,0.25,False,1.0,0.0
nasa_fd001,u040_e0180,3,0,degraded,degraded,4,"[""s9_slope"", ""s14_slope"", ""s14_delta_mean"", ""s15_slope""]",s4_slope,0,0,False,False,0.0,0.0,False,1.0,0.0
nasa_fd001,u040_e0180,3,1,healthy,degraded,4,"[""s9_slope"", ""s14_delta_mean"", ""s15_z_last"", ""s7_slope""]",s4_slope,0,0,False,False,0.0,0.0,False,1.0,0.0
nasa_fd001,u040_e0180,3,2,healthy,degraded,4,"[""s9_slope"", ""s14_delta_mean"", ""s15_z_last"", ""s20_delta_mean""]",s4_slope,0,0,False,False,0.0,0.0,False,1.0,0.0
nasa_fd001,u040_e0180,3,3,healthy,degraded,4,"[""s9_slope"", ""s14_slope"", ""s15_z_last"", ""s7_slope""]",s4_slope,0,0,False,False,0.0,0.0,False,1.0,0.0
nasa_fd001,u040_e0180,3,4,healthy,degraded,4,"[""s9_slope"", ""s14_delta_mean"", ""s7_delta_mean"", ""s20_delta_mean""]",s4_slope,0,0,False,False,0.0,0.0,False,1.0,0.0
nasa_fd001,u043_e0050,3,0,degraded,healthy,4,"[""s2_delta_mean"", ""s3_z_last"", ""s12_slope"", ""s21_z_last""]",s11_slope,0,0,False,False,0.0,0.0,False,1.0,0.0
nasa_fd001,u043_e0050,3,1,degraded,healthy,4,"[""s2_delta_mean"", ""s6_delta_mean"", ""s3_z_last"", ""s12_slope""]",s11_slope,0,0,False,False,0.0,0.0,False,1.0,0.0
nasa_fd001,u043_e0050,3,2,degraded,healthy,3,"[""s2_delta_mean"", ""s3_z_last"", ""s12_slope""]",s11_slope,0,0,False,False,0.0,0.0,False,1.0,0.0
nasa_fd001,u043_e0050,3,3,degraded,healthy,4,"[""s2_delta_mean"", ""s6_delta_mean"", ""s12_slope"", ""s3_z_last""]",s11_slope,0,0,False,False,0.0,0.0,False,1.0,0.0
nasa_fd001,u043_e0050,3,4,degraded,healthy,4,"[""s2_delta_mean"", ""s3_z_last"", ""s6_delta_mean"", ""s12_slope""]",s11_slope,0,0,False,False,0.0,0.0,False,1.0,0.0
nasa_fd001,u043_e0100,3,0,healthy,healthy,3,"[""s21_slope"", ""s12_z_last"", ""s17_z_last""]",s11_slope,0,0,False,False,0.0,0.0,False,1.0,0.0
nasa_fd001,u043_e0100,3,1,healthy,healthy,3,"[""s17_z_last"", ""s21_delta_mean"", ""s12_z_last""]",s11_slope,0,0,False,False,0.0,0.0,False,1.0,0.0
nasa_fd001,u043_e0100,3,2,healthy,healthy,4,"[""s21_slope"", ""s12_z_last"", ""s17_z_last"", ""s2_slope""]",s11_slope,0,0,False,False,0.0,0.0,False,1.0,0.0
nasa_fd001,u043_e0100,3,3,healthy,healthy,4,"[""s17_z_last"", ""s21_delta_mean"", ""s12_z_last"", ""s2_slope""]",s11_slope,0,0,False,False,0.0,0.0,False,1.0,0.0
nasa_fd001,u043_e0100,3,4,healthy,healthy,3,"[""s17_z_last"", ""s21_slope"", ""s12_z_last""]",s11_slope,0,0,False,False,0.0,0.0,False,1.0,0.0
nasa_fd001,u043_e0130,3,0,degraded,healthy,4,"[""s3_slope"", ""s6_slope"", ""s4_z_last"", ""s21_z_last""]",s11_slope,0,0,False,False,0.0,0.0,False,1.0,0.0
nasa_fd001,u043_e0130,3,1,degraded,healthy,4,"[""s6_delta_mean"", ""s6_slope"", ""s4_z_last"", ""s3_slope""]",s11_slope,0,0,False,False,0.0,0.0,False,1.0,0.0
nasa_fd001,u043_e0130,3,2,degraded,healthy,4,"[""s6_delta_mean"", ""s6_slope"", ""s3_slope"", ""s4_z_last""]",s11_slope,0,0,False,False,0.0,0.0,False,1.0,0.0
nasa_fd001,u043_e0130,3,3,degraded,healthy,4,"[""s3_slope"", ""s6_slope"", ""s4_z_last"", ""s9_z_last""]",s11_slope,0,0,False,False,0.0,0.0,False,1.0,0.0
nasa_fd001,u043_e0130,3,4,degraded,healthy,4,"[""s3_slope"", ""s6_slope"", ""s4_z_last"", ""s21_z_last""]",s11_slope,0,0,False,False,0.0,0.0,False,1.0,0.0
nasa_fd001,u043_e0140,3,0,degraded,healthy,4,"[""s13_delta_mean"", ""s13_slope"", ""s4_z_last"", ""s9_z_last""]",s4_slope,0,0,False,False,0.0,0.0,False,1.0,0.0
nasa_fd001,u043_e0140,3,1,degraded,healthy,4,"[""s13_delta_mean"", ""s13_slope"", ""s4_z_last"", ""s9_z_last""]",s4_slope,0,0,False,False,0.0,0.0,False,1.0,0.0
nasa_fd001,u043_e0140,3,2,degraded,healthy,4,"[""s13_delta_mean"", ""s4_z_last"", ""s9_z_last"", ""s12_z_last""]",s4_slope,0,0,False,False,0.0,0.0,False,1.0,0.0
nasa_fd001,u043_e0140,3,3,degraded,healthy,4,"[""s13_delta_mean"", ""s13_slope"", ""s4_z_last"", ""s9_z_last""]",s4_slope,0,0,False,False,0.0,0.0,False,1.0,0.0
nasa_fd001,u043_e0140,3,4,degraded,healthy,4,"[""s13_delta_mean"", ""s4_z_last"", ""s9_z_last"", ""s12_z_last""]",s4_slope,0,0,False,False,0.0,0.0,False,1.0,0.0
nasa_fd001,u043_e0180,3,0,degraded,degraded,4,"[""s8_slope"", ""s8_delta_mean"", ""s15_delta_mean"", ""s15_slope""]",s11_slope,0,0,False,False,0.0,0.0,False,1.0,0.0
nasa_fd001,u043_e0180,3,1,degraded,degraded,4,"[""s8_slope"", ""s8_delta_mean"", ""s13_delta_mean"", ""s15_delta_mean""]",s11_slope,0,0,False,False,0.0,0.0,False,1.0,0.0
nasa_fd001,u043_e0180,3,2,degraded,degraded,4,"[""s8_slope"", ""s8_delta_mean"", ""s15_delta_mean"", ""s13_delta_mean""]",s11_slope,0,0,False,False,0.0,0.0,False,1.0,0.0
nasa_fd001,u043_e0180,3,3,degraded,degraded,4,"[""s8_slope"", ""s15_delta_mean"", ""s13_delta_mean"", ""s20_delta_mean""]",s11_slope,0,0,False,False,0.0,0.0,False,1.0,0.0
nasa_fd001,u043_e0180,3,4,degraded,degraded,4,"[""s8_slope"", ""s8_delta_mean"", ""s15_delta_mean"", ""s15_slope""]",s11_slope,0,0,False,False,0.0,0.0,False,1.0,0.0
nasa_fd001,u043_e0190,3,0,degraded,degraded,4,"[""s13_slope"", ""s7_slope"", ""s8_slope"", ""s11_slope""]",s11_slope,1,1,True,True,0.25,0.25,True,1.0,0.0
nasa_fd001,u043_e0190,3,1,degraded,degraded,4,"[""s13_slope"", ""s13_delta_mean"", ""s7_slope"", ""s7_delta_mean""]",s11_slope,0,0,False,False,0.0,0.0,False,1.0,0.0
nasa_fd001,u043_e0190,3,2,degraded,degraded,4,"[""s13_slope"", ""s7_slope"", ""s11_delta_mean"", ""s8_slope""]",s11_slope,1,1,True,True,0.25,0.25,False,1.0,0.0
nasa_fd001,u043_e0190,3,3,degraded,degraded,3,"[""s13_delta_mean"", ""s7_slope"", ""s11_delta_mean""]",s11_slope,1,1,True,True,0.3333333333333333,0.3333333333333333,False,1.0,0.0
nasa_fd001,u043_e0190,3,4,degraded,degraded,4,"[""s13_delta_mean"", ""s7_delta_mean"", ""s8_slope"", ""s11_delta_mean""]",s11_slope,1,1,True,True,0.25,0.25,False,1.0,0.0
nasa_fd001,u045_e0050,3,0,healthy,healthy,3,"[""s2_z_last"", ""s6_slope"", ""s12_z_last""]",s11_slope,0,0,False,False,0.0,0.0,False,1.0,0.0
nasa_fd001,u045_e0050,3,1,healthy,healthy,3,"[""s2_z_last"", ""s6_slope"", ""s12_z_last""]",s11_slope,0,0,False,False,0.0,0.0,False,1.0,0.0
nasa_fd001,u045_e0050,3,2,healthy,healthy,4,"[""s2_delta_mean"", ""s6_slope"", ""s12_z_last"", ""s15_z_last""]",s11_slope,0,0,False,False,0.0,0.0,False,1.0,0.0
nasa_fd001,u045_e0050,3,3,healthy,healthy,4,"[""s2_delta_mean"", ""s6_slope"", ""s11_z_last"", ""s21_z_last""]",s11_slope,0,0,False,False,0.0,0.0,False,1.0,0.0
nasa_fd001,u045_e0050,3,4,healthy,healthy,4,"[""s2_z_last"", ""s6_slope"", ""s12_z_last"", ""s21_z_last""]",s11_slope,0,0,False,False,0.0,0.0,False,1.0,0.0
nasa_fd001,u045_e0090,3,0,healthy,healthy,4,"[""s6_delta_mean"", ""s6_slope"", ""s14_z_last"", ""s20_delta_mean""]",s11_slope,0,1,False,True,0.0,0.25,False,1.0,0.0
nasa_fd001,u045_e0090,3,1,healthy,healthy,3,"[""s6_slope"", ""s20_delta_mean"", ""s14_z_last""]",s11_slope,0,1,False,True,0.0,0.3333333333333333,False,1.0,0.0
nasa_fd001,u045_e0090,3,2,healthy,healthy,4,"[""s6_delta_mean"", ""s6_slope"", ""s14_z_last"", ""s20_delta_mean""]",s11_slope,0,1,False,True,0.0,0.25,False,1.0,0.0
nasa_fd001,u045_e0090,3,3,healthy,healthy,4,"[""s6_slope"", ""s3_slope"", ""s20_delta_mean"", ""s14_z_last""]",s11_slope,0,1,False,True,0.0,0.25,False,1.0,0.0
nasa_fd001,u045_e0090,3,4,healthy,healthy,4,"[""s6_slope"", ""s6_delta_mean"", ""s20_delta_mean"", ""s14_z_last""]",s11_slope,0,1,False,True,0.0,0.25,False,1.0,0.0
nasa_fd001,u045_e0100,3,0,healthy,healthy,4,"[""s21_z_last"", ""s17_z_last"", ""s6_slope"", ""s13_z_last""]",s11_slope,0,0,False,False,0.0,0.0,False,1.0,0.0
nasa_fd001,u045_e0100,3,1,degraded,healthy,4,"[""s17_z_last"", ""s15_slope"", ""s6_slope"", ""s20_z_last""]",s11_slope,0,0,False,False,0.0,0.0,False,1.0,0.0
nasa_fd001,u045_e0100,3,2,healthy,healthy,4,"[""s21_z_last"", ""s17_z_last"", ""s3_slope"", ""s20_z_last""]",s11_slope,0,0,False,False,0.0,0.0,False,1.0,0.0
nasa_fd001,u045_e0100,3,3,healthy,healthy,4,"[""s21_z_last"", ""s17_z_last"", ""s6_slope"", ""s3_slope""]",s11_slope,0,0,False,False,0.0,0.0,False,1.0,0.0
nasa_fd001,u045_e0100,3,4,healthy,healthy,4,"[""s21_z_last"", ""s17_z_last"", ""s20_z_last"", ""s6_slope""]",s11_slope,0,0,False,False,0.0,0.0,False,1.0,0.0
nasa_fd001,u046_e0070,3,0,degraded,healthy,4,"[""s6_delta_mean"", ""s6_slope"", ""s11_z_last"", ""s12_z_last""]",s11_slope,0,0,False,False,0.0,0.0,False,1.0,0.0
nasa_fd001,u046_e0070,3,1,degraded,healthy,4,"[""s6_delta_mean"", ""s6_slope"", ""s11_z_last"", ""s13_z_last""]",s11_slope,0,0,False,False,0.0,0.0,False,1.0,0.0
nasa_fd001,u046_e0070,3,2,degraded,healthy,4,"[""s6_delta_mean"", ""s6_slope"", ""s3_z_last"", ""s11_z_last""]",s11_slope,0,0,False,False,0.0,0.0,False,1.0,0.0
nasa_fd001,u046_e0070,3,3,degraded,healthy,4,"[""s6_delta_mean"", ""s6_slope"", ""s11_z_last"", ""s13_z_last""]",s11_slope,0,0,False,False,0.0,0.0,False,1.0,0.0
nasa_fd001,u046_e0070,3,4,degraded,healthy,4,"[""s6_delta_mean"", ""s6_slope"", ""s11_z_last"", ""s13_z_last""]",s11_slope,0,0,False,False,0.0,0.0,False,1.0,0.0
nasa_fd001,u046_e0090,3,0,degraded,healthy,4,"[""s6_delta_mean"", ""s6_slope"", ""s3_slope"", ""s7_delta_mean""]",s11_slope,0,0,False,False,0.0,0.0,False,1.0,0.0
nasa_fd001,u046_e0090,3,1,degraded,healthy,4,"[""s6_slope"", ""s6_delta_mean"", ""s7_delta_mean"", ""s3_slope""]",s11_slope,0,0,False,False,0.0,0.0,False,1.0,0.0
nasa_fd001,u046_e0090,3,2,degraded,healthy,4,"[""s6_slope"", ""s6_delta_mean"", ""s7_delta_mean"", ""s3_slope""]",s11_slope,0,0,False,False,0.0,0.0,False,1.0,0.0
nasa_fd001,u046_e0090,3,3,degraded,healthy,4,"[""s6_delta_mean"", ""s6_slope"", ""s3_slope"", ""s7_delta_mean""]",s11_slope,0,0,False,False,0.0,0.0,False,1.0,0.0
nasa_fd001,u046_e0090,3,4,degraded,healthy,4,"[""s6_slope"", ""s6_delta_mean"", ""s7_delta_mean"", ""s3_slope""]",s11_slope,0,0,False,False,0.0,0.0,False,1.0,0.0
nasa_fd001,u046_e0150,3,0,degraded,healthy,4,"[""s4_delta_mean"", ""s4_slope"", ""s11_z_last"", ""s21_z_last""]",s11_slope,1,1,True,True,0.25,0.25,False,1.0,0.0
nasa_fd001,u046_e0150,3,1,degraded,healthy,4,"[""s4_slope"", ""s11_z_last"", ""s12_slope"", ""s21_z_last""]",s11_slope,1,1,True,True,0.25,0.25,False,1.0,0.0
nasa_fd001,u046_e0150,3,2,degraded,healthy,4,"[""s4_slope"", ""s11_z_last"", ""s13_delta_mean"", ""s15_z_last""]",s11_slope,1,1,True,True,0.25,0.25,False,1.0,0.0
nasa_fd001,u046_e0150,3,3,degraded,healthy,4,"[""s4_slope"", ""s11_z_last"", ""s12_slope"", ""s9_slope""]",s11_slope,1,1,True,True,0.25,0.25,False,1.0,0.0
nasa_fd001,u046_e0150,3,4,degraded,healthy,4,"[""s4_delta_mean"", ""s4_slope"", ""s11_z_last"", ""s12_slope""]",s11_slope,1,1,True,True,0.25,0.25,False,1.0,0.0
nasa_fd001,u046_e0170,3,0,healthy,healthy,4,"[""s8_z_last"", ""s2_z_last"", ""s21_delta_mean"", ""s3_slope""]",s15_slope,1,1,True,True,0.25,0.25,False,1.0,0.0
nasa_fd001,u046_e0170,3,1,healthy,healthy,3,"[""s8_z_last"", ""s2_z_last"", ""s21_delta_mean""]",s15_slope,1,1,True,True,0.3333333333333333,0.3333333333333333,False,1.0,0.0
nasa_fd001,u046_e0170,3,2,healthy,healthy,4,"[""s8_z_last"", ""s2_z_last"", ""s21_delta_mean"", ""s3_slope""]",s15_slope,1,1,True,True,0.25,0.25,False,1.0,0.0
nasa_fd001,u046_e0170,3,3,healthy,healthy,4,"[""s8_z_last"", ""s21_delta_mean"", ""s2_z_last"", ""s3_slope""]",s15_slope,1,1,True,True,0.25,0.25,False,1.0,0.0
nasa_fd001,u046_e0170,3,4,healthy,healthy,3,"[""s2_z_last"", ""s8_z_last"", ""s21_delta_mean""]",s15_slope,1,1,True,True,0.3333333333333333,0.3333333333333333,False,1.0,0.0
nasa_fd001,u046_e0180,3,0,healthy,healthy,3,"[""s13_delta_mean"", ""s8_slope"", ""s7_z_last""]",s21_delta_mean,0,0,False,False,0.0,0.0,False,1.0,0.0
nasa_fd001,u046_e0180,3,1,degraded,healthy,4,"[""s7_z_last"", ""s8_z_last"", ""s13_delta_mean"", ""s17_z_last""]",s21_delta_mean,0,0,False,False,0.0,0.0,False,1.0,0.0
nasa_fd001,u046_e0180,3,2,degraded,healthy,4,"[""s7_z_last"", ""s8_z_last"", ""s13_delta_mean"", ""s17_z_last""]",s21_delta_mean,0,0,False,False,0.0,0.0,False,1.0,0.0
nasa_fd001,u046_e0180,3,3,degraded,healthy,3,"[""s7_z_last"", ""s13_delta_mean"", ""s4_slope""]",s21_delta_mean,0,0,False,False,0.0,0.0,False,1.0,0.0
nasa_fd001,u046_e0180,3,4,degraded,healthy,4,"[""s7_z_last"", ""s8_z_last"", ""s13_delta_mean"", ""s17_z_last""]",s21_delta_mean,0,0,False,False,0.0,0.0,False,1.0,0.0
nasa_fd001,u046_e0190,3,0,degraded,healthy,4,"[""s21_delta_mean"", ""s12_slope"", ""s7_delta_mean"", ""s8_slope""]",s4_slope,1,2,True,True,0.25,0.5,False,0.75,0.25
nasa_fd001,u046_e0190,3,1,healthy,healthy,4,"[""s21_delta_mean"", ""s15_z_last"", ""s13_delta_mean"", ""s2_z_last""]",s4_slope,1,1,True,True,0.25,0.25,False,1.0,0.0
nasa_fd001,u046_e0190,3,2,degraded,healthy,4,"[""s21_slope"", ""s12_slope"", ""s7_z_last"", ""s11_z_last""]",s4_slope,0,1,False,True,0.0,0.25,False,1.0,0.0
nasa_fd001,u046_e0190,3,3,degraded,healthy,3,"[""s21_slope"", ""s12_slope"", ""s8_slope""]",s4_slope,0,1,False,True,0.0,0.3333333333333333,False,1.0,0.0
nasa_fd001,u046_e0190,3,4,degraded,healthy,4,"[""s21_slope"", ""s12_slope"", ""s9_slope"", ""s8_slope""]",s4_slope,0,1,False,True,0.0,0.25,False,1.0,0.0
nasa_fd001,u054_e0070,3,0,healthy,healthy,3,"[""s6_slope"", ""s7_delta_mean"", ""s15_delta_mean""]",s11_slope,0,0,False,False,0.0,0.0,False,1.0,0.0
nasa_fd001,u054_e0070,3,1,healthy,healthy,4,"[""s6_slope"", ""s7_delta_mean"", ""s15_delta_mean"", ""s17_delta_mean""]",s11_slope,0,0,False,False,0.0,0.0,False,1.0,0.0
nasa_fd001,u054_e0070,3,2,healthy,healthy,3,"[""s6_slope"", ""s7_delta_mean"", ""s15_slope""]",s11_slope,0,1,False,True,0.0,0.3333333333333333,False,1.0,0.0
nasa_fd001,u054_e0070,3,3,healthy,healthy,4,"[""s6_slope"", ""s7_delta_mean"", ""s15_delta_mean"", ""s17_delta_mean""]",s11_slope,0,0,False,False,0.0,0.0,False,1.0,0.0
nasa_fd001,u054_e0070,3,4,healthy,healthy,4,"[""s6_slope"", ""s7_delta_mean"", ""s15_delta_mean"", ""s17_delta_mean""]",s11_slope,0,0,False,False,0.0,0.0,False,1.0,0.0
nasa_fd001,u054_e0100,3,0,healthy,healthy,4,"[""s17_delta_mean"", ""s7_z_last"", ""s12_delta_mean"", ""s15_slope""]",s11_slope,0,1,False,True,0.0,0.25,False,1.0,0.0
nasa_fd001,u054_e0100,3,1,degraded,healthy,4,"[""s11_slope"", ""s15_slope"", ""s17_slope"", ""s12_delta_mean""]",s11_slope,1,2,True,True,0.25,0.5,True,1.0,0.0
nasa_fd001,u054_e0100,3,2,healthy,healthy,3,"[""s17_delta_mean"", ""s7_z_last"", ""s3_z_last""]",s11_slope,0,0,False,False,0.0,0.0,False,1.0,0.0
nasa_fd001,u054_e0100,3,3,degraded,healthy,4,"[""s11_slope"", ""s15_slope"", ""s17_slope"", ""s3_z_last""]",s11_slope,1,2,True,True,0.25,0.5,True,1.0,0.0
nasa_fd001,u054_e0100,3,4,degraded,healthy,4,"[""s11_slope"", ""s15_slope"", ""s17_slope"", ""s3_z_last""]",s11_slope,1,2,True,True,0.25,0.5,True,1.0,0.0
nasa_fd001,u054_e0150,3,0,healthy,healthy,4,"[""s6_z_last"", ""s6_slope"", ""s13_slope"", ""s12_delta_mean""]",s11_slope,0,1,False,True,0.0,0.25,False,1.0,0.0
nasa_fd001,u054_e0150,3,1,degraded,healthy,3,"[""s6_z_last"", ""s13_delta_mean"", ""s15_slope""]",s11_slope,0,1,False,True,0.0,0.3333333333333333,False,1.0,0.0
nasa_fd001,u054_e0150,3,2,healthy,healthy,4,"[""s6_z_last"", ""s6_slope"", ""s13_delta_mean"", ""s12_delta_mean""]",s11_slope,0,1,False,True,0.0,0.25,False,0.75,0.25
nasa_fd001,u054_e0150,3,3,healthy,healthy,4,"[""s6_z_last"", ""s6_slope"", ""s13_slope"", ""s12_delta_mean""]",s11_slope,0,1,False,True,0.0,0.25,False,1.0,0.0
nasa_fd001,u054_e0150,3,4,healthy,healthy,4,"[""s6_z_last"", ""s6_slope"", ""s13_slope"", ""s12_delta_mean""]",s11_slope,0,1,False,True,0.0,0.25,False,1.0,0.0
nasa_fd001,u054_e0250,3,0,degraded,degraded,4,"[""s9_slope"", ""s14_delta_mean"", ""s14_slope"", ""s12_slope""]",s4_slope,0,0,False,False,0.0,0.0,False,1.0,0.0
nasa_fd001,u054_e0250,3,1,degraded,degraded,4,"[""s9_slope"", ""s14_slope"", ""s14_delta_mean"", ""s12_slope""]",s4_slope,0,0,False,False,0.0,0.0,False,1.0,0.0
nasa_fd001,u054_e0250,3,2,degraded,degraded,4,"[""s9_slope"", ""s14_slope"", ""s12_slope"", ""s17_slope""]",s4_slope,0,0,False,False,0.0,0.0,False,1.0,0.0
nasa_fd001,u054_e0250,3,3,degraded,degraded,4,"[""s9_slope"", ""s14_slope"", ""s14_delta_mean"", ""s12_slope""]",s4_slope,0,0,False,False,0.0,0.0,False,1.0,0.0
nasa_fd001,u054_e0250,3,4,degraded,degraded,4,"[""s9_slope"", ""s14_delta_mean"", ""s14_slope"", ""s12_slope""]",s4_slope,0,0,False,False,0.0,0.0,False,1.0,0.0
nasa_fd001,u056_e0070,3,0,healthy,healthy,4,"[""s15_z_last"", ""s17_delta_mean"", ""s7_z_last"", ""s20_z_last""]",s11_slope,0,0,False,False,0.0,0.0,False,1.0,0.0
nasa_fd001,u056_e0070,3,1,degraded,healthy,4,"[""s15_z_last"", ""s17_delta_mean"", ""s7_z_last"", ""s20_z_last""]",s11_slope,0,0,False,False,0.0,0.0,False,1.0,0.0
nasa_fd001,u056_e0070,3,2,degraded,healthy,4,"[""s15_z_last"", ""s17_delta_mean"", ""s4_slope"", ""s7_z_last""]",s11_slope,1,1,True,True,0.25,0.25,False,1.0,0.0
nasa_fd001,u056_e0070,3,3,degraded,healthy,4,"[""s15_z_last"", ""s17_delta_mean"", ""s7_z_last"", ""s20_z_last""]",s11_slope,0,0,False,False,0.0,0.0,False,1.0,0.0
nasa_fd001,u056_e0070,3,4,degraded,healthy,4,"[""s15_z_last"", ""s17_delta_mean"", ""s4_slope"", ""s7_z_last""]",s11_slope,1,1,True,True,0.25,0.25,False,1.0,0.0
nasa_fd001,u056_e0080,3,0,degraded,healthy,4,"[""s15_slope"", ""s4_slope"", ""s13_slope"", ""s7_slope""]",s11_slope,1,2,True,True,0.25,0.5,False,1.0,0.0
nasa_fd001,u056_e0080,3,1,degraded,healthy,4,"[""s4_slope"", ""s15_slope"", ""s13_slope"", ""s11_slope""]",s11_slope,2,3,True,True,0.5,0.75,True,1.0,0.0
nasa_fd001,u056_e0080,3,2,healthy,healthy,4,"[""s7_delta_mean"", ""s20_z_last"", ""s12_z_last"", ""s15_slope""]",s11_slope,0,1,False,True,0.0,0.25,False,1.0,0.0
nasa_fd001,u056_e0080,3,3,degraded,healthy,4,"[""s4_slope"", ""s15_slope"", ""s13_slope"", ""s11_slope""]",s11_slope,2,3,True,True,0.5,0.75,True,1.0,0.0
nasa_fd001,u056_e0080,3,4,degraded,healthy,4,"[""s4_slope"", ""s15_slope"", ""s13_slope"", ""s11_slope""]",s11_slope,2,3,True,True,0.5,0.75,True,1.0,0.0
nasa_fd001,u056_e0110,3,0,degraded,healthy,4,"[""s3_slope"", ""s8_slope"", ""s12_delta_mean"", ""s20_z_last""]",s11_slope,0,1,False,True,0.0,0.25,False,1.0,0.0
nasa_fd001,u056_e0110,3,1,healthy,healthy,4,"[""s3_slope"", ""s8_slope"", ""s20_delta_mean"", ""s12_delta_mean""]",s11_slope,0,1,False,True,0.0,0.25,False,1.0,0.0
nasa_fd001,u056_e0110,3,2,healthy,healthy,4,"[""s3_slope"", ""s8_slope"", ""s20_delta_mean"", ""s12_delta_mean""]",s11_slope,0,1,False,True,0.0,0.25,False,1.0,0.0
nasa_fd001,u056_e0110,3,3,healthy,healthy,4,"[""s3_slope"", ""s8_slope"", ""s20_delta_mean"", ""s12_delta_mean""]",s11_slope,0,1,False,True,0.0,0.25,False,1.0,0.0
nasa_fd001,u056_e0110,3,4,healthy,healthy,3,"[""s3_slope"", ""s8_slope"", ""s20_delta_mean""]",s11_slope,0,0,False,False,0.0,0.0,False,1.0,0.0
nasa_fd001,u056_e0190,3,0,degraded,healthy,4,"[""s8_slope"", ""s13_slope"", ""s17_slope"", ""s7_delta_mean""]",s11_slope,0,0,False,False,0.0,0.0,False,1.0,0.0
nasa_fd001,u056_e0190,3,1,healthy,healthy,3,"[""s9_z_last"", ""s7_z_last"", ""s8_z_last""]",s11_slope,0,0,False,False,0.0,0.0,False,1.0,0.0
nasa_fd001,u056_e0190,3,2,degraded,healthy,4,"[""s8_slope"", ""s13_slope"", ""s17_slope"", ""s7_slope""]",s11_slope,0,0,False,False,0.0,0.0,False,1.0,0.0
nasa_fd001,u056_e0190,3,3,degraded,healthy,4,"[""s8_slope"", ""s13_slope"", ""s17_slope"", ""s7_slope""]",s11_slope,0,0,False,False,0.0,0.0,False,1.0,0.0
nasa_fd001,u056_e0190,3,4,degraded,healthy,4,"[""s8_slope"", ""s13_slope"", ""s17_slope"", ""s7_z_last""]",s11_slope,0,0,False,False,0.0,0.0,False,1.0,0.0
nasa_fd001,u056_e0240,3,0,degraded,healthy,4,"[""s9_delta_mean"", ""s9_slope"", ""s14_delta_mean"", ""s14_slope""]",s7_delta_mean,0,0,False,False,0.0,0.0,False,1.0,0.0
nasa_fd001,u056_e0240,3,1,degraded,healthy,4,"[""s9_delta_mean"", ""s14_delta_mean"", ""s11_z_last"", ""s21_z_last""]",s7_delta_mean,0,0,False,False,0.0,0.0,False,1.0,0.0
nasa_fd001,u056_e0240,3,2,degraded,healthy,4,"[""s9_delta_mean"", ""s9_slope"", ""s14_delta_mean"", ""s14_slope""]",s7_delta_mean,0,0,False,False,0.0,0.0,False,1.0,0.0
nasa_fd001,u056_e0240,3,3,degraded,healthy,4,"[""s9_delta_mean"", ""s9_slope"", ""s14_delta_mean"", ""s14_slope""]",s7_delta_mean,0,0,False,False,0.0,0.0,False,1.0,0.0
nasa_fd001,u056_e0240,3,4,degraded,healthy,4,"[""s9_delta_mean"", ""s14_delta_mean"", ""s11_z_last"", ""s21_z_last""]",s7_delta_mean,0,0,False,False,0.0,0.0,False,1.0,0.0
nasa_fd001,u056_e0260,3,0,degraded,degraded,4,"[""s9_slope"", ""s9_delta_mean"", ""s14_slope"", ""s14_delta_mean""]",s7_slope,0,1,False,True,0.0,0.25,False,1.0,0.0
nasa_fd001,u056_e0260,3,1,degraded,degraded,4,"[""s9_slope"", ""s14_slope"", ""s9_delta_mean"", ""s14_delta_mean""]",s7_slope,0,1,False,True,0.0,0.25,False,1.0,0.0
nasa_fd001,u056_e0260,3,2,degraded,degraded,4,"[""s9_slope"", ""s14_slope"", ""s9_delta_mean"", ""s14_delta_mean""]",s7_slope,0,1,False,True,0.0,0.25,False,1.0,0.0
nasa_fd001,u056_e0260,3,3,degraded,degraded,4,"[""s9_slope"", ""s9_delta_mean"", ""s14_slope"", ""s14_delta_mean""]",s7_slope,0,1,False,True,0.0,0.25,False,1.0,0.0
nasa_fd001,u056_e0260,3,4,degraded,degraded,4,"[""s9_slope"", ""s14_slope"", ""s9_delta_mean"", ""s14_delta_mean""]",s7_slope,0,1,False,True,0.0,0.25,False,1.0,0.0
nasa_fd001,u070_e0120,3,0,degraded,degraded,4,"[""s11_delta_mean"", ""s3_slope"", ""s2_delta_mean"", ""s21_delta_mean""]",s11_slope,1,2,True,True,0.25,0.5,False,1.0,0.0
nasa_fd001,u070_e0120,3,1,degraded,degraded,4,"[""s2_delta_mean"", ""s11_delta_mean"", ""s3_slope"", ""s4_slope""]",s11_slope,2,2,True,True,0.5,0.5,False,1.0,0.0
nasa_fd001,u070_e0120,3,2,degraded,degraded,4,"[""s11_delta_mean"", ""s3_slope"", ""s2_delta_mean"", ""s15_z_last""]",s11_slope,1,1,True,True,0.25,0.25,False,1.0,0.0
nasa_fd001,u070_e0120,3,3,degraded,degraded,4,"[""s2_delta_mean"", ""s11_delta_mean"", ""s3_slope"", ""s12_delta_mean""]",s11_slope,1,1,True,True,0.25,0.25,False,1.0,0.0
nasa_fd001,u070_e0120,3,4,degraded,degraded,4,"[""s2_delta_mean"", ""s11_delta_mean"", ""s3_slope"", ""s15_z_last""]",s11_slope,1,1,True,True,0.25,0.25,False,1.0,0.0
nasa_fd001,u071_e0190,3,0,degraded,degraded,4,"[""s9_slope"", ""s14_slope"", ""s9_delta_mean"", ""s14_delta_mean""]",s20_z_last,0,0,False,False,0.0,0.0,False,1.0,0.0
nasa_fd001,u071_e0190,3,1,degraded,degraded,4,"[""s9_slope"", ""s9_delta_mean"", ""s14_slope"", ""s14_delta_mean""]",s20_z_last,0,0,False,False,0.0,0.0,False,1.0,0.0
nasa_fd001,u071_e0190,3,2,degraded,degraded,4,"[""s9_slope"", ""s9_delta_mean"", ""s14_slope"", ""s14_delta_mean""]",s20_z_last,0,0,False,False,0.0,0.0,False,1.0,0.0
nasa_fd001,u071_e0190,3,3,degraded,degraded,4,"[""s9_delta_mean"", ""s9_slope"", ""s14_delta_mean"", ""s14_slope""]",s20_z_last,0,0,False,False,0.0,0.0,False,1.0,0.0
nasa_fd001,u071_e0190,3,4,degraded,degraded,4,"[""s9_slope"", ""s9_delta_mean"", ""s14_slope"", ""s14_delta_mean""]",s20_z_last,0,0,False,False,0.0,0.0,False,1.0,0.0
nasa_fd001,u074_e0100,3,0,healthy,healthy,3,"[""s13_z_last"", ""s15_z_last"", ""s14_z_last""]",s11_slope,0,0,False,False,0.0,0.0,False,1.0,0.0
nasa_fd001,u074_e0100,3,1,healthy,healthy,4,"[""s13_z_last"", ""s14_z_last"", ""s15_z_last"", ""s20_z_last""]",s11_slope,0,0,False,False,0.0,0.0,False,1.0,0.0
nasa_fd001,u074_e0100,3,2,healthy,healthy,4,"[""s13_z_last"", ""s15_z_last"", ""s14_z_last"", ""s20_z_last""]",s11_slope,0,0,False,False,0.0,0.0,False,1.0,0.0
nasa_fd001,u074_e0100,3,3,healthy,healthy,3,"[""s13_z_last"", ""s15_z_last"", ""s14_z_last""]",s11_slope,0,0,False,False,0.0,0.0,False,1.0,0.0
nasa_fd001,u074_e0100,3,4,healthy,healthy,3,"[""s13_z_last"", ""s15_z_last"", ""s14_z_last""]",s11_slope,0,0,False,False,0.0,0.0,False,1.0,0.0
nasa_fd001,u077_e0070,3,0,degraded,healthy,4,"[""s4_z_last"", ""s6_slope"", ""s9_z_last"", ""s20_delta_mean""]",s11_slope,0,0,False,False,0.0,0.0,False,1.0,0.0
nasa_fd001,u077_e0070,3,1,healthy,healthy,3,"[""s6_slope"", ""s20_delta_mean"", ""s4_z_last""]",s11_slope,0,0,False,False,0.0,0.0,False,1.0,0.0
nasa_fd001,u077_e0070,3,2,healthy,healthy,4,"[""s6_delta_mean"", ""s6_slope"", ""s20_delta_mean"", ""s4_z_last""]",s11_slope,0,0,False,False,0.0,0.0,False,1.0,0.0
nasa_fd001,u077_e0070,3,3,healthy,healthy,4,"[""s6_delta_mean"", ""s6_slope"", ""s20_delta_mean"", ""s4_z_last""]",s11_slope,0,0,False,False,0.0,0.0,False,1.0,0.0
nasa_fd001,u077_e0070,3,4,degraded,healthy,4,"[""s4_z_last"", ""s6_slope"", ""s9_z_last"", ""s20_delta_mean""]",s11_slope,0,0,False,False,0.0,0.0,False,1.0,0.0
nasa_fd001,u077_e0130,3,0,degraded,healthy,4,"[""s11_delta_mean"", ""s11_slope"", ""s12_delta_mean"", ""s12_slope""]",s11_slope,2,2,True,True,0.5,0.5,True,1.0,0.0
nasa_fd001,u077_e0130,3,1,healthy,healthy,3,"[""s12_delta_mean"", ""s21_delta_mean"", ""s14_z_last""]",s11_slope,0,0,False,False,0.0,0.0,False,1.0,0.0
nasa_fd001,u077_e0130,3,2,degraded,healthy,4,"[""s11_delta_mean"", ""s11_slope"", ""s12_delta_mean"", ""s12_slope""]",s11_slope,2,2,True,True,0.5,0.5,True,1.0,0.0
nasa_fd001,u077_e0130,3,3,degraded,healthy,4,"[""s11_delta_mean"", ""s11_slope"", ""s12_delta_mean"", ""s12_slope""]",s11_slope,2,2,True,True,0.5,0.5,True,1.0,0.0
nasa_fd001,u077_e0130,3,4,healthy,healthy,4,"[""s12_delta_mean"", ""s14_z_last"", ""s17_z_last"", ""s21_delta_mean""]",s11_slope,0,0,False,False,0.0,0.0,False,1.0,0.0
nasa_fd001,u078_e0070,3,0,degraded,healthy,4,"[""s6_delta_mean"", ""s6_slope"", ""s11_z_last"", ""s7_z_last""]",s11_slope,0,0,False,False,0.0,0.0,False,1.0,0.0
nasa_fd001,u078_e0070,3,1,degraded,healthy,4,"[""s6_delta_mean"", ""s6_slope"", ""s11_z_last"", ""s7_z_last""]",s11_slope,0,0,False,False,0.0,0.0,False,1.0,0.0
nasa_fd001,u078_e0070,3,2,degraded,healthy,4,"[""s6_delta_mean"", ""s6_slope"", ""s11_z_last"", ""s7_z_last""]",s11_slope,0,0,False,False,0.0,0.0,False,1.0,0.0
nasa_fd001,u078_e0070,3,3,degraded,healthy,4,"[""s6_delta_mean"", ""s6_slope"", ""s11_z_last"", ""s7_z_last""]",s11_slope,0,0,False,False,0.0,0.0,False,1.0,0.0
nasa_fd001,u078_e0070,3,4,degraded,healthy,4,"[""s6_delta_mean"", ""s6_slope"", ""s11_z_last"", ""s7_z_last""]",s11_slope,0,0,False,False,0.0,0.0,False,1.0,0.0
nasa_fd001,u078_e0080,3,0,healthy,healthy,4,"[""s6_slope"", ""s8_z_last"", ""s11_z_last"", ""s17_slope""]",s11_slope,0,0,False,False,0.0,0.0,False,1.0,0.0
nasa_fd001,u078_e0080,3,1,healthy,healthy,4,"[""s6_slope"", ""s11_z_last"", ""s8_z_last"", ""s17_slope""]",s11_slope,0,0,False,False,0.0,0.0,False,1.0,0.0
nasa_fd001,u078_e0080,3,2,healthy,healthy,4,"[""s6_slope"", ""s11_z_last"", ""s8_z_last"", ""s17_slope""]",s11_slope,0,0,False,False,0.0,0.0,False,1.0,0.0
nasa_fd001,u078_e0080,3,3,healthy,healthy,4,"[""s6_slope"", ""s8_z_last"", ""s17_slope"", ""s11_z_last""]",s11_slope,0,0,False,False,0.0,0.0,False,1.0,0.0
nasa_fd001,u078_e0080,3,4,healthy,healthy,4,"[""s6_slope"", ""s11_z_last"", ""s8_z_last"", ""s20_delta_mean""]",s11_slope,0,0,False,False,0.0,0.0,False,1.0,0.0
nasa_fd001,u078_e0170,3,0,degraded,healthy,4,"[""s6_slope"", ""s13_delta_mean"", ""s4_delta_mean"", ""s7_z_last""]",s15_slope,0,0,False,False,0.0,0.0,False,1.0,0.0
nasa_fd001,u078_e0170,3,1,degraded,healthy,4,"[""s6_slope"", ""s13_delta_mean"", ""s4_delta_mean"", ""s15_delta_mean""]",s15_slope,1,1,True,True,0.25,0.25,False,1.0,0.0
nasa_fd001,u078_e0170,3,2,healthy,healthy,4,"[""s2_slope"", ""s6_slope"", ""s4_slope"", ""s13_slope""]",s15_slope,0,0,False,False,0.0,0.0,False,0.75,0.25
nasa_fd001,u078_e0170,3,3,degraded,healthy,4,"[""s6_slope"", ""s13_delta_mean"", ""s4_delta_mean"", ""s7_z_last""]",s15_slope,0,0,False,False,0.0,0.0,False,1.0,0.0
nasa_fd001,u078_e0170,3,4,degraded,healthy,4,"[""s6_slope"", ""s13_delta_mean"", ""s4_delta_mean"", ""s3_slope""]",s15_slope,0,0,False,False,0.0,0.0,False,1.0,0.0
nasa_fd001,u078_e0180,3,0,degraded,healthy,4,"[""s7_z_last"", ""s7_slope"", ""s6_slope"", ""s4_slope""]",s21_delta_mean,0,1,False,True,0.0,0.25,False,1.0,0.0
nasa_fd001,u078_e0180,3,1,degraded,healthy,3,"[""s7_z_last"", ""s7_slope"", ""s6_slope""]",s21_delta_mean,0,0,False,False,0.0,0.0,False,1.0,0.0
nasa_fd001,u078_e0180,3,2,degraded,healthy,4,"[""s7_z_last"", ""s7_slope"", ""s6_slope"", ""s4_slope""]",s21_delta_mean,0,1,False,True,0.0,0.25,False,1.0,0.0
nasa_fd001,u078_e0180,3,3,degraded,healthy,4,"[""s7_z_last"", ""s7_slope"", ""s6_slope"", ""s4_slope""]",s21_delta_mean,0,1,False,True,0.0,0.25,False,1.0,0.0
nasa_fd001,u078_e0180,3,4,degraded,healthy,4,"[""s7_z_last"", ""s7_slope"", ""s6_slope"", ""s4_slope""]",s21_delta_mean,0,1,False,True,0.0,0.25,False,1.0,0.0
nasa_fd001,u078_e0190,3,0,degraded,degraded,4,"[""s15_slope"", ""s17_delta_mean"", ""s7_slope"", ""s12_delta_mean""]",s11_slope,0,1,False,True,0.0,0.25,False,1.0,0.0
nasa_fd001,u078_e0190,3,1,degraded,degraded,4,"[""s15_slope"", ""s17_delta_mean"", ""s7_slope"", ""s21_delta_mean""]",s11_slope,0,0,False,False,0.0,0.0,False,1.0,0.0
nasa_fd001,u078_e0190,3,2,degraded,degraded,4,"[""s15_slope"", ""s17_slope"", ""s7_slope"", ""s21_z_last""]",s11_slope,0,0,False,False,0.0,0.0,False,1.0,0.0
nasa_fd001,u078_e0190,3,3,degraded,degraded,4,"[""s11_delta_mean"", ""s15_slope"", ""s21_delta_mean"", ""s7_slope""]",s11_slope,1,1,True,True,0.25,0.25,False,1.0,0.0
nasa_fd001,u078_e0190,3,4,degraded,degraded,3,"[""s15_slope"", ""s17_slope"", ""s7_slope""]",s11_slope,0,0,False,False,0.0,0.0,False,1.0,0.0
nasa_fd001,u081_e0120,3,0,healthy,healthy,3,"[""s7_z_last"", ""s2_delta_mean"", ""s20_z_last""]",s11_slope,0,0,False,False,0.0,0.0,False,1.0,0.0
nasa_fd001,u081_e0120,3,1,healthy,healthy,3,"[""s7_z_last"", ""s2_slope"", ""s11_z_last""]",s11_slope,0,0,False,False,0.0,0.0,False,1.0,0.0
nasa_fd001,u081_e0120,3,2,healthy,healthy,3,"[""s7_z_last"", ""s2_slope"", ""s11_z_last""]",s11_slope,0,0,False,False,0.0,0.0,False,1.0,0.0
nasa_fd001,u081_e0120,3,3,healthy,healthy,3,"[""s7_z_last"", ""s2_delta_mean"", ""s11_z_last""]",s11_slope,0,0,False,False,0.0,0.0,False,1.0,0.0
nasa_fd001,u081_e0120,3,4,healthy,healthy,4,"[""s7_z_last"", ""s2_delta_mean"", ""s11_z_last"", ""s6_delta_mean""]",s11_slope,0,0,False,False,0.0,0.0,False,1.0,0.0
nasa_fd001,u081_e0130,3,0,healthy,healthy,4,"[""s2_delta_mean"", ""s6_delta_mean"", ""s17_slope"", ""s21_z_last""]",s11_slope,0,1,False,True,0.0,0.25,False,1.0,0.0
nasa_fd001,u081_e0130,3,1,healthy,healthy,4,"[""s2_delta_mean"", ""s6_delta_mean"", ""s2_slope"", ""s7_z_last""]",s11_slope,0,0,False,False,0.0,0.0,False,1.0,0.0
nasa_fd001,u081_e0130,3,2,healthy,healthy,3,"[""s2_delta_mean"", ""s6_delta_mean"", ""s17_slope""]",s11_slope,0,1,False,True,0.0,0.3333333333333333,False,1.0,0.0
nasa_fd001,u081_e0130,3,3,healthy,healthy,3,"[""s2_delta_mean"", ""s6_delta_mean"", ""s17_slope""]",s11_slope,0,1,False,True,0.0,0.3333333333333333,False,1.0,0.0
nasa_fd001,u081_e0130,3,4,healthy,healthy,4,"[""s2_delta_mean"", ""s6_delta_mean"", ""s17_slope"", ""s21_z_last""]",s11_slope,0,1,False,True,0.0,0.25,False,1.0,0.0
nasa_fd001,u081_e0150,3,0,healthy,healthy,4,"[""s21_delta_mean"", ""s2_delta_mean"", ""s3_z_last"", ""s17_z_last""]",s11_slope,0,0,False,False,0.0,0.0,False,1.0,0.0
nasa_fd001,u081_e0150,3,1,healthy,healthy,3,"[""s21_delta_mean"", ""s2_delta_mean"", ""s17_z_last""]",s11_slope,0,0,False,False,0.0,0.0,False,1.0,0.0
nasa_fd001,u081_e0150,3,2,healthy,healthy,3,"[""s3_z_last"", ""s21_delta_mean"", ""s17_z_last""]",s11_slope,0,0,False,False,0.0,0.0,False,1.0,0.0
nasa_fd001,u081_e0150,3,3,healthy,healthy,4,"[""s21_delta_mean"", ""s21_slope"", ""s2_delta_mean"", ""s3_delta_mean""]",s11_slope,0,0,False,False,0.0,0.0,False,1.0,0.0
nasa_fd001,u081_e0150,3,4,healthy,healthy,4,"[""s21_delta_mean"", ""s2_delta_mean"", ""s3_z_last"", ""s17_delta_mean""]",s11_slope,0,0,False,False,0.0,0.0,False,1.0,0.0
nasa_fd001,u081_e0170,3,0,degraded,healthy,4,"[""s9_slope"", ""s14_slope"", ""s21_slope"", ""s13_slope""]",s11_slope,0,0,False,False,0.0,0.0,False,1.0,0.0
nasa_fd001,u081_e0170,3,1,healthy,healthy,3,"[""s3_z_last"", ""s11_z_last"", ""s21_slope""]",s11_slope,0,0,False,False,0.0,0.0,False,1.0,0.0
nasa_fd001,u081_e0170,3,2,healthy,healthy,3,"[""s3_z_last"", ""s11_z_last"", ""s20_slope""]",s11_slope,0,1,False,True,0.0,0.3333333333333333,False,1.0,0.0
nasa_fd001,u081_e0170,3,3,healthy,healthy,4,"[""s3_z_last"", ""s11_z_last"", ""s9_slope"", ""s21_slope""]",s11_slope,0,0,False,False,0.0,0.0,False,1.0,0.0
nasa_fd001,u081_e0170,3,4,healthy,healthy,3,"[""s3_z_last"", ""s11_z_last"", ""s20_slope""]",s11_slope,0,1,False,True,0.0,0.3333333333333333,False,1.0,0.0
nasa_fd001,u081_e0180,3,0,healthy,healthy,3,"[""s9_z_last"", ""s21_slope"", ""s2_delta_mean""]",s4_slope,0,0,False,False,0.0,0.0,False,1.0,0.0
nasa_fd001,u081_e0180,3,1,degraded,healthy,4,"[""s2_z_last"", ""s7_slope"", ""s11_slope"", ""s9_slope""]",s4_slope,0,2,False,True,0.0,0.5,False,1.0,0.0
nasa_fd001,u081_e0180,3,2,degraded,healthy,4,"[""s2_z_last"", ""s7_slope"", ""s11_slope"", ""s21_slope""]",s4_slope,0,2,False,True,0.0,0.5,False,1.0,0.0
nasa_fd001,u081_e0180,3,3,degraded,healthy,4,"[""s2_z_last"", ""s17_z_last"", ""s21_delta_mean"", ""s11_slope""]",s4_slope,0,1,False,True,0.0,0.25,False,1.0,0.0
nasa_fd001,u081_e0180,3,4,healthy,healthy,3,"[""s2_delta_mean"", ""s7_slope"", ""s9_slope""]",s4_slope,0,1,False,True,0.0,0.3333333333333333,False,1.0,0.0
nasa_fd001,u081_e0190,3,0,healthy,healthy,4,"[""s17_delta_mean"", ""s17_slope"", ""s21_delta_mean"", ""s3_slope""]",s12_delta_mean,0,0,False,False,0.0,0.0,False,1.0,0.0
nasa_fd001,u081_e0190,3,1,healthy,healthy,4,"[""s17_delta_mean"", ""s17_slope"", ""s21_delta_mean"", ""s3_slope""]",s12_delta_mean,0,0,False,False,0.0,0.0,False,1.0,0.0
nasa_fd001,u081_e0190,3,2,healthy,healthy,4,"[""s17_delta_mean"", ""s17_slope"", ""s21_delta_mean"", ""s3_slope""]",s12_delta_mean,0,0,False,False,0.0,0.0,False,1.0,0.0
nasa_fd001,u081_e0190,3,3,healthy,healthy,4,"[""s17_delta_mean"", ""s17_slope"", ""s3_slope"", ""s21_delta_mean""]",s12_delta_mean,0,0,False,False,0.0,0.0,False,0.75,0.25
nasa_fd001,u081_e0190,3,4,healthy,healthy,4,"[""s17_delta_mean"", ""s17_slope"", ""s3_slope"", ""s21_delta_mean""]",s12_delta_mean,0,0,False,False,0.0,0.0,False,0.75,0.25
nasa_fd001,u081_e0200,3,0,healthy,degraded,4,"[""s13_slope"", ""s20_slope"", ""s21_delta_mean"", ""s7_delta_mean""]",s11_delta_mean,1,1,True,True,0.25,0.25,False,1.0,0.0
nasa_fd001,u081_e0200,3,1,degraded,degraded,4,"[""s13_slope"", ""s20_slope"", ""s4_slope"", ""s14_z_last""]",s11_delta_mean,0,1,False,True,0.0,0.25,False,1.0,0.0
nasa_fd001,u081_e0200,3,2,healthy,degraded,4,"[""s13_slope"", ""s20_slope"", ""s14_z_last"", ""s15_slope""]",s11_delta_mean,0,0,False,False,0.0,0.0,False,1.0,0.0
nasa_fd001,u081_e0200,3,3,healthy,degraded,4,"[""s13_slope"", ""s20_slope"", ""s14_z_last"", ""s15_slope""]",s11_delta_mean,0,0,False,False,0.0,0.0,False,1.0,0.0
nasa_fd001,u081_e0200,3,4,healthy,degraded,4,"[""s20_slope"", ""s21_slope"", ""s7_delta_mean"", ""s3_slope""]",s11_delta_mean,0,1,False,True,0.0,0.25,False,1.0,0.0
nasa_fd001,u081_e0230,3,0,degraded,degraded,4,"[""s8_delta_mean"", ""s13_delta_mean"", ""s4_delta_mean"", ""s21_delta_mean""]",s20_slope,0,1,False,True,0.0,0.25,False,1.0,0.0
nasa_fd001,u081_e0230,3,1,degraded,degraded,4,"[""s8_delta_mean"", ""s13_delta_mean"", ""s8_slope"", ""s13_slope""]",s20_slope,0,0,False,False,0.0,0.0,False,1.0,0.0
nasa_fd001,u081_e0230,3,2,healthy,degraded,4,"[""s8_delta_mean"", ""s13_delta_mean"", ""s8_slope"", ""s13_slope""]",s20_slope,0,0,False,False,0.0,0.0,False,1.0,0.0
nasa_fd001,u081_e0230,3,3,healthy,degraded,4,"[""s8_delta_mean"", ""s13_delta_mean"", ""s15_delta_mean"", ""s21_delta_mean""]",s20_slope,0,1,False,True,0.0,0.25,False,1.0,0.0
nasa_fd001,u081_e0230,3,4,degraded,degraded,4,"[""s8_delta_mean"", ""s13_delta_mean"", ""s4_delta_mean"", ""s21_delta_mean""]",s20_slope,0,1,False,True,0.0,0.25,False,1.0,0.0
nasa_fd001,u084_e0170,3,0,healthy,healthy,3,"[""s12_z_last"", ""s21_z_last"", ""s15_z_last""]",s11_slope,0,0,False,False,0.0,0.0,False,1.0,0.0
nasa_fd001,u084_e0170,3,1,healthy,healthy,3,"[""s12_z_last"", ""s21_z_last"", ""s15_z_last""]",s11_slope,0,0,False,False,0.0,0.0,False,1.0,0.0
nasa_fd001,u084_e0170,3,2,healthy,healthy,4,"[""s12_z_last"", ""s21_z_last"", ""s15_z_last"", ""s20_slope""]",s11_slope,0,0,False,False,0.0,0.0,False,1.0,0.0
nasa_fd001,u084_e0170,3,3,healthy,healthy,4,"[""s12_z_last"", ""s15_z_last"", ""s21_z_last"", ""s8_slope""]",s11_slope,0,0,False,False,0.0,0.0,False,1.0,0.0
nasa_fd001,u084_e0170,3,4,healthy,healthy,4,"[""s12_z_last"", ""s21_z_last"", ""s15_z_last"", ""s15_slope""]",s11_slope,0,0,False,False,0.0,0.0,False,1.0,0.0
nasa_fd001,u084_e0180,3,0,degraded,healthy,4,"[""s8_slope"", ""s8_z_last"", ""s2_delta_mean"", ""s20_slope""]",s11_slope,0,0,False,False,0.0,0.0,False,1.0,0.0
nasa_fd001,u084_e0180,3,1,degraded,healthy,4,"[""s8_slope"", ""s8_delta_mean"", ""s9_z_last"", ""s2_delta_mean""]",s11_slope,0,0,False,False,0.0,0.0,False,1.0,0.0
nasa_fd001,u084_e0180,3,2,degraded,healthy,4,"[""s8_delta_mean"", ""s8_slope"", ""s2_delta_mean"", ""s20_slope""]",s11_slope,0,0,False,False,0.0,0.0,False,1.0,0.0
nasa_fd001,u084_e0180,3,3,degraded,healthy,4,"[""s8_delta_mean"", ""s8_slope"", ""s7_z_last"", ""s20_delta_mean""]",s11_slope,0,0,False,False,0.0,0.0,False,1.0,0.0
nasa_fd001,u084_e0180,3,4,degraded,healthy,4,"[""s8_delta_mean"", ""s8_slope"", ""s9_z_last"", ""s17_slope""]",s11_slope,0,0,False,False,0.0,0.0,False,1.0,0.0
nasa_fd001,u084_e0240,3,0,degraded,healthy,4,"[""s12_slope"", ""s17_slope"", ""s4_z_last"", ""s3_delta_mean""]",s11_slope,0,0,False,False,0.0,0.0,False,1.0,0.0
nasa_fd001,u084_e0240,3,1,degraded,healthy,4,"[""s12_slope"", ""s17_delta_mean"", ""s4_z_last"", ""s3_delta_mean""]",s11_slope,0,0,False,False,0.0,0.0,False,1.0,0.0
nasa_fd001,u084_e0240,3,2,healthy,healthy,4,"[""s7_z_last"", ""s8_z_last"", ""s17_z_last"", ""s12_slope""]",s11_slope,0,0,False,False,0.0,0.0,False,1.0,0.0
nasa_fd001,u084_e0240,3,3,degraded,healthy,4,"[""s12_slope"", ""s17_delta_mean"", ""s4_z_last"", ""s3_delta_mean""]",s11_slope,0,0,False,False,0.0,0.0,False,1.0,0.0
nasa_fd001,u084_e0240,3,4,degraded,healthy,4,"[""s12_slope"", ""s17_delta_mean"", ""s13_z_last"", ""s7_z_last""]",s11_slope,0,0,False,False,0.0,0.0,False,1.0,0.0
nasa_fd001,u089_e0120,3,0,healthy,healthy,4,"[""s6_delta_mean"", ""s6_slope"", ""s12_z_last"", ""s13_slope""]",s11_slope,0,0,False,False,0.0,0.0,False,1.0,0.0
nasa_fd001,u089_e0120,3,1,healthy,healthy,4,"[""s6_delta_mean"", ""s6_slope"", ""s12_z_last"", ""s9_z_last""]",s11_slope,0,0,False,False,0.0,0.0,False,1.0,0.0
nasa_fd001,u089_e0120,3,2,healthy,healthy,4,"[""s6_delta_mean"", ""s6_slope"", ""s13_slope"", ""s11_z_last""]",s11_slope,0,0,False,False,0.0,0.0,False,1.0,0.0
nasa_fd001,u089_e0120,3,3,healthy,healthy,4,"[""s6_delta_mean"", ""s6_slope"", ""s12_z_last"", ""s13_slope""]",s11_slope,0,0,False,False,0.0,0.0,False,1.0,0.0
nasa_fd001,u089_e0120,3,4,healthy,healthy,4,"[""s6_delta_mean"", ""s6_slope"", ""s13_slope"", ""s8_z_last""]",s11_slope,0,0,False,False,0.0,0.0,False,1.0,0.0
nasa_fd001,u089_e0150,3,0,degraded,healthy,4,"[""s7_z_last"", ""s7_slope"", ""s21_slope"", ""s13_slope""]",s11_slope,0,0,False,False,0.0,0.0,False,1.0,0.0
nasa_fd001,u089_e0150,3,1,degraded,healthy,4,"[""s7_z_last"", ""s13_delta_mean"", ""s21_slope"", ""s17_delta_mean""]",s11_slope,0,0,False,False,0.0,0.0,False,1.0,0.0
nasa_fd001,u089_e0150,3,2,degraded,healthy,4,"[""s7_z_last"", ""s21_slope"", ""s13_slope"", ""s17_slope""]",s11_slope,0,0,False,False,0.0,0.0,False,1.0,0.0
nasa_fd001,u089_e0150,3,3,degraded,healthy,4,"[""s7_z_last"", ""s7_slope"", ""s13_slope"", ""s21_slope""]",s11_slope,0,0,False,False,0.0,0.0,False,1.0,0.0
nasa_fd001,u089_e0150,3,4,degraded,healthy,4,"[""s7_z_last"", ""s13_delta_mean"", ""s21_slope"", ""s17_slope""]",s11_slope,0,0,False,False,0.0,0.0,False,1.0,0.0
nasa_fd001,u091_e0110,3,0,degraded,healthy,4,"[""s8_slope"", ""s15_slope"", ""s9_z_last"", ""s20_delta_mean""]",s21_delta_mean,0,0,False,False,0.0,0.0,False,1.0,0.0
nasa_fd001,u091_e0110,3,1,degraded,healthy,4,"[""s8_slope"", ""s17_slope"", ""s9_z_last"", ""s20_delta_mean""]",s21_delta_mean,0,0,False,False,0.0,0.0,False,1.0,0.0
nasa_fd001,u091_e0110,3,2,degraded,healthy,4,"[""s8_slope"", ""s15_slope"", ""s9_z_last"", ""s20_slope""]",s21_delta_mean,0,0,False,False,0.0,0.0,False,1.0,0.0
nasa_fd001,u091_e0110,3,3,degraded,healthy,4,"[""s8_delta_mean"", ""s8_slope"", ""s15_delta_mean"", ""s9_z_last""]",s21_delta_mean,0,0,False,False,0.0,0.0,False,1.0,0.0
nasa_fd001,u091_e0110,3,4,degraded,healthy,4,"[""s8_delta_mean"", ""s8_slope"", ""s9_z_last"", ""s15_delta_mean""]",s21_delta_mean,0,0,False,False,0.0,0.0,False,1.0,0.0
nasa_fd001,u001_e0050,4,0,healthy,healthy,4,"[""s21_delta_mean"", ""s12_delta_mean"", ""s7_z_last"", ""s17_z_last""]",s11_slope,0,1,False,True,0.0,0.25,False,0.75,0.25
nasa_fd001,u001_e0050,4,1,healthy,healthy,4,"[""s21_delta_mean"", ""s21_slope"", ""s12_delta_mean"", ""s7_slope""]",s11_slope,0,1,False,True,0.0,0.25,False,1.0,0.0
nasa_fd001,u001_e0050,4,2,healthy,healthy,4,"[""s21_delta_mean"", ""s21_z_last"", ""s12_delta_mean"", ""s2_delta_mean""]",s11_slope,0,1,False,True,0.0,0.25,False,1.0,0.0
nasa_fd001,u001_e0050,4,3,healthy,healthy,4,"[""s21_delta_mean"", ""s12_delta_mean"", ""s7_slope"", ""s3_slope""]",s11_slope,0,1,False,True,0.0,0.25,False,1.0,0.0
nasa_fd001,u001_e0050,4,4,healthy,healthy,4,"[""s21_delta_mean"", ""s21_z_last"", ""s12_delta_mean"", ""s7_slope""]",s11_slope,0,1,False,True,0.0,0.25,False,1.0,0.0
nasa_fd001,u001_e0080,4,0,healthy,healthy,3,"[""s4_z_last"", ""s17_delta_mean"", ""s11_z_last""]",s11_slope,0,0,False,False,0.0,0.0,False,1.0,0.0
nasa_fd001,u001_e0080,4,1,healthy,healthy,4,"[""s4_z_last"", ""s3_delta_mean"", ""s15_delta_mean"", ""s17_delta_mean""]",s11_slope,0,0,False,False,0.0,0.0,False,1.0,0.0
nasa_fd001,u001_e0080,4,2,healthy,healthy,3,"[""s4_z_last"", ""s17_delta_mean"", ""s11_z_last""]",s11_slope,0,0,False,False,0.0,0.0,False,1.0,0.0
nasa_fd001,u001_e0080,4,3,healthy,healthy,4,"[""s4_z_last"", ""s3_delta_mean"", ""s15_delta_mean"", ""s17_delta_mean""]",s11_slope,0,0,False,False,0.0,0.0,False,1.0,0.0
nasa_fd001,u001_e0080,4,4,degraded,healthy,4,"[""s4_z_last"", ""s17_delta_mean"", ""s15_delta_mean"", ""s3_delta_mean""]",s11_slope,0,0,False,False,0.0,0.0,False,1.0,0.0
nasa_fd001,u001_e0100,4,0,healthy,healthy,4,"[""s7_z_last"", ""s4_z_last"", ""s20_slope"", ""s15_slope""]",s11_slope,0,1,False,True,0.0,0.25,False,1.0,0.0
nasa_fd001,u001_e0100,4,1,healthy,healthy,3,"[""s7_z_last"", ""s20_delta_mean"", ""s2_delta_mean""]",s11_slope,0,0,False,False,0.0,0.0,False,1.0,0.0
nasa_fd001,u001_e0100,4,2,healthy,healthy,4,"[""s4_z_last"", ""s7_z_last"", ""s20_slope"", ""s15_slope""]",s11_slope,0,1,False,True,0.0,0.25,False,1.0,0.0
nasa_fd001,u001_e0100,4,3,healthy,healthy,4,"[""s7_z_last"", ""s20_slope"", ""s15_slope"", ""s2_delta_mean""]",s11_slope,0,1,False,True,0.0,0.25,False,1.0,0.0
nasa_fd001,u001_e0100,4,4,healthy,healthy,4,"[""s7_z_last"", ""s20_slope"", ""s4_z_last"", ""s15_slope""]",s11_slope,0,1,False,True,0.0,0.25,False,1.0,0.0
nasa_fd001,u001_e0140,4,0,degraded,healthy,4,"[""s2_delta_mean"", ""s8_z_last"", ""s7_z_last"", ""s13_slope""]",s4_slope,0,0,False,False,0.0,0.0,False,1.0,0.0
nasa_fd001,u001_e0140,4,1,degraded,healthy,4,"[""s2_delta_mean"", ""s13_slope"", ""s7_z_last"", ""s9_slope""]",s4_slope,0,0,False,False,0.0,0.0,False,1.0,0.0
nasa_fd001,u001_e0140,4,2,healthy,healthy,3,"[""s2_delta_mean"", ""s8_z_last"", ""s7_z_last""]",s4_slope,0,0,False,False,0.0,0.0,False,1.0,0.0
nasa_fd001,u001_e0140,4,3,healthy,healthy,4,"[""s2_z_last"", ""s8_z_last"", ""s13_delta_mean"", ""s7_z_last""]",s4_slope,0,0,False,False,0.0,0.0,False,1.0,0.0
nasa_fd001,u001_e0140,4,4,degraded,healthy,4,"[""s2_delta_mean"", ""s13_slope"", ""s7_z_last"", ""s9_slope""]",s4_slope,0,0,False,False,0.0,0.0,False,1.0,0.0
nasa_fd001,u001_e0170,4,0,degraded,degraded,4,"[""s8_slope"", ""s13_slope"", ""s4_slope"", ""s15_slope""]",s11_slope,1,1,True,True,0.25,0.25,False,1.0,0.0
nasa_fd001,u001_e0170,4,1,degraded,degraded,4,"[""s8_slope"", ""s13_slope"", ""s4_slope"", ""s15_slope""]",s11_slope,1,1,True,True,0.25,0.25,False,1.0,0.0
nasa_fd001,u001_e0170,4,2,degraded,degraded,4,"[""s8_slope"", ""s13_slope"", ""s11_slope"", ""s4_slope""]",s11_slope,2,2,True,True,0.5,0.5,True,1.0,0.0
nasa_fd001,u001_e0170,4,3,degraded,degraded,4,"[""s8_slope"", ""s13_slope"", ""s4_slope"", ""s15_slope""]",s11_slope,1,1,True,True,0.25,0.25,False,1.0,0.0
nasa_fd001,u001_e0170,4,4,degraded,degraded,4,"[""s8_slope"", ""s13_slope"", ""s4_slope"", ""s15_slope""]",s11_slope,1,1,True,True,0.25,0.25,False,1.0,0.0
nasa_fd001,u005_e0080,4,0,healthy,healthy,4,"[""s3_slope"", ""s12_slope"", ""s2_delta_mean"", ""s20_z_last""]",s11_slope,0,0,False,False,0.0,0.0,False,1.0,0.0
nasa_fd001,u005_e0080,4,1,degraded,healthy,4,"[""s3_slope"", ""s13_z_last"", ""s17_slope"", ""s12_delta_mean""]",s11_slope,0,1,False,True,0.0,0.25,False,1.0,0.0
nasa_fd001,u005_e0080,4,2,healthy,healthy,3,"[""s3_slope"", ""s12_slope"", ""s4_z_last""]",s11_slope,0,0,False,False,0.0,0.0,False,1.0,0.0
nasa_fd001,u005_e0080,4,3,degraded,healthy,4,"[""s3_slope"", ""s13_z_last"", ""s12_delta_mean"", ""s17_slope""]",s11_slope,0,1,False,True,0.0,0.25,False,1.0,0.0
nasa_fd001,u005_e0080,4,4,healthy,healthy,3,"[""s3_slope"", ""s12_slope"", ""s20_z_last""]",s11_slope,0,0,False,False,0.0,0.0,False,1.0,0.0
nasa_fd001,u005_e0110,4,0,healthy,healthy,4,"[""s3_z_last"", ""s8_slope"", ""s20_delta_mean"", ""s6_slope""]",s11_slope,0,0,False,False,0.0,0.0,False,1.0,0.0
nasa_fd001,u005_e0110,4,1,healthy,healthy,3,"[""s3_z_last"", ""s8_slope"", ""s20_delta_mean""]",s11_slope,0,0,False,False,0.0,0.0,False,1.0,0.0
nasa_fd001,u005_e0110,4,2,healthy,healthy,4,"[""s3_z_last"", ""s8_slope"", ""s20_delta_mean"", ""s7_slope""]",s11_slope,0,0,False,False,0.0,0.0,False,1.0,0.0
nasa_fd001,u005_e0110,4,3,degraded,healthy,4,"[""s8_slope"", ""s3_z_last"", ""s11_z_last"", ""s20_slope""]",s11_slope,0,0,False,False,0.0,0.0,False,1.0,0.0
nasa_fd001,u005_e0110,4,4,healthy,healthy,3,"[""s3_z_last"", ""s8_slope"", ""s20_delta_mean""]",s11_slope,0,0,False,False,0.0,0.0,False,1.0,0.0
nasa_fd001,u005_e0150,4,0,healthy,healthy,4,"[""s7_delta_mean"", ""s7_slope"", ""s15_delta_mean"", ""s15_slope""]",s11_slope,0,0,False,False,0.0,0.0,False,1.0,0.0
nasa_fd001,u005_e0150,4,1,healthy,healthy,4,"[""s7_delta_mean"", ""s4_z_last"", ""s15_delta_mean"", ""s9_z_last""]",s11_slope,0,0,False,False,0.0,0.0,False,1.0,0.0
nasa_fd001,u005_e0150,4,2,healthy,healthy,3,"[""s7_delta_mean"", ""s4_z_last"", ""s15_delta_mean""]",s11_slope,0,0,False,False,0.0,0.0,False,1.0,0.0
nasa_fd001,u005_e0150,4,3,healthy,healthy,4,"[""s7_delta_mean"", ""s7_slope"", ""s4_z_last"", ""s15_slope""]",s11_slope,0,0,False,False,0.0,0.0,False,1.0,0.0
nasa_fd001,u005_e0150,4,4,healthy,healthy,4,"[""s7_delta_mean"", ""s7_slope"", ""s4_z_last"", ""s15_delta_mean""]",s11_slope,0,0,False,False,0.0,0.0,False,1.0,0.0
nasa_fd001,u005_e0180,4,0,healthy,healthy,4,"[""s8_z_last"", ""s9_z_last"", ""s14_z_last"", ""s7_z_last""]",s11_slope,0,0,False,False,0.0,0.0,False,1.0,0.0
nasa_fd001,u005_e0180,4,1,healthy,healthy,4,"[""s8_z_last"", ""s9_z_last"", ""s7_z_last"", ""s14_z_last""]",s11_slope,0,0,False,False,0.0,0.0,False,1.0,0.0
nasa_fd001,u005_e0180,4,2,healthy,healthy,4,"[""s8_z_last"", ""s9_z_last"", ""s14_z_last"", ""s3_z_last""]",s11_slope,0,0,False,False,0.0,0.0,False,1.0,0.0
nasa_fd001,u005_e0180,4,3,healthy,healthy,3,"[""s8_z_last"", ""s9_z_last"", ""s7_z_last""]",s11_slope,0,0,False,False,0.0,0.0,False,1.0,0.0
nasa_fd001,u005_e0180,4,4,healthy,healthy,3,"[""s8_z_last"", ""s9_z_last"", ""s7_z_last""]",s11_slope,0,0,False,False,0.0,0.0,False,1.0,0.0
nasa_fd001,u005_e0230,4,0,degraded,degraded,4,"[""s3_slope"", ""s13_delta_mean"", ""s21_delta_mean"", ""s12_delta_mean""]",s11_slope,1,1,True,True,0.25,0.25,False,1.0,0.0
nasa_fd001,u005_e0230,4,1,degraded,degraded,4,"[""s13_delta_mean"", ""s17_slope"", ""s21_delta_mean"", ""s12_delta_mean""]",s11_slope,1,1,True,True,0.25,0.25,False,1.0,0.0
nasa_fd001,u005_e0230,4,2,degraded,degraded,4,"[""s3_delta_mean"", ""s3_slope"", ""s13_delta_mean"", ""s21_delta_mean""]",s11_slope,1,1,True,True,0.25,0.25,False,1.0,0.0
nasa_fd001,u005_e0230,4,3,degraded,degraded,4,"[""s13_delta_mean"", ""s17_slope"", ""s21_delta_mean"", ""s12_delta_mean""]",s11_slope,1,1,True,True,0.25,0.25,False,1.0,0.0
nasa_fd001,u005_e0230,4,4,degraded,degraded,4,"[""s13_delta_mean"", ""s17_slope"", ""s21_delta_mean"", ""s12_delta_mean""]",s11_slope,1,1,True,True,0.25,0.25,False,1.0,0.0
nasa_fd001,u005_e0250,4,0,degraded,degraded,4,"[""s9_slope"", ""s14_slope"", ""s15_slope"", ""s20_slope""]",s11_slope,0,0,False,False,0.0,0.0,False,1.0,0.0
nasa_fd001,u005_e0250,4,1,degraded,degraded,4,"[""s9_slope"", ""s14_slope"", ""s15_slope"", ""s20_slope""]",s11_slope,0,0,False,False,0.0,0.0,False,1.0,0.0
nasa_fd001,u005_e0250,4,2,degraded,degraded,4,"[""s9_slope"", ""s14_slope"", ""s15_slope"", ""s20_z_last""]",s11_slope,0,0,False,False,0.0,0.0,False,1.0,0.0
nasa_fd001,u005_e0250,4,3,degraded,degraded,4,"[""s9_slope"", ""s14_slope"", ""s21_z_last"", ""s15_slope""]",s11_slope,0,0,False,False,0.0,0.0,False,1.0,0.0
nasa_fd001,u005_e0250,4,4,degraded,degraded,4,"[""s14_slope"", ""s9_slope"", ""s15_slope"", ""s20_z_last""]",s11_slope,0,0,False,False,0.0,0.0,False,1.0,0.0
nasa_fd001,u005_e0260,4,0,degraded,degraded,4,"[""s3_slope"", ""s15_slope"", ""s21_slope"", ""s12_slope""]",s11_slope,0,0,False,False,0.0,0.0,False,1.0,0.0
nasa_fd001,u005_e0260,4,1,degraded,degraded,4,"[""s3_slope"", ""s15_slope"", ""s21_slope"", ""s12_slope""]",s11_slope,0,0,False,False,0.0,0.0,False,1.0,0.0
nasa_fd001,u005_e0260,4,2,degraded,degraded,4,"[""s3_slope"", ""s15_slope"", ""s12_delta_mean"", ""s21_slope""]",s11_slope,0,0,False,False,0.0,0.0,False,1.0,0.0
nasa_fd001,u005_e0260,4,3,degraded,degraded,3,"[""s3_slope"", ""s15_slope"", ""s9_slope""]",s11_slope,0,0,False,False,0.0,0.0,False,1.0,0.0
nasa_fd001,u005_e0260,4,4,degraded,degraded,3,"[""s3_slope"", ""s15_slope"", ""s21_slope""]",s11_slope,0,0,False,False,0.0,0.0,False,1.0,0.0
nasa_fd001,u011_e0050,4,0,healthy,healthy,4,"[""s6_slope"", ""s6_delta_mean"", ""s21_slope"", ""s21_z_last""]",s11_slope,0,0,False,False,0.0,0.0,False,1.0,0.0
nasa_fd001,u011_e0050,4,1,healthy,healthy,4,"[""s6_slope"", ""s6_delta_mean"", ""s21_slope"", ""s21_z_last""]",s11_slope,0,0,False,False,0.0,0.0,False,1.0,0.0
nasa_fd001,u011_e0050,4,2,healthy,healthy,4,"[""s6_slope"", ""s6_delta_mean"", ""s21_slope"", ""s3_z_last""]",s11_slope,0,0,False,False,0.0,0.0,False,1.0,0.0
nasa_fd001,u011_e0050,4,3,healthy,healthy,4,"[""s6_slope"", ""s6_delta_mean"", ""s21_slope"", ""s3_z_last""]",s11_slope,0,0,False,False,0.0,0.0,False,1.0,0.0
nasa_fd001,u011_e0050,4,4,healthy,healthy,4,"[""s6_slope"", ""s6_delta_mean"", ""s21_slope"", ""s21_z_last""]",s11_slope,0,0,False,False,0.0,0.0,False,1.0,0.0
nasa_fd001,u011_e0070,4,0,healthy,healthy,3,"[""s6_slope"", ""s8_z_last"", ""s15_delta_mean""]",s11_slope,0,0,False,False,0.0,0.0,False,1.0,0.0
nasa_fd001,u011_e0070,4,1,healthy,healthy,4,"[""s6_slope"", ""s8_z_last"", ""s15_delta_mean"", ""s20_delta_mean""]",s11_slope,0,0,False,False,0.0,0.0,False,1.0,0.0
nasa_fd001,u011_e0070,4,2,healthy,healthy,4,"[""s6_slope"", ""s7_slope"", ""s8_z_last"", ""s15_delta_mean""]",s11_slope,0,0,False,False,0.0,0.0,False,1.0,0.0
nasa_fd001,u011_e0070,4,3,healthy,healthy,3,"[""s6_slope"", ""s8_z_last"", ""s15_delta_mean""]",s11_slope,0,0,False,False,0.0,0.0,False,1.0,0.0
nasa_fd001,u011_e0070,4,4,healthy,healthy,4,"[""s6_slope"", ""s8_z_last"", ""s15_delta_mean"", ""s20_delta_mean""]",s11_slope,0,0,False,False,0.0,0.0,False,1.0,0.0
nasa_fd001,u011_e0130,4,0,degraded,healthy,4,"[""s2_delta_mean"", ""s3_slope"", ""s13_delta_mean"", ""s15_slope""]",s11_slope,0,1,False,True,0.0,0.25,False,1.0,0.0
nasa_fd001,u011_e0130,4,1,healthy,healthy,4,"[""s20_delta_mean"", ""s20_z_last"", ""s21_z_last"", ""s3_delta_mean""]",s11_slope,0,0,False,False,0.0,0.0,False,1.0,0.0
nasa_fd001,u011_e0130,4,2,healthy,healthy,4,"[""s20_delta_mean"", ""s21_z_last"", ""s11_z_last"", ""s3_delta_mean""]",s11_slope,0,0,False,False,0.0,0.0,False,1.0,0.0
nasa_fd001,u011_e0130,4,3,healthy,healthy,4,"[""s20_delta_mean"", ""s21_z_last"", ""s11_z_last"", ""s3_delta_mean""]",s11_slope,0,0,False,False,0.0,0.0,False,1.0,0.0
nasa_fd001,u011_e0130,4,4,healthy,healthy,3,"[""s20_delta_mean"", ""s21_z_last"", ""s11_z_last""]",s11_slope,0,0,False,False,0.0,0.0,False,1.0,0.0
nasa_fd001,u011_e0160,4,0,degraded,healthy,3,"[""s21_delta_mean"", ""s7_z_last"", ""s12_slope""]",s11_slope,0,1,False,True,0.0,0.3333333333333333,False,1.0,0.0
nasa_fd001,u011_e0160,4,1,healthy,healthy,4,"[""s7_z_last"", ""s15_z_last"", ""s17_delta_mean"", ""s21_delta_mean""]",s11_slope,0,0,False,False,0.0,0.0,False,1.0,0.0
nasa_fd001,u011_e0160,4,2,healthy,healthy,3,"[""s7_z_last"", ""s14_slope"", ""s21_delta_mean""]",s11_slope,0,0,False,False,0.0,0.0,False,1.0,0.0
nasa_fd001,u011_e0160,4,3,healthy,healthy,4,"[""s7_z_last"", ""s15_z_last"", ""s14_slope"", ""s21_delta_mean""]",s11_slope,0,0,False,False,0.0,0.0,False,1.0,0.0
nasa_fd001,u011_e0160,4,4,healthy,healthy,3,"[""s7_z_last"", ""s15_z_last"", ""s12_slope""]",s11_slope,0,1,False,True,0.0,0.3333333333333333,False,1.0,0.0
nasa_fd001,u011_e0190,4,0,healthy,healthy,3,"[""s3_z_last"", ""s14_delta_mean"", ""s7_slope""]",s4_slope,0,0,False,False,0.0,0.0,False,1.0,0.0
nasa_fd001,u011_e0190,4,1,healthy,healthy,4,"[""s3_z_last"", ""s14_z_last"", ""s9_slope"", ""s7_slope""]",s4_slope,0,0,False,False,0.0,0.0,False,1.0,0.0
nasa_fd001,u011_e0190,4,2,degraded,healthy,4,"[""s14_delta_mean"", ""s14_slope"", ""s9_delta_mean"", ""s9_slope""]",s4_slope,0,0,False,False,0.0,0.0,False,1.0,0.0
nasa_fd001,u011_e0190,4,3,healthy,healthy,3,"[""s3_z_last"", ""s14_z_last"", ""s9_slope""]",s4_slope,0,0,False,False,0.0,0.0,False,1.0,0.0
nasa_fd001,u011_e0190,4,4,healthy,healthy,4,"[""s3_z_last"", ""s14_z_last"", ""s9_z_last"", ""s7_z_last""]",s4_slope,0,0,False,False,0.0,0.0,False,1.0,0.0
nasa_fd001,u011_e0200,4,0,degraded,degraded,4,"[""s14_delta_mean"", ""s14_slope"", ""s9_slope"", ""s21_slope""]",s4_slope,0,0,False,False,0.0,0.0,False,1.0,0.0
nasa_fd001,u011_e0200,4,1,degraded,degraded,4,"[""s14_delta_mean"", ""s9_slope"", ""s15_slope"", ""s21_slope""]",s4_slope,0,0,False,False,0.0,0.0,False,1.0,0.0
nasa_fd001,u011_e0200,4,2,degraded,degraded,3,"[""s14_delta_mean"", ""s9_slope"", ""s21_slope""]",s4_slope,0,0,False,False,0.0,0.0,False,1.0,0.0
nasa_fd001,u011_e0200,4,3,degraded,degraded,4,"[""s14_delta_mean"", ""s14_slope"", ""s9_slope"", ""s21_slope""]",s4_slope,0,0,False,False,0.0,0.0,False,1.0,0.0
nasa_fd001,u011_e0200,4,4,degraded,degraded,4,"[""s14_delta_mean"", ""s14_slope"", ""s9_slope"", ""s21_slope""]",s4_slope,0,0,False,False,0.0,0.0,False,1.0,0.0
nasa_fd001,u011_e0240,4,0,degraded,degraded,4,"[""s9_slope"", ""s14_delta_mean"", ""s20_delta_mean"", ""s7_slope""]",s11_slope,0,0,False,False,0.0,0.0,False,1.0,0.0
nasa_fd001,u011_e0240,4,1,degraded,degraded,4,"[""s9_slope"", ""s14_delta_mean"", ""s20_delta_mean"", ""s7_slope""]",s11_slope,0,0,False,False,0.0,0.0,False,1.0,0.0
nasa_fd001,u011_e0240,4,2,degraded,degraded,4,"[""s9_slope"", ""s14_delta_mean"", ""s20_delta_mean"", ""s7_slope""]",s11_slope,0,0,False,False,0.0,0.0,False,1.0,0.0
nasa_fd001,u011_e0240,4,3,degraded,degraded,4,"[""s9_slope"", ""s14_delta_mean"", ""s9_delta_mean"", ""s14_slope""]",s11_slope,0,0,False,False,0.0,0.0,False,1.0,0.0
nasa_fd001,u011_e0240,4,4,degraded,degraded,4,"[""s9_slope"", ""s14_slope"", ""s14_delta_mean"", ""s20_slope""]",s11_slope,0,0,False,False,0.0,0.0,False,1.0,0.0
nasa_fd001,u013_e0060,4,0,healthy,healthy,4,"[""s11_z_last"", ""s14_z_last"", ""s20_z_last"", ""s21_z_last""]",s11_slope,0,0,False,False,0.0,0.0,False,1.0,0.0
nasa_fd001,u013_e0060,4,1,healthy,healthy,4,"[""s11_z_last"", ""s14_z_last"", ""s20_z_last"", ""s21_z_last""]",s11_slope,0,0,False,False,0.0,0.0,False,1.0,0.0
nasa_fd001,u013_e0060,4,2,healthy,healthy,4,"[""s11_z_last"", ""s14_z_last"", ""s15_z_last"", ""s20_z_last""]",s11_slope,0,0,False,False,0.0,0.0,False,1.0,0.0
nasa_fd001,u013_e0060,4,3,healthy,healthy,4,"[""s11_z_last"", ""s14_z_last"", ""s15_z_last"", ""s21_z_last""]",s11_slope,0,0,False,False,0.0,0.0,False,1.0,0.0
nasa_fd001,u013_e0060,4,4,healthy,healthy,4,"[""s11_z_last"", ""s14_z_last"", ""s15_z_last"", ""s20_z_last""]",s11_slope,0,0,False,False,0.0,0.0,False,1.0,0.0
nasa_fd001,u013_e0070,4,0,degraded,healthy,4,"[""s17_z_last"", ""s15_delta_mean"", ""s11_delta_mean"", ""s7_slope""]",s11_slope,1,1,True,True,0.25,0.25,False,1.0,0.0
nasa_fd001,u013_e0070,4,1,degraded,healthy,3,"[""s17_z_last"", ""s15_delta_mean"", ""s7_slope""]",s11_slope,0,0,False,False,0.0,0.0,False,1.0,0.0
nasa_fd001,u013_e0070,4,2,degraded,healthy,4,"[""s17_z_last"", ""s13_z_last"", ""s7_slope"", ""s15_delta_mean""]",s11_slope,0,0,False,False,0.0,0.0,False,1.0,0.0
nasa_fd001,u013_e0070,4,3,degraded,healthy,4,"[""s17_z_last"", ""s13_z_last"", ""s15_delta_mean"", ""s7_slope""]",s11_slope,0,0,False,False,0.0,0.0,False,1.0,0.0
nasa_fd001,u013_e0070,4,4,degraded,healthy,3,"[""s17_z_last"", ""s15_delta_mean"", ""s7_slope""]",s11_slope,0,0,False,False,0.0,0.0,False,1.0,0.0
nasa_fd001,u013_e0120,4,0,degraded,healthy,4,"[""s14_z_last"", ""s14_slope"", ""s9_z_last"", ""s7_slope""]",s4_slope,0,0,False,False,0.0,0.0,False,1.0,0.0
nasa_fd001,u013_e0120,4,1,healthy,healthy,3,"[""s14_z_last"", ""s9_z_last"", ""s7_slope""]",s4_slope,0,0,False,False,0.0,0.0,False,1.0,0.0
nasa_fd001,u013_e0120,4,2,healthy,healthy,4,"[""s14_z_last"", ""s9_z_last"", ""s7_slope"", ""s20_z_last""]",s4_slope,0,0,False,False,0.0,0.0,False,1.0,0.0
nasa_fd001,u013_e0120,4,3,healthy,healthy,3,"[""s14_z_last"", ""s9_z_last"", ""s7_slope""]",s4_slope,0,0,False,False,0.0,0.0,False,1.0,0.0
nasa_fd001,u013_e0120,4,4,healthy,healthy,4,"[""s14_z_last"", ""s9_z_last"", ""s14_slope"", ""s20_z_last""]",s4_slope,0,0,False,False,0.0,0.0,False,1.0,0.0
nasa_fd001,u013_e0130,4,0,degraded,healthy,4,"[""s9_delta_mean"", ""s14_delta_mean"", ""s17_delta_mean"", ""s8_z_last""]",s4_slope,0,0,False,False,0.0,0.0,False,1.0,0.0
nasa_fd001,u013_e0130,4,1,degraded,healthy,4,"[""s9_delta_mean"", ""s14_delta_mean"", ""s17_delta_mean"", ""s8_z_last""]",s4_slope,0,0,False,False,0.0,0.0,False,1.0,0.0
nasa_fd001,u013_e0130,4,2,degraded,healthy,4,"[""s14_delta_mean"", ""s9_delta_mean"", ""s17_delta_mean"", ""s8_z_last""]",s4_slope,0,0,False,False,0.0,0.0,False,1.0,0.0
nasa_fd001,u013_e0130,4,3,degraded,healthy,4,"[""s9_delta_mean"", ""s14_delta_mean"", ""s9_slope"", ""s14_slope""]",s4_slope,0,0,False,False,0.0,0.0,False,1.0,0.0
nasa_fd001,u013_e0130,4,4,healthy,healthy,4,"[""s8_z_last"", ""s14_delta_mean"", ""s17_z_last"", ""s9_delta_mean""]",s4_slope,0,0,False,False,0.0,0.0,False,1.0,0.0
nasa_fd001,u013_e0140,4,0,degraded,degraded,4,"[""s9_delta_mean"", ""s14_delta_mean"", ""s9_slope"", ""s14_slope""]",s4_slope,0,0,False,False,0.0,0.0,False,1.0,0.0
nasa_fd001,u013_e0140,4,1,degraded,degraded,4,"[""s14_delta_mean"", ""s9_delta_mean"", ""s14_slope"", ""s9_slope""]",s4_slope,0,0,False,False,0.0,0.0,False,1.0,0.0
nasa_fd001,u013_e0140,4,2,degraded,degraded,4,"[""s9_delta_mean"", ""s9_slope"", ""s14_delta_mean"", ""s14_slope""]",s4_slope,0,0,False,False,0.0,0.0,False,1.0,0.0
nasa_fd001,u013_e0140,4,3,degraded,degraded,4,"[""s14_delta_mean"", ""s9_delta_mean"", ""s14_slope"", ""s9_slope""]",s4_slope,0,0,False,False,0.0,0.0,False,1.0,0.0
nasa_fd001,u013_e0140,4,4,degraded,degraded,4,"[""s14_delta_mean"", ""s9_delta_mean"", ""s14_slope"", ""s9_slope""]",s4_slope,0,0,False,False,0.0,0.0,False,1.0,0.0
nasa_fd001,u013_e0160,4,0,degraded,degraded,4,"[""s9_slope"", ""s14_slope"", ""s9_delta_mean"", ""s14_delta_mean""]",s11_slope,0,0,False,False,0.0,0.0,False,1.0,0.0
nasa_fd001,u013_e0160,4,1,degraded,degraded,4,"[""s9_slope"", ""s14_slope"", ""s9_delta_mean"", ""s14_delta_mean""]",s11_slope,0,0,False,False,0.0,0.0,False,1.0,0.0
nasa_fd001,u013_e0160,4,2,degraded,degraded,4,"[""s9_slope"", ""s14_slope"", ""s9_delta_mean"", ""s14_delta_mean""]",s11_slope,0,0,False,False,0.0,0.0,False,1.0,0.0
nasa_fd001,u013_e0160,4,3,degraded,degraded,4,"[""s9_slope"", ""s9_delta_mean"", ""s14_slope"", ""s14_delta_mean""]",s11_slope,0,0,False,False,0.0,0.0,False,1.0,0.0
nasa_fd001,u013_e0160,4,4,degraded,degraded,4,"[""s9_slope"", ""s9_delta_mean"", ""s14_slope"", ""s14_delta_mean""]",s11_slope,0,0,False,False,0.0,0.0,False,1.0,0.0
nasa_fd001,u019_e0050,4,0,healthy,healthy,3,"[""s15_z_last"", ""s20_z_last"", ""s3_slope""]",s11_slope,0,0,False,False,0.0,0.0,False,1.0,0.0
nasa_fd001,u019_e0050,4,1,healthy,healthy,3,"[""s15_z_last"", ""s3_slope"", ""s20_z_last""]",s11_slope,0,0,False,False,0.0,0.0,False,1.0,0.0
nasa_fd001,u019_e0050,4,2,healthy,healthy,3,"[""s15_z_last"", ""s3_slope"", ""s20_z_last""]",s11_slope,0,0,False,False,0.0,0.0,False,1.0,0.0
nasa_fd001,u019_e0050,4,3,healthy,healthy,4,"[""s15_z_last"", ""s17_z_last"", ""s20_z_last"", ""s3_slope""]",s11_slope,0,0,False,False,0.0,0.0,False,1.0,0.0
nasa_fd001,u019_e0050,4,4,healthy,healthy,3,"[""s15_z_last"", ""s3_slope"", ""s20_z_last""]",s11_slope,0,0,False,False,0.0,0.0,False,1.0,0.0
nasa_fd001,u019_e0060,4,0,healthy,healthy,4,"[""s3_slope"", ""s2_delta_mean"", ""s20_delta_mean"", ""s21_delta_mean""]",s11_slope,0,0,False,False,0.0,0.0,False,1.0,0.0
nasa_fd001,u019_e0060,4,1,healthy,healthy,3,"[""s3_slope"", ""s2_delta_mean"", ""s20_delta_mean""]",s11_slope,0,0,False,False,0.0,0.0,False,1.0,0.0
nasa_fd001,u019_e0060,4,2,degraded,healthy,4,"[""s3_z_last"", ""s9_z_last"", ""s14_z_last"", ""s20_delta_mean""]",s11_slope,0,0,False,False,0.0,0.0,False,1.0,0.0
nasa_fd001,u019_e0060,4,3,healthy,healthy,4,"[""s3_slope"", ""s2_delta_mean"", ""s20_delta_mean"", ""s21_delta_mean""]",s11_slope,0,0,False,False,0.0,0.0,False,1.0,0.0
nasa_fd001,u019_e0060,4,4,healthy,healthy,4,"[""s2_delta_mean"", ""s3_slope"", ""s11_z_last"", ""s20_delta_mean""]",s11_slope,0,0,False,False,0.0,0.0,False,1.0,0.0
nasa_fd001,u023_e0120,4,0,healthy,healthy,3,"[""s2_delta_mean"", ""s15_z_last"", ""s9_z_last""]",s4_slope,0,0,False,False,0.0,0.0,False,1.0,0.0
nasa_fd001,u023_e0120,4,1,degraded,healthy,4,"[""s9_z_last"", ""s4_z_last"", ""s15_delta_mean"", ""s20_slope""]",s4_slope,0,0,False,False,0.0,0.0,False,1.0,0.0
nasa_fd001,u023_e0120,4,2,degraded,healthy,4,"[""s15_delta_mean"", ""s4_z_last"", ""s9_z_last"", ""s7_slope""]",s4_slope,0,0,False,False,0.0,0.0,False,1.0,0.0
nasa_fd001,u023_e0120,4,3,degraded,healthy,4,"[""s2_slope"", ""s15_delta_mean"", ""s9_z_last"", ""s4_z_last""]",s4_slope,0,0,False,False,0.0,0.0,False,1.0,0.0
nasa_fd001,u023_e0120,4,4,healthy,healthy,4,"[""s2_delta_mean"", ""s15_z_last"", ""s9_z_last"", ""s13_z_last""]",s4_slope,0,0,False,False,0.0,0.0,False,1.0,0.0
nasa_fd001,u023_e0130,4,0,degraded,healthy,4,"[""s13_delta_mean"", ""s13_slope"", ""s8_slope"", ""s20_delta_mean""]",s11_slope,0,0,False,False,0.0,0.0,False,1.0,0.0
nasa_fd001,u023_e0130,4,1,degraded,healthy,4,"[""s8_delta_mean"", ""s13_delta_mean"", ""s13_slope"", ""s20_delta_mean""]",s11_slope,0,0,False,False,0.0,0.0,False,1.0,0.0
nasa_fd001,u023_e0130,4,2,degraded,healthy,4,"[""s8_delta_mean"", ""s13_delta_mean"", ""s13_slope"", ""s20_delta_mean""]",s11_slope,0,0,False,False,0.0,0.0,False,1.0,0.0
nasa_fd001,u023_e0130,4,3,degraded,healthy,4,"[""s8_slope"", ""s13_delta_mean"", ""s20_delta_mean"", ""s21_z_last""]",s11_slope,0,0,False,False,0.0,0.0,False,1.0,0.0
nasa_fd001,u023_e0130,4,4,degraded,healthy,4,"[""s13_delta_mean"", ""s13_slope"", ""s8_slope"", ""s20_delta_mean""]",s11_slope,0,0,False,False,0.0,0.0,False,1.0,0.0
nasa_fd001,u023_e0160,4,0,degraded,degraded,4,"[""s13_slope"", ""s8_slope"", ""s7_slope"", ""s4_slope""]",s11_slope,1,1,True,True,0.25,0.25,False,1.0,0.0
nasa_fd001,u023_e0160,4,1,degraded,degraded,4,"[""s13_slope"", ""s8_slope"", ""s4_slope"", ""s7_slope""]",s11_slope,1,1,True,True,0.25,0.25,False,1.0,0.0
nasa_fd001,u023_e0160,4,2,degraded,degraded,4,"[""s13_slope"", ""s8_slope"", ""s7_slope"", ""s4_slope""]",s11_slope,1,1,True,True,0.25,0.25,False,1.0,0.0
nasa_fd001,u023_e0160,4,3,degraded,degraded,4,"[""s13_slope"", ""s8_slope"", ""s4_slope"", ""s7_slope""]",s11_slope,1,1,True,True,0.25,0.25,False,1.0,0.0
nasa_fd001,u023_e0160,4,4,degraded,degraded,4,"[""s13_delta_mean"", ""s13_slope"", ""s7_delta_mean"", ""s7_slope""]",s11_slope,0,0,False,False,0.0,0.0,False,1.0,0.0
nasa_fd001,u027_e0050,4,0,healthy,healthy,3,"[""s2_z_last"", ""s7_delta_mean"", ""s20_z_last""]",s11_slope,0,0,False,False,0.0,0.0,False,1.0,0.0
nasa_fd001,u027_e0050,4,1,degraded,healthy,4,"[""s17_slope"", ""s13_slope"", ""s15_delta_mean"", ""s20_delta_mean""]",s11_slope,0,0,False,False,0.0,0.0,False,1.0,0.0
nasa_fd001,u027_e0050,4,2,healthy,healthy,3,"[""s2_z_last"", ""s7_delta_mean"", ""s20_z_last""]",s11_slope,0,0,False,False,0.0,0.0,False,1.0,0.0
nasa_fd001,u027_e0050,4,3,healthy,healthy,4,"[""s2_z_last"", ""s7_delta_mean"", ""s20_z_last"", ""s11_z_last""]",s11_slope,0,0,False,False,0.0,0.0,False,1.0,0.0
nasa_fd001,u027_e0050,4,4,healthy,healthy,4,"[""s2_z_last"", ""s7_delta_mean"", ""s20_z_last"", ""s11_z_last""]",s11_slope,0,0,False,False,0.0,0.0,False,1.0,0.0
nasa_fd001,u027_e0080,4,0,degraded,healthy,4,"[""s2_z_last"", ""s8_z_last"", ""s12_delta_mean"", ""s15_z_last""]",s11_slope,0,1,False,True,0.0,0.25,False,1.0,0.0
nasa_fd001,u027_e0080,4,1,degraded,healthy,4,"[""s2_z_last"", ""s8_z_last"", ""s3_slope"", ""s15_slope""]",s11_slope,0,0,False,False,0.0,0.0,False,1.0,0.0
nasa_fd001,u027_e0080,4,2,degraded,healthy,4,"[""s2_z_last"", ""s8_z_last"", ""s11_slope"", ""s15_slope""]",s11_slope,1,1,True,True,0.25,0.25,True,1.0,0.0
nasa_fd001,u027_e0080,4,3,degraded,healthy,4,"[""s2_z_last"", ""s8_z_last"", ""s3_slope"", ""s15_slope""]",s11_slope,0,0,False,False,0.0,0.0,False,1.0,0.0
nasa_fd001,u027_e0080,4,4,degraded,healthy,4,"[""s2_z_last"", ""s8_z_last"", ""s15_slope"", ""s12_delta_mean""]",s11_slope,0,1,False,True,0.0,0.25,False,1.0,0.0
nasa_fd001,u027_e0090,4,0,healthy,healthy,4,"[""s2_z_last"", ""s7_z_last"", ""s21_z_last"", ""s6_slope""]",s11_slope,0,0,False,False,0.0,0.0,False,1.0,0.0
nasa_fd001,u027_e0090,4,1,healthy,healthy,4,"[""s2_z_last"", ""s7_z_last"", ""s6_slope"", ""s21_z_last""]",s11_slope,0,0,False,False,0.0,0.0,False,1.0,0.0
nasa_fd001,u027_e0090,4,2,healthy,healthy,4,"[""s2_z_last"", ""s7_z_last"", ""s6_slope"", ""s21_z_last""]",s11_slope,0,0,False,False,0.0,0.0,False,1.0,0.0
nasa_fd001,u027_e0090,4,3,healthy,healthy,4,"[""s2_z_last"", ""s7_z_last"", ""s6_slope"", ""s21_slope""]",s11_slope,0,0,False,False,0.0,0.0,False,1.0,0.0
nasa_fd001,u027_e0090,4,4,healthy,healthy,4,"[""s2_z_last"", ""s7_z_last"", ""s6_slope"", ""s21_z_last""]",s11_slope,0,0,False,False,0.0,0.0,False,1.0,0.0
nasa_fd001,u027_e0100,4,0,healthy,healthy,3,"[""s6_slope"", ""s6_delta_mean"", ""s20_z_last""]",s11_slope,0,0,False,False,0.0,0.0,False,1.0,0.0
nasa_fd001,u027_e0100,4,1,healthy,healthy,4,"[""s6_slope"", ""s6_delta_mean"", ""s20_z_last"", ""s17_delta_mean""]",s11_slope,0,0,False,False,0.0,0.0,False,1.0,0.0
nasa_fd001,u027_e0100,4,2,healthy,healthy,3,"[""s6_slope"", ""s20_z_last"", ""s4_z_last""]",s11_slope,0,0,False,False,0.0,0.0,False,1.0,0.0
nasa_fd001,u027_e0100,4,3,degraded,healthy,4,"[""s6_slope"", ""s6_delta_mean"", ""s20_z_last"", ""s17_z_last""]",s11_slope,0,0,False,False,0.0,0.0,False,1.0,0.0
nasa_fd001,u027_e0100,4,4,degraded,healthy,4,"[""s6_slope"", ""s6_delta_mean"", ""s7_slope"", ""s20_z_last""]",s11_slope,0,0,False,False,0.0,0.0,False,1.0,0.0
nasa_fd001,u031_e0060,4,0,healthy,healthy,3,"[""s6_delta_mean"", ""s21_z_last"", ""s7_z_last""]",s11_slope,0,0,False,False,0.0,0.0,False,1.0,0.0
nasa_fd001,u031_e0060,4,1,healthy,healthy,3,"[""s6_delta_mean"", ""s21_z_last"", ""s7_z_last""]",s11_slope,0,0,False,False,0.0,0.0,False,1.0,0.0
nasa_fd001,u031_e0060,4,2,healthy,healthy,3,"[""s6_delta_mean"", ""s21_z_last"", ""s7_z_last""]",s11_slope,0,0,False,False,0.0,0.0,False,1.0,0.0
nasa_fd001,u031_e0060,4,3,healthy,healthy,3,"[""s6_delta_mean"", ""s21_z_last"", ""s3_slope""]",s11_slope,0,0,False,False,0.0,0.0,False,1.0,0.0
nasa_fd001,u031_e0060,4,4,healthy,healthy,3,"[""s6_delta_mean"", ""s21_z_last"", ""s3_slope""]",s11_slope,0,0,False,False,0.0,0.0,False,1.0,0.0
nasa_fd001,u031_e0080,4,0,degraded,healthy,4,"[""s6_delta_mean"", ""s6_slope"", ""s17_slope"", ""s20_z_last""]",s11_slope,0,0,False,False,0.0,0.0,False,1.0,0.0
nasa_fd001,u031_e0080,4,1,degraded,healthy,4,"[""s6_delta_mean"", ""s6_slope"", ""s17_slope"", ""s3_slope""]",s11_slope,0,0,False,False,0.0,0.0,False,1.0,0.0
nasa_fd001,u031_e0080,4,2,degraded,healthy,4,"[""s6_delta_mean"", ""s6_slope"", ""s17_slope"", ""s17_delta_mean""]",s11_slope,0,0,False,False,0.0,0.0,False,1.0,0.0
nasa_fd001,u031_e0080,4,3,degraded,healthy,4,"[""s6_delta_mean"", ""s6_slope"", ""s17_slope"", ""s17_z_last""]",s11_slope,0,0,False,False,0.0,0.0,False,1.0,0.0
nasa_fd001,u031_e0080,4,4,healthy,healthy,4,"[""s6_delta_mean"", ""s6_slope"", ""s17_delta_mean"", ""s4_z_last""]",s11_slope,0,0,False,False,0.0,0.0,False,1.0,0.0
nasa_fd001,u031_e0140,4,0,degraded,healthy,4,"[""s7_z_last"", ""s14_z_last"", ""s11_z_last"", ""s20_delta_mean""]",s11_slope,0,0,False,False,0.0,0.0,False,1.0,0.0
nasa_fd001,u031_e0140,4,1,degraded,healthy,3,"[""s7_z_last"", ""s9_slope"", ""s14_z_last""]",s11_slope,0,0,False,False,0.0,0.0,False,1.0,0.0
nasa_fd001,u031_e0140,4,2,degraded,healthy,4,"[""s7_z_last"", ""s14_z_last"", ""s15_z_last"", ""s20_delta_mean""]",s11_slope,0,0,False,False,0.0,0.0,False,1.0,0.0
nasa_fd001,u031_e0140,4,3,degraded,healthy,4,"[""s7_z_last"", ""s14_z_last"", ""s15_z_last"", ""s9_slope""]",s11_slope,0,0,False,False,0.0,0.0,False,1.0,0.0
nasa_fd001,u031_e0140,4,4,degraded,healthy,4,"[""s7_z_last"", ""s14_z_last"", ""s15_z_last"", ""s6_slope""]",s11_slope,0,0,False,False,0.0,0.0,False,1.0,0.0
nasa_fd001,u031_e0170,4,0,degraded,healthy,4,"[""s6_delta_mean"", ""s6_slope"", ""s7_z_last"", ""s4_z_last""]",s4_slope,0,0,False,False,0.0,0.0,False,1.0,0.0
nasa_fd001,u031_e0170,4,1,healthy,healthy,4,"[""s6_delta_mean"", ""s6_slope"", ""s21_z_last"", ""s2_z_last""]",s4_slope,0,0,False,False,0.0,0.0,False,1.0,0.0
nasa_fd001,u031_e0170,4,2,healthy,healthy,4,"[""s6_delta_mean"", ""s6_slope"", ""s13_delta_mean"", ""s13_slope""]",s4_slope,0,0,False,False,0.0,0.0,False,1.0,0.0
nasa_fd001,u031_e0170,4,3,degraded,healthy,4,"[""s6_delta_mean"", ""s6_slope"", ""s7_z_last"", ""s9_z_last""]",s4_slope,0,0,False,False,0.0,0.0,False,1.0,0.0
nasa_fd001,u031_e0170,4,4,healthy,healthy,4,"[""s6_delta_mean"", ""s6_slope"", ""s13_delta_mean"", ""s13_slope""]",s4_slope,0,0,False,False,0.0,0.0,False,1.0,0.0
nasa_fd001,u031_e0180,4,0,degraded,healthy,4,"[""s12_delta_mean"", ""s11_delta_mean"", ""s17_delta_mean"", ""s7_slope""]",s21_delta_mean,0,2,False,True,0.0,0.5,False,1.0,0.0
nasa_fd001,u031_e0180,4,1,degraded,healthy,3,"[""s12_delta_mean"", ""s11_delta_mean"", ""s7_slope""]",s21_delta_mean,0,2,False,True,0.0,0.6666666666666666,False,1.0,0.0
nasa_fd001,u031_e0180,4,2,degraded,healthy,4,"[""s12_delta_mean"", ""s12_slope"", ""s7_delta_mean"", ""s11_delta_mean""]",s21_delta_mean,0,2,False,True,0.0,0.5,False,1.0,0.0
nasa_fd001,u031_e0180,4,3,degraded,healthy,4,"[""s12_delta_mean"", ""s7_slope"", ""s11_delta_mean"", ""s17_delta_mean""]",s21_delta_mean,0,2,False,True,0.0,0.5,False,1.0,0.0
nasa_fd001,u031_e0180,4,4,degraded,healthy,4,"[""s12_delta_mean"", ""s11_delta_mean"", ""s7_delta_mean"", ""s7_slope""]",s21_delta_mean,0,2,False,True,0.0,0.5,False,1.0,0.0
nasa_fd001,u031_e0210,4,0,degraded,degraded,4,"[""s8_delta_mean"", ""s8_slope"", ""s20_slope"", ""s20_delta_mean""]",s11_slope,0,0,False,False,0.0,0.0,False,1.0,0.0
nasa_fd001,u031_e0210,4,1,degraded,degraded,4,"[""s8_delta_mean"", ""s8_slope"", ""s20_slope"", ""s20_delta_mean""]",s11_slope,0,0,False,False,0.0,0.0,False,1.0,0.0
nasa_fd001,u031_e0210,4,2,degraded,degraded,4,"[""s8_delta_mean"", ""s8_slope"", ""s20_slope"", ""s20_delta_mean""]",s11_slope,0,0,False,False,0.0,0.0,False,1.0,0.0
nasa_fd001,u031_e0210,4,3,degraded,degraded,4,"[""s8_delta_mean"", ""s8_slope"", ""s20_slope"", ""s20_delta_mean""]",s11_slope,0,0,False,False,0.0,0.0,False,1.0,0.0
nasa_fd001,u031_e0210,4,4,degraded,degraded,4,"[""s8_delta_mean"", ""s8_slope"", ""s20_slope"", ""s20_delta_mean""]",s11_slope,0,0,False,False,0.0,0.0,False,1.0,0.0
nasa_fd001,u032_e0090,4,0,degraded,healthy,3,"[""s15_slope"", ""s3_slope"", ""s21_slope""]",s11_slope,0,0,False,False,0.0,0.0,False,1.0,0.0
nasa_fd001,u032_e0090,4,1,healthy,healthy,4,"[""s21_z_last"", ""s15_slope"", ""s3_slope"", ""s7_z_last""]",s11_slope,0,0,False,False,0.0,0.0,False,1.0,0.0
nasa_fd001,u032_e0090,4,2,degraded,healthy,3,"[""s15_slope"", ""s3_slope"", ""s21_slope""]",s11_slope,0,0,False,False,0.0,0.0,False,1.0,0.0
nasa_fd001,u032_e0090,4,3,healthy,healthy,4,"[""s21_z_last"", ""s15_slope"", ""s3_z_last"", ""s7_z_last""]",s11_slope,0,0,False,False,0.0,0.0,False,1.0,0.0
nasa_fd001,u032_e0090,4,4,healthy,healthy,4,"[""s21_z_last"", ""s3_z_last"", ""s15_delta_mean"", ""s7_z_last""]",s11_slope,0,0,False,False,0.0,0.0,False,1.0,0.0
nasa_fd001,u032_e0140,4,0,healthy,healthy,4,"[""s2_z_last"", ""s13_delta_mean"", ""s14_z_last"", ""s7_slope""]",s11_slope,0,0,False,False,0.0,0.0,False,1.0,0.0
nasa_fd001,u032_e0140,4,1,healthy,healthy,4,"[""s2_z_last"", ""s13_z_last"", ""s7_delta_mean"", ""s15_z_last""]",s11_slope,0,0,False,False,0.0,0.0,False,1.0,0.0
nasa_fd001,u032_e0140,4,2,healthy,healthy,4,"[""s2_z_last"", ""s13_delta_mean"", ""s14_z_last"", ""s7_slope""]",s11_slope,0,0,False,False,0.0,0.0,False,1.0,0.0
nasa_fd001,u032_e0140,4,3,healthy,healthy,3,"[""s2_z_last"", ""s13_delta_mean"", ""s7_delta_mean""]",s11_slope,0,0,False,False,0.0,0.0,False,1.0,0.0
nasa_fd001,u032_e0140,4,4,healthy,healthy,3,"[""s2_z_last"", ""s13_delta_mean"", ""s14_z_last""]",s11_slope,0,0,False,False,0.0,0.0,False,1.0,0.0
nasa_fd001,u032_e0160,4,0,degraded,healthy,3,"[""s20_delta_mean"", ""s20_slope"", ""s17_slope""]",s21_delta_mean,0,1,False,True,0.0,0.3333333333333333,False,1.0,0.0
nasa_fd001,u032_e0160,4,1,degraded,healthy,4,"[""s20_delta_mean"", ""s20_slope"", ""s17_slope"", ""s9_z_last""]",s21_delta_mean,0,1,False,True,0.0,0.25,False,1.0,0.0
nasa_fd001,u032_e0160,4,2,degraded,healthy,4,"[""s20_delta_mean"", ""s20_slope"", ""s17_slope"", ""s9_z_last""]",s21_delta_mean,0,1,False,True,0.0,0.25,False,1.0,0.0
nasa_fd001,u032_e0160,4,3,degraded,healthy,4,"[""s20_delta_mean"", ""s20_slope"", ""s17_slope"", ""s9_z_last""]",s21_delta_mean,0,1,False,True,0.0,0.25,False,1.0,0.0
nasa_fd001,u032_e0160,4,4,degraded,healthy,4,"[""s20_delta_mean"", ""s20_slope"", ""s17_slope"", ""s9_z_last""]",s21_delta_mean,0,1,False,True,0.0,0.25,False,1.0,0.0
nasa_fd001,u034_e0060,4,0,healthy,healthy,4,"[""s20_delta_mean"", ""s20_slope"", ""s15_z_last"", ""s2_z_last""]",s11_slope,0,0,False,False,0.0,0.0,False,1.0,0.0
nasa_fd001,u034_e0060,4,1,healthy,healthy,4,"[""s20_delta_mean"", ""s21_delta_mean"", ""s15_z_last"", ""s7_z_last""]",s11_slope,0,0,False,False,0.0,0.0,False,1.0,0.0
nasa_fd001,u034_e0060,4,2,healthy,healthy,3,"[""s20_delta_mean"", ""s21_delta_mean"", ""s15_z_last""]",s11_slope,0,0,False,False,0.0,0.0,False,1.0,0.0
nasa_fd001,u034_e0060,4,3,healthy,healthy,4,"[""s20_delta_mean"", ""s20_slope"", ""s15_z_last"", ""s2_z_last""]",s11_slope,0,0,False,False,0.0,0.0,False,1.0,0.0
nasa_fd001,u034_e0060,4,4,healthy,healthy,4,"[""s20_delta_mean"", ""s20_slope"", ""s21_delta_mean"", ""s15_z_last""]",s11_slope,0,0,False,False,0.0,0.0,False,1.0,0.0
nasa_fd001,u034_e0090,4,0,degraded,healthy,4,"[""s6_delta_mean"", ""s21_slope"", ""s15_slope"", ""s7_z_last""]",s11_slope,0,0,False,False,0.0,0.0,False,1.0,0.0
nasa_fd001,u034_e0090,4,1,healthy,healthy,3,"[""s15_z_last"", ""s21_delta_mean"", ""s21_slope""]",s11_slope,0,0,False,False,0.0,0.0,False,1.0,0.0
nasa_fd001,u034_e0090,4,2,degraded,healthy,4,"[""s6_delta_mean"", ""s7_z_last"", ""s15_slope"", ""s21_slope""]",s11_slope,0,0,False,False,0.0,0.0,False,1.0,0.0
nasa_fd001,u034_e0090,4,3,degraded,healthy,4,"[""s6_slope"", ""s21_slope"", ""s15_slope"", ""s7_z_last""]",s11_slope,0,0,False,False,0.0,0.0,False,1.0,0.0
nasa_fd001,u034_e0090,4,4,degraded,healthy,4,"[""s6_delta_mean"", ""s6_slope"", ""s21_slope"", ""s15_slope""]",s11_slope,0,0,False,False,0.0,0.0,False,1.0,0.0
nasa_fd001,u034_e0100,4,0,healthy,healthy,4,"[""s8_z_last"", ""s12_z_last"", ""s3_z_last"", ""s7_z_last""]",s11_slope,0,0,False,False,0.0,0.0,False,1.0,0.0
nasa_fd001,u034_e0100,4,1,healthy,healthy,3,"[""s12_z_last"", ""s8_z_last"", ""s7_z_last""]",s11_slope,0,0,False,False,0.0,0.0,False,1.0,0.0
nasa_fd001,u034_e0100,4,2,healthy,healthy,3,"[""s8_z_last"", ""s12_z_last"", ""s7_z_last""]",s11_slope,0,0,False,False,0.0,0.0,False,1.0,0.0
nasa_fd001,u034_e0100,4,3,healthy,healthy,4,"[""s12_z_last"", ""s8_z_last"", ""s3_delta_mean"", ""s7_z_last""]",s11_slope,0,0,False,False,0.0,0.0,False,1.0,0.0
nasa_fd001,u034_e0100,4,4,healthy,healthy,4,"[""s8_z_last"", ""s12_z_last"", ""s7_z_last"", ""s3_slope""]",s11_slope,0,0,False,False,0.0,0.0,False,1.0,0.0
nasa_fd001,u034_e0120,4,0,healthy,healthy,4,"[""s7_z_last"", ""s14_z_last"", ""s11_z_last"", ""s3_z_last""]",s11_slope,0,0,False,False,0.0,0.0,False,1.0,0.0
nasa_fd001,u034_e0120,4,1,healthy,healthy,4,"[""s7_z_last"", ""s14_z_last"", ""s3_z_last"", ""s11_z_last""]",s11_slope,0,0,False,False,0.0,0.0,False,1.0,0.0
nasa_fd001,u034_e0120,4,2,healthy,healthy,4,"[""s7_z_last"", ""s14_z_last"", ""s3_z_last"", ""s11_slope""]",s11_slope,1,1,True,True,0.25,0.25,True,1.0,0.0
nasa_fd001,u034_e0120,4,3,healthy,healthy,4,"[""s7_z_last"", ""s14_z_last"", ""s3_z_last"", ""s11_z_last""]",s11_slope,0,0,False,False,0.0,0.0,False,1.0,0.0
nasa_fd001,u034_e0120,4,4,healthy,healthy,4,"[""s7_z_last"", ""s14_z_last"", ""s3_z_last"", ""s11_z_last""]",s11_slope,0,0,False,False,0.0,0.0,False,1.0,0.0
nasa_fd001,u034_e0170,4,0,healthy,degraded,4,"[""s9_slope"", ""s14_slope"", ""s9_delta_mean"", ""s14_delta_mean""]",s4_slope,0,1,False,True,0.0,0.25,False,1.0,0.0
nasa_fd001,u034_e0170,4,1,healthy,degraded,4,"[""s9_slope"", ""s14_slope"", ""s9_delta_mean"", ""s14_delta_mean""]",s4_slope,0,1,False,True,0.0,0.25,False,1.0,0.0
nasa_fd001,u034_e0170,4,2,healthy,degraded,4,"[""s9_slope"", ""s14_slope"", ""s9_delta_mean"", ""s14_delta_mean""]",s4_slope,0,1,False,True,0.0,0.25,False,1.0,0.0
nasa_fd001,u034_e0170,4,3,healthy,degraded,4,"[""s9_slope"", ""s14_slope"", ""s20_delta_mean"", ""s13_z_last""]",s4_slope,0,0,False,False,0.0,0.0,False,1.0,0.0
nasa_fd001,u034_e0170,4,4,healthy,degraded,4,"[""s9_slope"", ""s14_slope"", ""s9_delta_mean"", ""s14_delta_mean""]",s4_slope,0,1,False,True,0.0,0.25,False,1.0,0.0
nasa_fd001,u040_e0050,4,0,healthy,healthy,4,"[""s15_z_last"", ""s17_delta_mean"", ""s17_slope"", ""s6_slope""]",s11_slope,0,0,False,False,0.0,0.0,False,0.75,0.25
nasa_fd001,u040_e0050,4,1,healthy,healthy,4,"[""s15_z_last"", ""s17_delta_mean"", ""s17_slope"", ""s6_slope""]",s11_slope,0,0,False,False,0.0,0.0,False,0.75,0.25
nasa_fd001,u040_e0050,4,2,healthy,healthy,4,"[""s15_z_last"", ""s17_delta_mean"", ""s20_delta_mean"", ""s6_slope""]",s11_slope,0,0,False,False,0.0,0.0,False,1.0,0.0
nasa_fd001,u040_e0050,4,3,healthy,healthy,4,"[""s15_z_last"", ""s17_delta_mean"", ""s17_slope"", ""s6_slope""]",s11_slope,0,0,False,False,0.0,0.0,False,1.0,0.0
nasa_fd001,u040_e0050,4,4,degraded,healthy,4,"[""s17_delta_mean"", ""s17_z_last"", ""s17_slope"", ""s15_z_last""]",s11_slope,0,0,False,False,0.0,0.0,False,1.0,0.0
nasa_fd001,u040_e0080,4,0,degraded,healthy,4,"[""s7_delta_mean"", ""s7_z_last"", ""s7_slope"", ""s13_slope""]",s11_slope,0,0,False,False,0.0,0.0,False,1.0,0.0
nasa_fd001,u040_e0080,4,1,degraded,healthy,4,"[""s7_delta_mean"", ""s7_z_last"", ""s7_slope"", ""s13_slope""]",s11_slope,0,0,False,False,0.0,0.0,False,1.0,0.0
nasa_fd001,u040_e0080,4,2,healthy,healthy,4,"[""s7_delta_mean"", ""s7_z_last"", ""s21_z_last"", ""s12_delta_mean""]",s11_slope,0,1,False,True,0.0,0.25,False,1.0,0.0
nasa_fd001,u040_e0080,4,3,degraded,healthy,4,"[""s7_delta_mean"", ""s7_z_last"", ""s7_slope"", ""s13_slope""]",s11_slope,0,0,False,False,0.0,0.0,False,1.0,0.0
nasa_fd001,u040_e0080,4,4,degraded,healthy,4,"[""s7_delta_mean"", ""s7_z_last"", ""s13_delta_mean"", ""s11_slope""]",s11_slope,1,1,True,True,0.25,0.25,True,1.0,0.0
nasa_fd001,u040_e0180,4,0,healthy,degraded,4,"[""s9_slope"", ""s14_delta_mean"", ""s15_z_last"", ""s20_delta_mean""]",s4_slope,0,0,False,False,0.0,0.0,False,1.0,0.0
nasa_fd001,u040_e0180,4,1,healthy,degraded,4,"[""s9_delta_mean"", ""s14_delta_mean"", ""s15_z_last"", ""s7_slope""]",s4_slope,0,0,False,False,0.0,0.0,False,1.0,0.0
nasa_fd001,u040_e0180,4,2,healthy,degraded,4,"[""s9_delta_mean"", ""s14_delta_mean"", ""s15_z_last"", ""s20_delta_mean""]",s4_slope,0,0,False,False,0.0,0.0,False,1.0,0.0
nasa_fd001,u040_e0180,4,3,healthy,degraded,4,"[""s9_slope"", ""s14_delta_mean"", ""s7_slope"", ""s20_delta_mean""]",s4_slope,0,0,False,False,0.0,0.0,False,1.0,0.0
nasa_fd001,u040_e0180,4,4,healthy,degraded,4,"[""s9_slope"", ""s14_delta_mean"", ""s15_z_last"", ""s7_slope""]",s4_slope,0,0,False,False,0.0,0.0,False,1.0,0.0
nasa_fd001,u043_e0050,4,0,healthy,healthy,4,"[""s6_delta_mean"", ""s12_slope"", ""s21_z_last"", ""s3_z_last""]",s11_slope,0,0,False,False,0.0,0.0,False,1.0,0.0
nasa_fd001,u043_e0050,4,1,degraded,healthy,4,"[""s2_delta_mean"", ""s6_delta_mean"", ""s12_slope"", ""s3_z_last""]",s11_slope,0,0,False,False,0.0,0.0,False,1.0,0.0
nasa_fd001,u043_e0050,4,2,degraded,healthy,4,"[""s2_delta_mean"", ""s6_delta_mean"", ""s12_slope"", ""s3_z_last""]",s11_slope,0,0,False,False,0.0,0.0,False,1.0,0.0
nasa_fd001,u043_e0050,4,3,degraded,healthy,3,"[""s2_delta_mean"", ""s6_delta_mean"", ""s12_slope""]",s11_slope,0,0,False,False,0.0,0.0,False,1.0,0.0
nasa_fd001,u043_e0050,4,4,degraded,healthy,3,"[""s2_delta_mean"", ""s6_delta_mean"", ""s12_slope""]",s11_slope,0,0,False,False,0.0,0.0,False,1.0,0.0
nasa_fd001,u043_e0100,4,0,healthy,healthy,3,"[""s20_delta_mean"", ""s21_slope"", ""s17_z_last""]",s11_slope,0,0,False,False,0.0,0.0,False,1.0,0.0
nasa_fd001,u043_e0100,4,1,healthy,healthy,3,"[""s17_z_last"", ""s21_slope"", ""s12_z_last""]",s11_slope,0,0,False,False,0.0,0.0,False,1.0,0.0
nasa_fd001,u043_e0100,4,2,healthy,healthy,4,"[""s21_delta_mean"", ""s12_z_last"", ""s17_z_last"", ""s2_slope""]",s11_slope,0,0,False,False,0.0,0.0,False,1.0,0.0
nasa_fd001,u043_e0100,4,3,healthy,healthy,4,"[""s21_slope"", ""s12_z_last"", ""s17_z_last"", ""s2_slope""]",s11_slope,0,0,False,False,0.0,0.0,False,1.0,0.0
nasa_fd001,u043_e0100,4,4,healthy,healthy,4,"[""s21_slope"", ""s12_z_last"", ""s17_z_last"", ""s2_slope""]",s11_slope,0,0,False,False,0.0,0.0,False,1.0,0.0
nasa_fd001,u043_e0130,4,0,degraded,healthy,4,"[""s6_slope"", ""s4_z_last"", ""s3_slope"", ""s9_z_last""]",s11_slope,0,0,False,False,0.0,0.0,False,1.0,0.0
nasa_fd001,u043_e0130,4,1,degraded,healthy,4,"[""s6_slope"", ""s4_z_last"", ""s3_slope"", ""s9_z_last""]",s11_slope,0,0,False,False,0.0,0.0,False,1.0,0.0
nasa_fd001,u043_e0130,4,2,degraded,healthy,4,"[""s3_slope"", ""s4_z_last"", ""s6_slope"", ""s21_z_last""]",s11_slope,0,0,False,False,0.0,0.0,False,1.0,0.0
nasa_fd001,u043_e0130,4,3,degraded,healthy,4,"[""s3_slope"", ""s6_slope"", ""s4_z_last"", ""s9_z_last""]",s11_slope,0,0,False,False,0.0,0.0,False,1.0,0.0
nasa_fd001,u043_e0130,4,4,degraded,healthy,3,"[""s3_slope"", ""s6_slope"", ""s4_z_last""]",s11_slope,0,0,False,False,0.0,0.0,False,1.0,0.0
nasa_fd001,u043_e0140,4,0,degraded,healthy,4,"[""s13_delta_mean"", ""s13_slope"", ""s4_z_last"", ""s12_z_last""]",s4_slope,0,0,False,False,0.0,0.0,False,1.0,0.0
nasa_fd001,u043_e0140,4,1,degraded,healthy,4,"[""s13_delta_mean"", ""s13_slope"", ""s4_z_last"", ""s12_z_last""]",s4_slope,0,0,False,False,0.0,0.0,False,1.0,0.0
nasa_fd001,u043_e0140,4,2,degraded,healthy,4,"[""s13_delta_mean"", ""s13_slope"", ""s4_z_last"", ""s9_z_last""]",s4_slope,0,0,False,False,0.0,0.0,False,1.0,0.0
nasa_fd001,u043_e0140,4,3,degraded,healthy,4,"[""s13_delta_mean"", ""s13_slope"", ""s4_z_last"", ""s12_z_last""]",s4_slope,0,0,False,False,0.0,0.0,False,1.0,0.0
nasa_fd001,u043_e0140,4,4,degraded,healthy,4,"[""s13_delta_mean"", ""s13_slope"", ""s4_z_last"", ""s9_z_last""]",s4_slope,0,0,False,False,0.0,0.0,False,1.0,0.0
nasa_fd001,u043_e0180,4,0,degraded,degraded,3,"[""s8_slope"", ""s8_delta_mean"", ""s15_delta_mean""]",s11_slope,0,0,False,False,0.0,0.0,False,1.0,0.0
nasa_fd001,u043_e0180,4,1,degraded,degraded,4,"[""s8_slope"", ""s8_delta_mean"", ""s15_delta_mean"", ""s15_slope""]",s11_slope,0,0,False,False,0.0,0.0,False,1.0,0.0
nasa_fd001,u043_e0180,4,2,degraded,degraded,4,"[""s8_slope"", ""s8_delta_mean"", ""s15_delta_mean"", ""s15_slope""]",s11_slope,0,0,False,False,0.0,0.0,False,1.0,0.0
nasa_fd001,u043_e0180,4,3,degraded,degraded,4,"[""s8_slope"", ""s8_delta_mean"", ""s15_delta_mean"", ""s13_delta_mean""]",s11_slope,0,0,False,False,0.0,0.0,False,1.0,0.0
nasa_fd001,u043_e0180,4,4,degraded,degraded,4,"[""s8_slope"", ""s8_delta_mean"", ""s15_delta_mean"", ""s15_slope""]",s11_slope,0,0,False,False,0.0,0.0,False,1.0,0.0
nasa_fd001,u043_e0190,4,0,degraded,degraded,4,"[""s13_slope"", ""s7_slope"", ""s4_slope"", ""s8_slope""]",s11_slope,1,1,True,True,0.25,0.25,False,1.0,0.0
nasa_fd001,u043_e0190,4,1,degraded,degraded,4,"[""s13_slope"", ""s7_slope"", ""s8_slope"", ""s11_slope""]",s11_slope,1,1,True,True,0.25,0.25,True,1.0,0.0
nasa_fd001,u043_e0190,4,2,degraded,degraded,3,"[""s13_slope"", ""s7_slope"", ""s11_delta_mean""]",s11_slope,1,1,True,True,0.3333333333333333,0.3333333333333333,False,1.0,0.0
nasa_fd001,u043_e0190,4,3,degraded,degraded,4,"[""s4_delta_mean"", ""s13_delta_mean"", ""s7_delta_mean"", ""s8_slope""]",s11_slope,0,0,False,False,0.0,0.0,False,1.0,0.0
nasa_fd001,u043_e0190,4,4,degraded,degraded,4,"[""s13_slope"", ""s7_slope"", ""s11_delta_mean"", ""s8_slope""]",s11_slope,1,1,True,True,0.25,0.25,False,1.0,0.0
nasa_fd001,u045_e0050,4,0,healthy,healthy,4,"[""s2_z_last"", ""s6_slope"", ""s12_z_last"", ""s21_z_last""]",s11_slope,0,0,False,False,0.0,0.0,False,1.0,0.0
nasa_fd001,u045_e0050,4,1,healthy,healthy,3,"[""s2_delta_mean"", ""s6_slope"", ""s11_z_last""]",s11_slope,0,0,False,False,0.0,0.0,False,1.0,0.0
nasa_fd001,u045_e0050,4,2,healthy,healthy,3,"[""s2_z_last"", ""s6_slope"", ""s12_z_last""]",s11_slope,0,0,False,False,0.0,0.0,False,1.0,0.0
nasa_fd001,u045_e0050,4,3,healthy,healthy,4,"[""s2_delta_mean"", ""s6_slope"", ""s11_z_last"", ""s21_z_last""]",s11_slope,0,0,False,False,0.0,0.0,False,1.0,0.0
nasa_fd001,u045_e0050,4,4,healthy,healthy,4,"[""s2_z_last"", ""s15_z_last"", ""s6_slope"", ""s21_z_last""]",s11_slope,0,0,False,False,0.0,0.0,False,1.0,0.0
nasa_fd001,u045_e0090,4,0,healthy,healthy,4,"[""s6_delta_mean"", ""s6_slope"", ""s14_z_last"", ""s20_delta_mean""]",s11_slope,0,1,False,True,0.0,0.25,False,1.0,0.0
nasa_fd001,u045_e0090,4,1,healthy,healthy,4,"[""s6_delta_mean"", ""s6_slope"", ""s20_delta_mean"", ""s14_z_last""]",s11_slope,0,1,False,True,0.0,0.25,False,1.0,0.0
nasa_fd001,u045_e0090,4,2,healthy,healthy,4,"[""s6_delta_mean"", ""s6_slope"", ""s20_delta_mean"", ""s14_z_last""]",s11_slope,0,1,False,True,0.0,0.25,False,1.0,0.0
nasa_fd001,u045_e0090,4,3,healthy,healthy,3,"[""s6_slope"", ""s20_delta_mean"", ""s14_z_last""]",s11_slope,0,1,False,True,0.0,0.3333333333333333,False,1.0,0.0
nasa_fd001,u045_e0090,4,4,degraded,healthy,4,"[""s6_slope"", ""s3_slope"", ""s11_z_last"", ""s20_delta_mean""]",s11_slope,0,1,False,True,0.0,0.25,False,1.0,0.0
nasa_fd001,u045_e0100,4,0,healthy,healthy,4,"[""s21_z_last"", ""s17_z_last"", ""s3_slope"", ""s20_z_last""]",s11_slope,0,0,False,False,0.0,0.0,False,1.0,0.0
nasa_fd001,u045_e0100,4,1,healthy,healthy,4,"[""s21_z_last"", ""s17_z_last"", ""s3_slope"", ""s20_z_last""]",s11_slope,0,0,False,False,0.0,0.0,False,1.0,0.0
nasa_fd001,u045_e0100,4,2,healthy,healthy,4,"[""s21_z_last"", ""s17_z_last"", ""s3_slope"", ""s20_z_last""]",s11_slope,0,0,False,False,0.0,0.0,False,1.0,0.0
nasa_fd001,u045_e0100,4,3,healthy,healthy,4,"[""s21_z_last"", ""s11_z_last"", ""s17_z_last"", ""s3_slope""]",s11_slope,0,0,False,False,0.0,0.0,False,1.0,0.0
nasa_fd001,u045_e0100,4,4,healthy,healthy,4,"[""s21_z_last"", ""s17_z_last"", ""s3_slope"", ""s6_slope""]",s11_slope,0,0,False,False,0.0,0.0,False,1.0,0.0
nasa_fd001,u046_e0070,4,0,degraded,healthy,4,"[""s6_delta_mean"", ""s6_slope"", ""s11_z_last"", ""s13_z_last""]",s11_slope,0,0,False,False,0.0,0.0,False,1.0,0.0
nasa_fd001,u046_e0070,4,1,degraded,healthy,4,"[""s6_delta_mean"", ""s6_slope"", ""s3_z_last"", ""s12_z_last""]",s11_slope,0,0,False,False,0.0,0.0,False,1.0,0.0
nasa_fd001,u046_e0070,4,2,degraded,healthy,4,"[""s6_delta_mean"", ""s6_slope"", ""s3_z_last"", ""s11_z_last""]",s11_slope,0,0,False,False,0.0,0.0,False,1.0,0.0
nasa_fd001,u046_e0070,4,3,degraded,healthy,4,"[""s6_delta_mean"", ""s6_slope"", ""s11_z_last"", ""s13_z_last""]",s11_slope,0,0,False,False,0.0,0.0,False,1.0,0.0
nasa_fd001,u046_e0070,4,4,degraded,healthy,4,"[""s6_delta_mean"", ""s6_slope"", ""s11_z_last"", ""s13_z_last""]",s11_slope,0,0,False,False,0.0,0.0,False,1.0,0.0
nasa_fd001,u046_e0090,4,0,degraded,healthy,4,"[""s6_delta_mean"", ""s6_slope"", ""s7_delta_mean"", ""s3_slope""]",s11_slope,0,0,False,False,0.0,0.0,False,1.0,0.0
nasa_fd001,u046_e0090,4,1,degraded,healthy,4,"[""s6_delta_mean"", ""s6_slope"", ""s7_delta_mean"", ""s3_slope""]",s11_slope,0,0,False,False,0.0,0.0,False,1.0,0.0
nasa_fd001,u046_e0090,4,2,degraded,healthy,3,"[""s6_delta_mean"", ""s6_slope"", ""s3_slope""]",s11_slope,0,0,False,False,0.0,0.0,False,1.0,0.0
nasa_fd001,u046_e0090,4,3,degraded,healthy,4,"[""s6_delta_mean"", ""s6_slope"", ""s3_slope"", ""s15_slope""]",s11_slope,0,0,False,False,0.0,0.0,False,1.0,0.0
nasa_fd001,u046_e0090,4,4,degraded,healthy,4,"[""s6_slope"", ""s6_delta_mean"", ""s7_delta_mean"", ""s3_slope""]",s11_slope,0,0,False,False,0.0,0.0,False,1.0,0.0
nasa_fd001,u046_e0150,4,0,healthy,healthy,4,"[""s21_z_last"", ""s7_z_last"", ""s12_slope"", ""s14_slope""]",s11_slope,0,0,False,False,0.0,0.0,False,1.0,0.0
nasa_fd001,u046_e0150,4,1,degraded,healthy,4,"[""s4_delta_mean"", ""s4_slope"", ""s11_z_last"", ""s12_slope""]",s11_slope,1,1,True,True,0.25,0.25,False,1.0,0.0
nasa_fd001,u046_e0150,4,2,degraded,healthy,4,"[""s4_delta_mean"", ""s4_slope"", ""s11_z_last"", ""s12_slope""]",s11_slope,1,1,True,True,0.25,0.25,False,1.0,0.0
nasa_fd001,u046_e0150,4,3,degraded,healthy,4,"[""s4_delta_mean"", ""s4_slope"", ""s11_z_last"", ""s12_slope""]",s11_slope,1,1,True,True,0.25,0.25,False,1.0,0.0
nasa_fd001,u046_e0150,4,4,degraded,healthy,4,"[""s4_delta_mean"", ""s4_slope"", ""s11_z_last"", ""s12_slope""]",s11_slope,1,1,True,True,0.25,0.25,False,1.0,0.0
nasa_fd001,u046_e0170,4,0,healthy,healthy,3,"[""s8_z_last"", ""s2_z_last"", ""s21_delta_mean""]",s15_slope,1,1,True,True,0.3333333333333333,0.3333333333333333,False,1.0,0.0
nasa_fd001,u046_e0170,4,1,healthy,healthy,4,"[""s8_z_last"", ""s2_z_last"", ""s21_delta_mean"", ""s3_slope""]",s15_slope,1,1,True,True,0.25,0.25,False,1.0,0.0
nasa_fd001,u046_e0170,4,2,healthy,healthy,3,"[""s8_z_last"", ""s21_delta_mean"", ""s2_z_last""]",s15_slope,1,1,True,True,0.3333333333333333,0.3333333333333333,False,1.0,0.0
nasa_fd001,u046_e0170,4,3,healthy,healthy,3,"[""s8_z_last"", ""s21_delta_mean"", ""s2_z_last""]",s15_slope,1,1,True,True,0.3333333333333333,0.3333333333333333,False,1.0,0.0
nasa_fd001,u046_e0170,4,4,healthy,healthy,3,"[""s8_z_last"", ""s2_z_last"", ""s21_delta_mean""]",s15_slope,1,1,True,True,0.3333333333333333,0.3333333333333333,False,1.0,0.0
nasa_fd001,u046_e0180,4,0,degraded,healthy,3,"[""s7_z_last"", ""s17_z_last"", ""s13_delta_mean""]",s21_delta_mean,0,0,False,False,0.0,0.0,False,1.0,0.0
nasa_fd001,u046_e0180,4,1,healthy,healthy,3,"[""s8_z_last"", ""s13_delta_mean"", ""s7_z_last""]",s21_delta_mean,0,0,False,False,0.0,0.0,False,1.0,0.0
nasa_fd001,u046_e0180,4,2,degraded,healthy,3,"[""s7_z_last"", ""s13_delta_mean"", ""s8_z_last""]",s21_delta_mean,0,0,False,False,0.0,0.0,False,1.0,0.0
nasa_fd001,u046_e0180,4,3,healthy,healthy,4,"[""s13_delta_mean"", ""s8_slope"", ""s7_z_last"", ""s12_z_last""]",s21_delta_mean,0,0,False,False,0.0,0.0,False,1.0,0.0
nasa_fd001,u046_e0180,4,4,healthy,healthy,4,"[""s13_delta_mean"", ""s8_slope"", ""s7_z_last"", ""s17_z_last""]",s21_delta_mean,0,0,False,False,0.0,0.0,False,1.0,0.0
nasa_fd001,u046_e0190,4,0,healthy,healthy,3,"[""s2_z_last"", ""s21_delta_mean"", ""s15_z_last""]",s4_slope,1,1,True,True,0.3333333333333333,0.3333333333333333,False,1.0,0.0
nasa_fd001,u046_e0190,4,1,degraded,healthy,4,"[""s21_slope"", ""s12_slope"", ""s9_slope"", ""s8_slope""]",s4_slope,0,1,False,True,0.0,0.25,False,1.0,0.0
nasa_fd001,u046_e0190,4,2,degraded,healthy,4,"[""s21_delta_mean"", ""s21_slope"", ""s12_slope"", ""s8_slope""]",s4_slope,1,2,True,True,0.25,0.5,False,1.0,0.0
nasa_fd001,u046_e0190,4,3,degraded,healthy,4,"[""s21_slope"", ""s12_slope"", ""s9_slope"", ""s7_delta_mean""]",s4_slope,0,1,False,True,0.0,0.25,False,0.75,0.25
nasa_fd001,u046_e0190,4,4,degraded,healthy,4,"[""s21_slope"", ""s12_slope"", ""s9_slope"", ""s8_slope""]",s4_slope,0,1,False,True,0.0,0.25,False,1.0,0.0
nasa_fd001,u054_e0070,4,0,healthy,healthy,3,"[""s6_slope"", ""s7_delta_mean"", ""s15_slope""]",s11_slope,0,1,False,True,0.0,0.3333333333333333,False,1.0,0.0
nasa_fd001,u054_e0070,4,1,healthy,healthy,4,"[""s6_slope"", ""s6_delta_mean"", ""s15_delta_mean"", ""s15_slope""]",s11_slope,0,1,False,True,0.0,0.25,False,1.0,0.0
nasa_fd001,u054_e0070,4,2,healthy,healthy,3,"[""s6_slope"", ""s7_delta_mean"", ""s15_slope""]",s11_slope,0,1,False,True,0.0,0.3333333333333333,False,1.0,0.0
nasa_fd001,u054_e0070,4,3,healthy,healthy,4,"[""s6_slope"", ""s7_delta_mean"", ""s15_delta_mean"", ""s17_delta_mean""]",s11_slope,0,0,False,False,0.0,0.0,False,1.0,0.0
nasa_fd001,u054_e0070,4,4,healthy,healthy,4,"[""s6_slope"", ""s7_delta_mean"", ""s15_delta_mean"", ""s17_delta_mean""]",s11_slope,0,0,False,False,0.0,0.0,False,1.0,0.0
nasa_fd001,u054_e0100,4,0,degraded,healthy,4,"[""s11_slope"", ""s15_slope"", ""s17_z_last"", ""s12_delta_mean""]",s11_slope,1,2,True,True,0.25,0.5,True,1.0,0.0
nasa_fd001,u054_e0100,4,1,degraded,healthy,4,"[""s11_slope"", ""s15_slope"", ""s17_slope"", ""s12_delta_mean""]",s11_slope,1,2,True,True,0.25,0.5,True,1.0,0.0
nasa_fd001,u054_e0100,4,2,degraded,healthy,4,"[""s11_slope"", ""s15_slope"", ""s17_slope"", ""s12_delta_mean""]",s11_slope,1,2,True,True,0.25,0.5,True,1.0,0.0
nasa_fd001,u054_e0100,4,3,degraded,healthy,4,"[""s11_slope"", ""s15_slope"", ""s17_z_last"", ""s3_z_last""]",s11_slope,1,2,True,True,0.25,0.5,True,1.0,0.0
nasa_fd001,u054_e0100,4,4,degraded,healthy,4,"[""s11_slope"", ""s15_slope"", ""s17_z_last"", ""s12_delta_mean""]",s11_slope,1,2,True,True,0.25,0.5,True,1.0,0.0
nasa_fd001,u054_e0150,4,0,degraded,healthy,4,"[""s6_z_last"", ""s6_slope"", ""s13_delta_mean"", ""s15_slope""]",s11_slope,0,1,False,True,0.0,0.25,False,1.0,0.0
nasa_fd001,u054_e0150,4,1,degraded,healthy,4,"[""s6_z_last"", ""s13_delta_mean"", ""s15_slope"", ""s3_slope""]",s11_slope,0,1,False,True,0.0,0.25,False,1.0,0.0
nasa_fd001,u054_e0150,4,2,degraded,healthy,3,"[""s6_z_last"", ""s6_slope"", ""s13_delta_mean""]",s11_slope,0,0,False,False,0.0,0.0,False,1.0,0.0
nasa_fd001,u054_e0150,4,3,healthy,healthy,4,"[""s6_z_last"", ""s6_slope"", ""s13_slope"", ""s12_delta_mean""]",s11_slope,0,1,False,True,0.0,0.25,False,1.0,0.0
nasa_fd001,u054_e0150,4,4,healthy,healthy,4,"[""s6_z_last"", ""s6_slope"", ""s13_slope"", ""s12_delta_mean""]",s11_slope,0,1,False,True,0.0,0.25,False,1.0,0.0
nasa_fd001,u054_e0250,4,0,degraded,degraded,4,"[""s9_slope"", ""s14_delta_mean"", ""s14_slope"", ""s12_slope""]",s4_slope,0,0,False,False,0.0,0.0,False,1.0,0.0
nasa_fd001,u054_e0250,4,1,degraded,degraded,4,"[""s9_slope"", ""s14_slope"", ""s14_delta_mean"", ""s12_slope""]",s4_slope,0,0,False,False,0.0,0.0,False,1.0,0.0
nasa_fd001,u054_e0250,4,2,degraded,degraded,4,"[""s9_slope"", ""s14_slope"", ""s14_delta_mean"", ""s12_slope""]",s4_slope,0,0,False,False,0.0,0.0,False,1.0,0.0
nasa_fd001,u054_e0250,4,3,degraded,degraded,3,"[""s9_slope"", ""s14_delta_mean"", ""s12_slope""]",s4_slope,0,0,False,False,0.0,0.0,False,1.0,0.0
nasa_fd001,u054_e0250,4,4,degraded,degraded,3,"[""s9_slope"", ""s14_delta_mean"", ""s12_slope""]",s4_slope,0,0,False,False,0.0,0.0,False,1.0,0.0
nasa_fd001,u056_e0070,4,0,healthy,healthy,4,"[""s15_z_last"", ""s17_delta_mean"", ""s20_z_last"", ""s7_z_last""]",s11_slope,0,0,False,False,0.0,0.0,False,1.0,0.0
nasa_fd001,u056_e0070,4,1,degraded,healthy,4,"[""s15_z_last"", ""s17_delta_mean"", ""s7_z_last"", ""s20_z_last""]",s11_slope,0,0,False,False,0.0,0.0,False,1.0,0.0
nasa_fd001,u056_e0070,4,2,degraded,healthy,3,"[""s15_z_last"", ""s17_delta_mean"", ""s7_z_last""]",s11_slope,0,0,False,False,0.0,0.0,False,1.0,0.0
nasa_fd001,u056_e0070,4,3,healthy,healthy,4,"[""s15_z_last"", ""s17_delta_mean"", ""s20_z_last"", ""s7_z_last""]",s11_slope,0,0,False,False,0.0,0.0,False,1.0,0.0
nasa_fd001,u056_e0070,4,4,degraded,healthy,4,"[""s15_z_last"", ""s17_delta_mean"", ""s7_z_last"", ""s20_z_last""]",s11_slope,0,0,False,False,0.0,0.0,False,1.0,0.0
nasa_fd001,u056_e0080,4,0,degraded,healthy,4,"[""s15_slope"", ""s4_slope"", ""s13_slope"", ""s12_z_last""]",s11_slope,1,2,True,True,0.25,0.5,False,1.0,0.0
nasa_fd001,u056_e0080,4,1,degraded,healthy,4,"[""s4_slope"", ""s15_slope"", ""s13_slope"", ""s11_slope""]",s11_slope,2,3,True,True,0.5,0.75,True,1.0,0.0
nasa_fd001,u056_e0080,4,2,healthy,healthy,4,"[""s7_delta_mean"", ""s20_z_last"", ""s12_z_last"", ""s15_slope""]",s11_slope,0,1,False,True,0.0,0.25,False,1.0,0.0
nasa_fd001,u056_e0080,4,3,degraded,healthy,4,"[""s4_slope"", ""s15_slope"", ""s13_slope"", ""s7_slope""]",s11_slope,1,2,True,True,0.25,0.5,False,1.0,0.0
nasa_fd001,u056_e0080,4,4,degraded,healthy,4,"[""s15_slope"", ""s4_slope"", ""s13_slope"", ""s7_delta_mean""]",s11_slope,1,2,True,True,0.25,0.5,False,1.0,0.0
nasa_fd001,u056_e0110,4,0,healthy,healthy,4,"[""s3_slope"", ""s8_z_last"", ""s4_z_last"", ""s20_delta_mean""]",s11_slope,0,0,False,False,0.0,0.0,False,1.0,0.0
nasa_fd001,u056_e0110,4,1,healthy,healthy,4,"[""s3_slope"", ""s8_slope"", ""s12_slope"", ""s20_delta_mean""]",s11_slope,0,0,False,False,0.0,0.0,False,1.0,0.0
nasa_fd001,u056_e0110,4,2,healthy,healthy,4,"[""s3_slope"", ""s8_slope"", ""s20_delta_mean"", ""s12_delta_mean""]",s11_slope,0,1,False,True,0.0,0.25,False,1.0,0.0
nasa_fd001,u056_e0110,4,3,healthy,healthy,4,"[""s3_slope"", ""s8_slope"", ""s20_delta_mean"", ""s12_delta_mean""]",s11_slope,0,1,False,True,0.0,0.25,False,1.0,0.0
nasa_fd001,u056_e0110,4,4,degraded,healthy,3,"[""s3_slope"", ""s8_slope"", ""s20_z_last""]",s11_slope,0,0,False,False,0.0,0.0,False,1.0,0.0
nasa_fd001,u056_e0190,4,0,degraded,healthy,3,"[""s8_z_last"", ""s13_slope"", ""s7_delta_mean""]",s11_slope,0,0,False,False,0.0,0.0,False,1.0,0.0
nasa_fd001,u056_e0190,4,1,healthy,healthy,4,"[""s7_z_last"", ""s9_z_last"", ""s8_z_last"", ""s13_delta_mean""]",s11_slope,0,0,False,False,0.0,0.0,False,1.0,0.0
nasa_fd001,u056_e0190,4,2,degraded,healthy,3,"[""s8_z_last"", ""s13_slope"", ""s7_slope""]",s11_slope,0,0,False,False,0.0,0.0,False,1.0,0.0
nasa_fd001,u056_e0190,4,3,healthy,healthy,4,"[""s9_z_last"", ""s7_z_last"", ""s8_z_last"", ""s21_delta_mean""]",s11_slope,0,0,False,False,0.0,0.0,False,1.0,0.0
nasa_fd001,u056_e0190,4,4,degraded,healthy,4,"[""s8_z_last"", ""s13_slope"", ""s17_slope"", ""s7_slope""]",s11_slope,0,0,False,False,0.0,0.0,False,1.0,0.0
nasa_fd001,u056_e0240,4,0,degraded,healthy,4,"[""s9_delta_mean"", ""s14_delta_mean"", ""s9_slope"", ""s21_z_last""]",s7_delta_mean,0,0,False,False,0.0,0.0,False,1.0,0.0
nasa_fd001,u056_e0240,4,1,degraded,healthy,4,"[""s9_delta_mean"", ""s9_slope"", ""s14_delta_mean"", ""s14_slope""]",s7_delta_mean,0,0,False,False,0.0,0.0,False,1.0,0.0
nasa_fd001,u056_e0240,4,2,degraded,healthy,4,"[""s9_delta_mean"", ""s9_slope"", ""s14_delta_mean"", ""s14_slope""]",s7_delta_mean,0,0,False,False,0.0,0.0,False,1.0,0.0
nasa_fd001,u056_e0240,4,3,degraded,healthy,4,"[""s9_delta_mean"", ""s9_slope"", ""s14_delta_mean"", ""s14_slope""]",s7_delta_mean,0,0,False,False,0.0,0.0,False,1.0,0.0
nasa_fd001,u056_e0240,4,4,degraded,healthy,4,"[""s9_delta_mean"", ""s9_slope"", ""s14_delta_mean"", ""s21_z_last""]",s7_delta_mean,0,0,False,False,0.0,0.0,False,1.0,0.0
nasa_fd001,u056_e0260,4,0,degraded,degraded,4,"[""s9_slope"", ""s14_slope"", ""s9_delta_mean"", ""s14_delta_mean""]",s7_slope,0,1,False,True,0.0,0.25,False,1.0,0.0
nasa_fd001,u056_e0260,4,1,degraded,degraded,4,"[""s9_slope"", ""s14_slope"", ""s9_delta_mean"", ""s14_delta_mean""]",s7_slope,0,1,False,True,0.0,0.25,False,1.0,0.0
nasa_fd001,u056_e0260,4,2,degraded,degraded,4,"[""s9_slope"", ""s9_delta_mean"", ""s14_slope"", ""s14_delta_mean""]",s7_slope,0,1,False,True,0.0,0.25,False,1.0,0.0
nasa_fd001,u056_e0260,4,3,degraded,degraded,4,"[""s9_slope"", ""s14_slope"", ""s9_delta_mean"", ""s14_delta_mean""]",s7_slope,0,1,False,True,0.0,0.25,False,1.0,0.0
nasa_fd001,u056_e0260,4,4,degraded,degraded,4,"[""s9_slope"", ""s14_slope"", ""s9_delta_mean"", ""s14_delta_mean""]",s7_slope,0,1,False,True,0.0,0.25,False,1.0,0.0
nasa_fd001,u070_e0120,4,0,degraded,degraded,4,"[""s11_delta_mean"", ""s3_slope"", ""s2_delta_mean"", ""s12_delta_mean""]",s11_slope,1,1,True,True,0.25,0.25,False,1.0,0.0
nasa_fd001,u070_e0120,4,1,degraded,degraded,4,"[""s11_delta_mean"", ""s3_slope"", ""s2_delta_mean"", ""s4_slope""]",s11_slope,2,2,True,True,0.5,0.5,False,1.0,0.0
nasa_fd001,u070_e0120,4,2,degraded,degraded,3,"[""s2_delta_mean"", ""s11_delta_mean"", ""s3_slope""]",s11_slope,1,1,True,True,0.3333333333333333,0.3333333333333333,False,1.0,0.0
nasa_fd001,u070_e0120,4,3,degraded,degraded,4,"[""s2_delta_mean"", ""s11_delta_mean"", ""s3_slope"", ""s21_delta_mean""]",s11_slope,1,2,True,True,0.25,0.5,False,1.0,0.0
nasa_fd001,u070_e0120,4,4,degraded,degraded,4,"[""s11_delta_mean"", ""s3_slope"", ""s2_delta_mean"", ""s21_delta_mean""]",s11_slope,1,2,True,True,0.25,0.5,False,1.0,0.0
nasa_fd001,u071_e0190,4,0,degraded,degraded,4,"[""s9_slope"", ""s14_slope"", ""s9_delta_mean"", ""s14_delta_mean""]",s20_z_last,0,0,False,False,0.0,0.0,False,1.0,0.0
nasa_fd001,u071_e0190,4,1,degraded,degraded,4,"[""s9_slope"", ""s9_delta_mean"", ""s14_slope"", ""s14_delta_mean""]",s20_z_last,0,0,False,False,0.0,0.0,False,1.0,0.0
nasa_fd001,u071_e0190,4,2,degraded,degraded,4,"[""s9_slope"", ""s9_delta_mean"", ""s14_slope"", ""s14_delta_mean""]",s20_z_last,0,0,False,False,0.0,0.0,False,1.0,0.0
nasa_fd001,u071_e0190,4,3,degraded,degraded,4,"[""s9_slope"", ""s9_delta_mean"", ""s14_slope"", ""s14_delta_mean""]",s20_z_last,0,0,False,False,0.0,0.0,False,1.0,0.0
nasa_fd001,u071_e0190,4,4,degraded,degraded,4,"[""s9_slope"", ""s14_slope"", ""s9_delta_mean"", ""s14_delta_mean""]",s20_z_last,0,0,False,False,0.0,0.0,False,1.0,0.0
nasa_fd001,u074_e0100,4,0,healthy,healthy,4,"[""s13_z_last"", ""s15_z_last"", ""s14_z_last"", ""s20_z_last""]",s11_slope,0,0,False,False,0.0,0.0,False,1.0,0.0
nasa_fd001,u074_e0100,4,1,healthy,healthy,4,"[""s13_z_last"", ""s15_z_last"", ""s14_z_last"", ""s4_z_last""]",s11_slope,0,0,False,False,0.0,0.0,False,1.0,0.0
nasa_fd001,u074_e0100,4,2,degraded,healthy,4,"[""s14_z_last"", ""s17_slope"", ""s8_slope"", ""s21_slope""]",s11_slope,0,1,False,True,0.0,0.25,False,1.0,0.0
nasa_fd001,u074_e0100,4,3,degraded,healthy,4,"[""s14_z_last"", ""s17_slope"", ""s8_slope"", ""s13_z_last""]",s11_slope,0,1,False,True,0.0,0.25,False,1.0,0.0
nasa_fd001,u074_e0100,4,4,degraded,healthy,4,"[""s14_z_last"", ""s17_slope"", ""s21_slope"", ""s13_z_last""]",s11_slope,0,1,False,True,0.0,0.25,False,1.0,0.0
nasa_fd001,u077_e0070,4,0,healthy,healthy,4,"[""s6_slope"", ""s6_delta_mean"", ""s20_delta_mean"", ""s4_z_last""]",s11_slope,0,0,False,False,0.0,0.0,False,1.0,0.0
nasa_fd001,u077_e0070,4,1,degraded,healthy,4,"[""s4_z_last"", ""s6_slope"", ""s9_z_last"", ""s20_delta_mean""]",s11_slope,0,0,False,False,0.0,0.0,False,1.0,0.0
nasa_fd001,u077_e0070,4,2,healthy,healthy,4,"[""s6_delta_mean"", ""s6_slope"", ""s20_delta_mean"", ""s4_z_last""]",s11_slope,0,0,False,False,0.0,0.0,False,1.0,0.0
nasa_fd001,u077_e0070,4,3,degraded,healthy,3,"[""s4_z_last"", ""s6_slope"", ""s15_slope""]",s11_slope,0,1,False,True,0.0,0.3333333333333333,False,1.0,0.0
nasa_fd001,u077_e0070,4,4,healthy,healthy,3,"[""s6_slope"", ""s20_delta_mean"", ""s4_z_last""]",s11_slope,0,0,False,False,0.0,0.0,False,1.0,0.0
nasa_fd001,u077_e0130,4,0,degraded,healthy,4,"[""s11_delta_mean"", ""s11_slope"", ""s12_delta_mean"", ""s12_slope""]",s11_slope,2,2,True,True,0.5,0.5,True,1.0,0.0
nasa_fd001,u077_e0130,4,1,healthy,healthy,4,"[""s12_delta_mean"", ""s14_z_last"", ""s17_z_last"", ""s21_delta_mean""]",s11_slope,0,0,False,False,0.0,0.0,False,1.0,0.0
nasa_fd001,u077_e0130,4,2,healthy,healthy,4,"[""s12_delta_mean"", ""s12_slope"", ""s14_z_last"", ""s17_z_last""]",s11_slope,0,0,False,False,0.0,0.0,False,1.0,0.0
nasa_fd001,u077_e0130,4,3,degraded,healthy,4,"[""s11_delta_mean"", ""s11_slope"", ""s12_delta_mean"", ""s12_slope""]",s11_slope,2,2,True,True,0.5,0.5,True,1.0,0.0
nasa_fd001,u077_e0130,4,4,degraded,healthy,4,"[""s11_delta_mean"", ""s12_delta_mean"", ""s11_slope"", ""s12_slope""]",s11_slope,2,2,True,True,0.5,0.5,True,1.0,0.0
nasa_fd001,u078_e0070,4,0,degraded,healthy,4,"[""s6_delta_mean"", ""s7_z_last"", ""s11_z_last"", ""s15_slope""]",s11_slope,0,1,False,True,0.0,0.25,False,1.0,0.0
nasa_fd001,u078_e0070,4,1,healthy,healthy,4,"[""s6_delta_mean"", ""s6_slope"", ""s7_z_last"", ""s11_z_last""]",s11_slope,0,0,False,False,0.0,0.0,False,1.0,0.0
nasa_fd001,u078_e0070,4,2,degraded,healthy,4,"[""s6_delta_mean"", ""s6_slope"", ""s11_z_last"", ""s7_z_last""]",s11_slope,0,0,False,False,0.0,0.0,False,1.0,0.0
nasa_fd001,u078_e0070,4,3,healthy,healthy,4,"[""s6_delta_mean"", ""s6_slope"", ""s7_z_last"", ""s11_z_last""]",s11_slope,0,0,False,False,0.0,0.0,False,1.0,0.0
nasa_fd001,u078_e0070,4,4,degraded,healthy,4,"[""s6_delta_mean"", ""s6_slope"", ""s11_z_last"", ""s7_z_last""]",s11_slope,0,0,False,False,0.0,0.0,False,1.0,0.0
nasa_fd001,u078_e0080,4,0,healthy,healthy,3,"[""s6_slope"", ""s11_z_last"", ""s8_z_last""]",s11_slope,0,0,False,False,0.0,0.0,False,1.0,0.0
nasa_fd001,u078_e0080,4,1,healthy,healthy,3,"[""s6_slope"", ""s11_z_last"", ""s8_z_last""]",s11_slope,0,0,False,False,0.0,0.0,False,1.0,0.0
nasa_fd001,u078_e0080,4,2,healthy,healthy,4,"[""s6_slope"", ""s11_z_last"", ""s8_z_last"", ""s17_slope""]",s11_slope,0,0,False,False,0.0,0.0,False,1.0,0.0
nasa_fd001,u078_e0080,4,3,healthy,healthy,3,"[""s6_slope"", ""s11_z_last"", ""s8_z_last""]",s11_slope,0,0,False,False,0.0,0.0,False,1.0,0.0
nasa_fd001,u078_e0080,4,4,healthy,healthy,4,"[""s11_z_last"", ""s6_slope"", ""s8_z_last"", ""s17_slope""]",s11_slope,0,0,False,False,0.0,0.0,False,1.0,0.0
nasa_fd001,u078_e0170,4,0,degraded,healthy,4,"[""s6_delta_mean"", ""s4_delta_mean"", ""s13_delta_mean"", ""s6_slope""]",s15_slope,0,0,False,False,0.0,0.0,False,1.0,0.0
nasa_fd001,u078_e0170,4,1,healthy,healthy,4,"[""s6_slope"", ""s3_z_last"", ""s4_slope"", ""s15_delta_mean""]",s15_slope,1,1,True,True,0.25,0.25,False,1.0,0.0
nasa_fd001,u078_e0170,4,2,degraded,healthy,4,"[""s6_slope"", ""s13_slope"", ""s4_slope"", ""s6_delta_mean""]",s15_slope,0,0,False,False,0.0,0.0,False,1.0,0.0
nasa_fd001,u078_e0170,4,3,healthy,healthy,3,"[""s2_slope"", ""s6_slope"", ""s13_slope""]",s15_slope,0,0,False,False,0.0,0.0,False,0.6666666666666666,0.3333333333333333
nasa_fd001,u078_e0170,4,4,degraded,healthy,4,"[""s6_slope"", ""s13_slope"", ""s4_slope"", ""s6_delta_mean""]",s15_slope,0,0,False,False,0.0,0.0,False,1.0,0.0
nasa_fd001,u078_e0180,4,0,degraded,healthy,4,"[""s7_z_last"", ""s7_slope"", ""s21_z_last"", ""s6_slope""]",s21_delta_mean,0,0,False,False,0.0,0.0,False,1.0,0.0
nasa_fd001,u078_e0180,4,1,degraded,healthy,4,"[""s7_z_last"", ""s7_slope"", ""s6_slope"", ""s4_slope""]",s21_delta_mean,0,1,False,True,0.0,0.25,False,1.0,0.0
nasa_fd001,u078_e0180,4,2,healthy,healthy,3,"[""s11_z_last"", ""s6_slope"", ""s7_z_last""]",s21_delta_mean,0,0,False,False,0.0,0.0,False,1.0,0.0
nasa_fd001,u078_e0180,4,3,healthy,healthy,3,"[""s11_z_last"", ""s6_slope"", ""s7_z_last""]",s21_delta_mean,0,0,False,False,0.0,0.0,False,1.0,0.0
nasa_fd001,u078_e0180,4,4,degraded,healthy,3,"[""s7_z_last"", ""s7_slope"", ""s6_slope""]",s21_delta_mean,0,0,False,False,0.0,0.0,False,1.0,0.0
nasa_fd001,u078_e0190,4,0,degraded,degraded,4,"[""s15_slope"", ""s21_delta_mean"", ""s7_slope"", ""s11_slope""]",s11_slope,1,1,True,True,0.25,0.25,True,1.0,0.0
nasa_fd001,u078_e0190,4,1,degraded,degraded,4,"[""s15_slope"", ""s17_delta_mean"", ""s7_slope"", ""s21_z_last""]",s11_slope,0,0,False,False,0.0,0.0,False,1.0,0.0
nasa_fd001,u078_e0190,4,2,degraded,degraded,4,"[""s15_slope"", ""s17_delta_mean"", ""s21_delta_mean"", ""s7_slope""]",s11_slope,0,0,False,False,0.0,0.0,False,1.0,0.0
nasa_fd001,u078_e0190,4,3,degraded,degraded,4,"[""s15_slope"", ""s17_slope"", ""s7_slope"", ""s21_delta_mean""]",s11_slope,0,0,False,False,0.0,0.0,False,1.0,0.0
nasa_fd001,u078_e0190,4,4,degraded,degraded,4,"[""s15_slope"", ""s17_delta_mean"", ""s7_slope"", ""s21_delta_mean""]",s11_slope,0,0,False,False,0.0,0.0,False,1.0,0.0
nasa_fd001,u081_e0120,4,0,healthy,healthy,3,"[""s7_z_last"", ""s2_delta_mean"", ""s20_z_last""]",s11_slope,0,0,False,False,0.0,0.0,False,1.0,0.0
nasa_fd001,u081_e0120,4,1,healthy,healthy,4,"[""s7_z_last"", ""s2_delta_mean"", ""s11_z_last"", ""s7_slope""]",s11_slope,0,0,False,False,0.0,0.0,False,1.0,0.0
nasa_fd001,u081_e0120,4,2,healthy,healthy,3,"[""s7_z_last"", ""s2_slope"", ""s11_z_last""]",s11_slope,0,0,False,False,0.0,0.0,False,1.0,0.0
nasa_fd001,u081_e0120,4,3,healthy,healthy,4,"[""s7_z_last"", ""s2_delta_mean"", ""s20_z_last"", ""s11_z_last""]",s11_slope,0,0,False,False,0.0,0.0,False,1.0,0.0
nasa_fd001,u081_e0120,4,4,healthy,healthy,4,"[""s7_z_last"", ""s2_slope"", ""s11_z_last"", ""s20_z_last""]",s11_slope,0,0,False,False,0.0,0.0,False,1.0,0.0
nasa_fd001,u081_e0130,4,0,degraded,healthy,4,"[""s2_delta_mean"", ""s2_slope"", ""s17_slope"", ""s6_slope""]",s11_slope,0,1,False,True,0.0,0.25,False,1.0,0.0
nasa_fd001,u081_e0130,4,1,healthy,healthy,3,"[""s2_delta_mean"", ""s6_delta_mean"", ""s17_slope""]",s11_slope,0,1,False,True,0.0,0.3333333333333333,False,1.0,0.0
nasa_fd001,u081_e0130,4,2,healthy,healthy,3,"[""s2_delta_mean"", ""s6_delta_mean"", ""s17_slope""]",s11_slope,0,1,False,True,0.0,0.3333333333333333,False,1.0,0.0
nasa_fd001,u081_e0130,4,3,healthy,healthy,3,"[""s2_delta_mean"", ""s6_slope"", ""s17_slope""]",s11_slope,0,1,False,True,0.0,0.3333333333333333,False,1.0,0.0
nasa_fd001,u081_e0130,4,4,healthy,healthy,3,"[""s2_delta_mean"", ""s6_delta_mean"", ""s17_slope""]",s11_slope,0,1,False,True,0.0,0.3333333333333333,False,1.0,0.0
nasa_fd001,u081_e0150,4,0,healthy,healthy,3,"[""s21_delta_mean"", ""s3_delta_mean"", ""s17_z_last""]",s11_slope,0,0,False,False,0.0,0.0,False,1.0,0.0
nasa_fd001,u081_e0150,4,1,healthy,healthy,4,"[""s21_delta_mean"", ""s21_slope"", ""s3_delta_mean"", ""s17_delta_mean""]",s11_slope,0,0,False,False,0.0,0.0,False,1.0,0.0
nasa_fd001,u081_e0150,4,2,healthy,healthy,4,"[""s21_z_last"", ""s3_z_last"", ""s21_delta_mean"", ""s15_z_last""]",s11_slope,0,0,False,False,0.0,0.0,False,1.0,0.0
nasa_fd001,u081_e0150,4,3,healthy,healthy,4,"[""s21_delta_mean"", ""s21_slope"", ""s3_z_last"", ""s17_delta_mean""]",s11_slope,0,0,False,False,0.0,0.0,False,1.0,0.0
nasa_fd001,u081_e0150,4,4,healthy,healthy,4,"[""s21_delta_mean"", ""s2_delta_mean"", ""s17_z_last"", ""s3_z_last""]",s11_slope,0,0,False,False,0.0,0.0,False,1.0,0.0
nasa_fd001,u081_e0170,4,0,healthy,healthy,4,"[""s3_z_last"", ""s11_z_last"", ""s21_slope"", ""s2_slope""]",s11_slope,0,0,False,False,0.0,0.0,False,1.0,0.0
nasa_fd001,u081_e0170,4,1,healthy,healthy,4,"[""s3_z_last"", ""s11_z_last"", ""s20_slope"", ""s21_slope""]",s11_slope,0,1,False,True,0.0,0.25,False,1.0,0.0
nasa_fd001,u081_e0170,4,2,healthy,healthy,4,"[""s3_z_last"", ""s11_z_last"", ""s21_slope"", ""s17_delta_mean""]",s11_slope,0,0,False,False,0.0,0.0,False,1.0,0.0
nasa_fd001,u081_e0170,4,3,healthy,healthy,3,"[""s3_z_last"", ""s11_z_last"", ""s21_slope""]",s11_slope,0,0,False,False,0.0,0.0,False,1.0,0.0
nasa_fd001,u081_e0170,4,4,healthy,healthy,3,"[""s3_z_last"", ""s11_z_last"", ""s21_slope""]",s11_slope,0,0,False,False,0.0,0.0,False,1.0,0.0
nasa_fd001,u081_e0180,4,0,degraded,healthy,4,"[""s2_z_last"", ""s7_slope"", ""s11_slope"", ""s9_slope""]",s4_slope,0,2,False,True,0.0,0.5,False,1.0,0.0
nasa_fd001,u081_e0180,4,1,degraded,healthy,4,"[""s7_slope"", ""s11_slope"", ""s2_z_last"", ""s21_slope""]",s4_slope,0,2,False,True,0.0,0.5,False,1.0,0.0
nasa_fd001,u081_e0180,4,2,degraded,healthy,4,"[""s2_z_last"", ""s7_slope"", ""s11_slope"", ""s9_slope""]",s4_slope,0,2,False,True,0.0,0.5,False,1.0,0.0
nasa_fd001,u081_e0180,4,3,degraded,healthy,3,"[""s2_z_last"", ""s7_slope"", ""s21_delta_mean""]",s4_slope,0,1,False,True,0.0,0.3333333333333333,False,1.0,0.0
nasa_fd001,u081_e0180,4,4,degraded,healthy,4,"[""s2_z_last"", ""s7_slope"", ""s9_slope"", ""s21_slope""]",s4_slope,0,1,False,True,0.0,0.25,False,1.0,0.0
nasa_fd001,u081_e0190,4,0,healthy,healthy,3,"[""s17_delta_mean"", ""s3_slope"", ""s21_delta_mean""]",s12_delta_mean,0,0,False,False,0.0,0.0,False,1.0,0.0
nasa_fd001,u081_e0190,4,1,healthy,healthy,3,"[""s17_delta_mean"", ""s4_z_last"", ""s14_z_last""]",s12_delta_mean,0,0,False,False,0.0,0.0,False,1.0,0.0
nasa_fd001,u081_e0190,4,2,healthy,healthy,4,"[""s17_delta_mean"", ""s17_slope"", ""s3_slope"", ""s14_z_last""]",s12_delta_mean,0,0,False,False,0.0,0.0,False,1.0,0.0
nasa_fd001,u081_e0190,4,3,degraded,healthy,4,"[""s17_slope"", ""s11_delta_mean"", ""s3_slope"", ""s21_delta_mean""]",s12_delta_mean,0,0,False,False,0.0,0.0,False,1.0,0.0
nasa_fd001,u081_e0190,4,4,healthy,healthy,4,"[""s17_slope"", ""s3_slope"", ""s13_z_last"", ""s21_delta_mean""]",s12_delta_mean,0,0,False,False,0.0,0.0,False,1.0,0.0
nasa_fd001,u081_e0200,4,0,degraded,degraded,4,"[""s13_slope"", ""s20_slope"", ""s4_slope"", ""s14_z_last""]",s11_delta_mean,0,1,False,True,0.0,0.25,False,1.0,0.0
nasa_fd001,u081_e0200,4,1,healthy,degraded,4,"[""s20_slope"", ""s13_slope"", ""s11_z_last"", ""s7_delta_mean""]",s11_delta_mean,0,0,False,False,0.0,0.0,False,1.0,0.0
nasa_fd001,u081_e0200,4,2,healthy,degraded,3,"[""s13_slope"", ""s20_slope"", ""s14_z_last""]",s11_delta_mean,0,0,False,False,0.0,0.0,False,1.0,0.0
nasa_fd001,u081_e0200,4,3,healthy,degraded,4,"[""s13_slope"", ""s20_slope"", ""s14_z_last"", ""s11_delta_mean""]",s11_delta_mean,1,1,True,True,0.25,0.25,True,0.75,0.25
nasa_fd001,u081_e0200,4,4,healthy,degraded,4,"[""s13_slope"", ""s20_slope"", ""s14_z_last"", ""s7_delta_mean""]",s11_delta_mean,0,0,False,False,0.0,0.0,False,1.0,0.0
nasa_fd001,u081_e0230,4,0,degraded,degraded,4,"[""s8_delta_mean"", ""s13_delta_mean"", ""s4_delta_mean"", ""s21_delta_mean""]",s20_slope,0,1,False,True,0.0,0.25,False,1.0,0.0
nasa_fd001,u081_e0230,4,1,degraded,degraded,4,"[""s8_delta_mean"", ""s13_delta_mean"", ""s4_delta_mean"", ""s21_delta_mean""]",s20_slope,0,1,False,True,0.0,0.25,False,1.0,0.0
nasa_fd001,u081_e0230,4,2,degraded,degraded,4,"[""s8_delta_mean"", ""s8_slope"", ""s13_delta_mean"", ""s13_slope""]",s20_slope,0,0,False,False,0.0,0.0,False,1.0,0.0
nasa_fd001,u081_e0230,4,3,healthy,degraded,4,"[""s8_delta_mean"", ""s13_delta_mean"", ""s8_slope"", ""s13_slope""]",s20_slope,0,0,False,False,0.0,0.0,False,1.0,0.0
nasa_fd001,u081_e0230,4,4,degraded,degraded,4,"[""s8_delta_mean"", ""s13_delta_mean"", ""s4_slope"", ""s21_delta_mean""]",s20_slope,1,2,True,True,0.25,0.5,False,1.0,0.0
nasa_fd001,u084_e0170,4,0,healthy,healthy,4,"[""s12_z_last"", ""s21_z_last"", ""s15_z_last"", ""s20_delta_mean""]",s11_slope,0,0,False,False,0.0,0.0,False,1.0,0.0
nasa_fd001,u084_e0170,4,1,healthy,healthy,4,"[""s12_z_last"", ""s21_z_last"", ""s15_z_last"", ""s20_z_last""]",s11_slope,0,0,False,False,0.0,0.0,False,1.0,0.0
nasa_fd001,u084_e0170,4,2,healthy,healthy,3,"[""s12_z_last"", ""s21_z_last"", ""s15_z_last""]",s11_slope,0,0,False,False,0.0,0.0,False,1.0,0.0
nasa_fd001,u084_e0170,4,3,healthy,healthy,4,"[""s12_z_last"", ""s21_z_last"", ""s15_z_last"", ""s8_slope""]",s11_slope,0,0,False,False,0.0,0.0,False,1.0,0.0
nasa_fd001,u084_e0170,4,4,healthy,healthy,4,"[""s12_z_last"", ""s21_z_last"", ""s15_z_last"", ""s8_slope""]",s11_slope,0,0,False,False,0.0,0.0,False,1.0,0.0
nasa_fd001,u084_e0180,4,0,degraded,healthy,4,"[""s8_slope"", ""s8_z_last"", ""s17_delta_mean"", ""s20_slope""]",s11_slope,0,0,False,False,0.0,0.0,False,1.0,0.0
nasa_fd001,u084_e0180,4,1,degraded,healthy,4,"[""s8_slope"", ""s8_z_last"", ""s2_delta_mean"", ""s20_slope""]",s11_slope,0,0,False,False,0.0,0.0,False,1.0,0.0
nasa_fd001,u084_e0180,4,2,degraded,healthy,4,"[""s8_slope"", ""s8_z_last"", ""s2_delta_mean"", ""s17_slope""]",s11_slope,0,0,False,False,0.0,0.0,False,1.0,0.0
nasa_fd001,u084_e0180,4,3,degraded,healthy,4,"[""s8_slope"", ""s8_delta_mean"", ""s2_delta_mean"", ""s17_slope""]",s11_slope,0,0,False,False,0.0,0.0,False,1.0,0.0
nasa_fd001,u084_e0180,4,4,degraded,healthy,4,"[""s8_slope"", ""s8_z_last"", ""s7_z_last"", ""s2_delta_mean""]",s11_slope,0,0,False,False,0.0,0.0,False,1.0,0.0
nasa_fd001,u084_e0240,4,0,degraded,healthy,3,"[""s12_slope"", ""s17_z_last"", ""s12_delta_mean""]",s11_slope,0,0,False,False,0.0,0.0,False,1.0,0.0
nasa_fd001,u084_e0240,4,1,degraded,healthy,4,"[""s12_slope"", ""s17_slope"", ""s7_z_last"", ""s13_delta_mean""]",s11_slope,0,0,False,False,0.0,0.0,False,1.0,0.0
nasa_fd001,u084_e0240,4,2,degraded,healthy,4,"[""s12_delta_mean"", ""s12_slope"", ""s17_delta_mean"", ""s7_z_last""]",s11_slope,0,0,False,False,0.0,0.0,False,1.0,0.0
nasa_fd001,u084_e0240,4,3,degraded,healthy,4,"[""s12_slope"", ""s17_z_last"", ""s13_slope"", ""s21_delta_mean""]",s11_slope,1,1,True,True,0.25,0.25,False,1.0,0.0
nasa_fd001,u084_e0240,4,4,degraded,healthy,4,"[""s12_slope"", ""s17_delta_mean"", ""s17_z_last"", ""s13_delta_mean""]",s11_slope,0,0,False,False,0.0,0.0,False,1.0,0.0
nasa_fd001,u089_e0120,4,0,healthy,healthy,4,"[""s6_delta_mean"", ""s6_slope"", ""s13_slope"", ""s11_z_last""]",s11_slope,0,0,False,False,0.0,0.0,False,1.0,0.0
nasa_fd001,u089_e0120,4,1,healthy,healthy,4,"[""s6_delta_mean"", ""s6_slope"", ""s13_z_last"", ""s11_z_last""]",s11_slope,0,0,False,False,0.0,0.0,False,1.0,0.0
nasa_fd001,u089_e0120,4,2,healthy,healthy,4,"[""s6_delta_mean"", ""s6_slope"", ""s11_z_last"", ""s13_z_last""]",s11_slope,0,0,False,False,0.0,0.0,False,1.0,0.0
nasa_fd001,u089_e0120,4,3,healthy,healthy,4,"[""s6_delta_mean"", ""s6_slope"", ""s12_z_last"", ""s9_z_last""]",s11_slope,0,0,False,False,0.0,0.0,False,1.0,0.0
nasa_fd001,u089_e0120,4,4,healthy,healthy,4,"[""s6_delta_mean"", ""s6_slope"", ""s13_slope"", ""s11_z_last""]",s11_slope,0,0,False,False,0.0,0.0,False,1.0,0.0
nasa_fd001,u089_e0150,4,0,degraded,healthy,4,"[""s7_z_last"", ""s7_slope"", ""s13_delta_mean"", ""s21_slope""]",s11_slope,0,0,False,False,0.0,0.0,False,1.0,0.0
nasa_fd001,u089_e0150,4,1,degraded,healthy,4,"[""s7_z_last"", ""s7_slope"", ""s13_slope"", ""s21_slope""]",s11_slope,0,0,False,False,0.0,0.0,False,1.0,0.0
nasa_fd001,u089_e0150,4,2,degraded,healthy,4,"[""s7_z_last"", ""s13_slope"", ""s21_slope"", ""s17_slope""]",s11_slope,0,0,False,False,0.0,0.0,False,1.0,0.0
nasa_fd001,u089_e0150,4,3,degraded,healthy,4,"[""s7_z_last"", ""s21_slope"", ""s17_slope"", ""s13_slope""]",s11_slope,0,0,False,False,0.0,0.0,False,1.0,0.0
nasa_fd001,u089_e0150,4,4,degraded,healthy,3,"[""s7_z_last"", ""s21_slope"", ""s17_slope""]",s11_slope,0,0,False,False,0.0,0.0,False,1.0,0.0
nasa_fd001,u091_e0110,4,0,degraded,healthy,4,"[""s8_slope"", ""s15_delta_mean"", ""s20_delta_mean"", ""s9_z_last""]",s21_delta_mean,0,0,False,False,0.0,0.0,False,1.0,0.0
nasa_fd001,u091_e0110,4,1,degraded,healthy,3,"[""s8_slope"", ""s15_delta_mean"", ""s9_z_last""]",s21_delta_mean,0,0,False,False,0.0,0.0,False,1.0,0.0
nasa_fd001,u091_e0110,4,2,degraded,healthy,4,"[""s8_slope"", ""s15_slope"", ""s20_delta_mean"", ""s9_z_last""]",s21_delta_mean,0,0,False,False,0.0,0.0,False,1.0,0.0
nasa_fd001,u091_e0110,4,3,degraded,healthy,4,"[""s8_delta_mean"", ""s8_slope"", ""s9_z_last"", ""s15_delta_mean""]",s21_delta_mean,0,0,False,False,0.0,0.0,False,1.0,0.0
nasa_fd001,u091_e0110,4,4,degraded,healthy,4,"[""s8_delta_mean"", ""s8_slope"", ""s15_delta_mean"", ""s9_z_last""]",s21_delta_mean,0,0,False,False,0.0,0.0,False,1.0,0.0
synthetic,winding_short_001_w420,0,0,winding_short,winding_short,4,"[""current_delta_mean"", ""current_slope"", ""vibration_z_last"", ""vibration_delta_mean""]",vibration_delta_mean,2,3,True,True,0.5,0.75,True,1.0,0.0
synthetic,winding_short_001_w420,0,1,winding_short,winding_short,4,"[""current_delta_mean"", ""current_slope"", ""vibration_z_last"", ""vibration_delta_mean""]",vibration_delta_mean,2,3,True,True,0.5,0.75,True,1.0,0.0
synthetic,winding_short_001_w420,0,2,winding_short,winding_short,4,"[""current_delta_mean"", ""current_slope"", ""vibration_z_last"", ""vibration_delta_mean""]",vibration_delta_mean,2,3,True,True,0.5,0.75,True,1.0,0.0
synthetic,winding_short_001_w420,0,3,winding_short,winding_short,4,"[""current_delta_mean"", ""current_slope"", ""vibration_z_last"", ""vibration_delta_mean""]",vibration_delta_mean,2,3,True,True,0.5,0.75,True,1.0,0.0
synthetic,winding_short_001_w420,0,4,winding_short,winding_short,4,"[""current_delta_mean"", ""current_slope"", ""vibration_delta_mean"", ""vibration_z_last""]",vibration_delta_mean,2,3,True,True,0.5,0.75,True,1.0,0.0
synthetic,winding_short_001_w480,0,0,winding_short,winding_short,4,"[""temperature_delta_mean"", ""temperature_slope"", ""current_z_last"", ""vibration_delta_mean""]",vibration_delta_mean,2,3,True,True,0.5,0.75,True,1.0,0.0
synthetic,winding_short_001_w480,0,1,winding_short,winding_short,4,"[""temperature_delta_mean"", ""temperature_slope"", ""current_z_last"", ""vibration_slope""]",vibration_delta_mean,2,3,True,True,0.5,0.75,False,1.0,0.0
synthetic,winding_short_001_w480,0,2,winding_short,winding_short,4,"[""temperature_delta_mean"", ""temperature_slope"", ""current_z_last"", ""vibration_delta_mean""]",vibration_delta_mean,2,3,True,True,0.5,0.75,True,1.0,0.0
synthetic,winding_short_001_w480,0,3,winding_short,winding_short,4,"[""temperature_delta_mean"", ""temperature_slope"", ""current_z_last"", ""vibration_delta_mean""]",vibration_delta_mean,2,3,True,True,0.5,0.75,True,1.0,0.0
synthetic,winding_short_001_w480,0,4,winding_short,winding_short,4,"[""temperature_delta_mean"", ""temperature_slope"", ""current_z_last"", ""vibration_slope""]",vibration_delta_mean,2,3,True,True,0.5,0.75,False,1.0,0.0
synthetic,winding_short_003_w360,0,0,winding_short,winding_short,4,"[""temperature_delta_mean"", ""temperature_slope"", ""vibration_slope"", ""vibration_delta_mean""]",vibration_delta_mean,3,4,True,True,0.75,1.0,True,1.0,0.0
synthetic,winding_short_003_w360,0,1,winding_short,winding_short,4,"[""temperature_delta_mean"", ""temperature_slope"", ""vibration_delta_mean"", ""vibration_slope""]",vibration_delta_mean,3,4,True,True,0.75,1.0,True,1.0,0.0
synthetic,winding_short_003_w360,0,2,winding_short,winding_short,4,"[""temperature_delta_mean"", ""temperature_slope"", ""vibration_z_last"", ""vibration_slope""]",vibration_delta_mean,2,3,True,True,0.5,0.75,False,1.0,0.0
synthetic,winding_short_003_w360,0,3,winding_short,winding_short,4,"[""temperature_delta_mean"", ""temperature_slope"", ""vibration_slope"", ""vibration_delta_mean""]",vibration_delta_mean,3,4,True,True,0.75,1.0,True,1.0,0.0
synthetic,winding_short_003_w360,0,4,winding_short,winding_short,4,"[""temperature_delta_mean"", ""temperature_slope"", ""vibration_slope"", ""vibration_delta_mean""]",vibration_delta_mean,3,4,True,True,0.75,1.0,True,1.0,0.0
synthetic,winding_short_003_w480,0,0,winding_short,winding_short,4,"[""temperature_delta_mean"", ""temperature_slope"", ""current_z_last"", ""vibration_delta_mean""]",vibration_delta_mean,2,3,True,True,0.5,0.75,True,1.0,0.0
synthetic,winding_short_003_w480,0,1,winding_short,winding_short,4,"[""temperature_delta_mean"", ""temperature_slope"", ""current_z_last"", ""vibration_delta_mean""]",vibration_delta_mean,2,3,True,True,0.5,0.75,True,1.0,0.0
synthetic,winding_short_003_w480,0,2,winding_short,winding_short,4,"[""temperature_delta_mean"", ""temperature_slope"", ""current_z_last"", ""vibration_delta_mean""]",vibration_delta_mean,2,3,True,True,0.5,0.75,True,1.0,0.0
synthetic,winding_short_003_w480,0,3,winding_short,winding_short,4,"[""temperature_delta_mean"", ""temperature_slope"", ""current_z_last"", ""vibration_delta_mean""]",vibration_delta_mean,2,3,True,True,0.5,0.75,True,1.0,0.0
synthetic,winding_short_003_w480,0,4,winding_short,winding_short,4,"[""temperature_delta_mean"", ""temperature_slope"", ""current_z_last"", ""vibration_delta_mean""]",vibration_delta_mean,2,3,True,True,0.5,0.75,True,1.0,0.0
synthetic,winding_short_005_w300,0,0,winding_short,winding_short,4,"[""current_delta_mean"", ""current_slope"", ""temperature_delta_mean"", ""temperature_slope""]",vibration_delta_mean,1,3,True,True,0.25,0.75,False,1.0,0.0
synthetic,winding_short_005_w300,0,1,winding_short,winding_short,4,"[""current_delta_mean"", ""temperature_delta_mean"", ""current_slope"", ""temperature_slope""]",vibration_delta_mean,1,3,True,True,0.25,0.75,False,1.0,0.0
synthetic,winding_short_005_w300,0,2,winding_short,winding_short,4,"[""current_delta_mean"", ""current_slope"", ""temperature_delta_mean"", ""temperature_slope""]",vibration_delta_mean,1,3,True,True,0.25,0.75,False,1.0,0.0
synthetic,winding_short_005_w300,0,3,winding_short,winding_short,4,"[""current_delta_mean"", ""current_slope"", ""temperature_delta_mean"", ""temperature_slope""]",vibration_delta_mean,1,3,True,True,0.25,0.75,False,1.0,0.0
synthetic,winding_short_005_w300,0,4,winding_short,winding_short,4,"[""current_delta_mean"", ""current_slope"", ""temperature_delta_mean"", ""temperature_slope""]",vibration_delta_mean,1,3,True,True,0.25,0.75,False,1.0,0.0
synthetic,winding_short_005_w360,0,0,winding_short,winding_short,4,"[""temperature_slope"", ""temperature_delta_mean"", ""current_z_last"", ""temperature_z_last""]",vibration_delta_mean,1,2,True,True,0.25,0.5,False,1.0,0.0
synthetic,winding_short_005_w360,0,1,winding_short,winding_short,4,"[""temperature_delta_mean"", ""temperature_slope"", ""current_z_last"", ""current_delta_mean""]",vibration_delta_mean,1,2,True,True,0.25,0.5,False,1.0,0.0
synthetic,winding_short_005_w360,0,2,winding_short,winding_short,4,"[""temperature_delta_mean"", ""temperature_slope"", ""current_z_last"", ""temperature_z_last""]",vibration_delta_mean,1,2,True,True,0.25,0.5,False,1.0,0.0
synthetic,winding_short_005_w360,0,3,winding_short,winding_short,4,"[""temperature_slope"", ""temperature_delta_mean"", ""current_z_last"", ""temperature_z_last""]",vibration_delta_mean,1,2,True,True,0.25,0.5,False,1.0,0.0
synthetic,winding_short_005_w360,0,4,winding_short,winding_short,4,"[""temperature_delta_mean"", ""temperature_slope"", ""current_z_last"", ""current_delta_mean""]",vibration_delta_mean,1,2,True,True,0.25,0.5,False,1.0,0.0
synthetic,winding_short_005_w420,0,0,winding_short,winding_short,4,"[""current_delta_mean"", ""current_slope"", ""vibration_z_last"", ""vibration_delta_mean""]",vibration_delta_mean,2,3,True,True,0.5,0.75,True,1.0,0.0
synthetic,winding_short_005_w420,0,1,winding_short,winding_short,4,"[""current_delta_mean"", ""current_slope"", ""vibration_z_last"", ""vibration_delta_mean""]",vibration_delta_mean,2,3,True,True,0.5,0.75,True,1.0,0.0
synthetic,winding_short_005_w420,0,2,winding_short,winding_short,4,"[""current_delta_mean"", ""current_slope"", ""vibration_z_last"", ""vibration_delta_mean""]",vibration_delta_mean,2,3,True,True,0.5,0.75,True,1.0,0.0
synthetic,winding_short_005_w420,0,3,winding_short,winding_short,4,"[""current_delta_mean"", ""current_slope"", ""vibration_delta_mean"", ""vibration_z_last""]",vibration_delta_mean,2,3,True,True,0.5,0.75,True,1.0,0.0
synthetic,winding_short_005_w420,0,4,winding_short,winding_short,4,"[""current_delta_mean"", ""current_slope"", ""vibration_z_last"", ""vibration_delta_mean""]",vibration_delta_mean,2,3,True,True,0.5,0.75,True,1.0,0.0
synthetic,winding_short_018_w360,0,0,winding_short,winding_short,4,"[""temperature_slope"", ""temperature_delta_mean"", ""current_z_last"", ""vibration_z_last""]",vibration_delta_mean,1,2,True,True,0.25,0.5,False,1.0,0.0
synthetic,winding_short_018_w360,0,1,winding_short,winding_short,4,"[""temperature_slope"", ""temperature_delta_mean"", ""current_z_last"", ""vibration_z_last""]",vibration_delta_mean,1,2,True,True,0.25,0.5,False,1.0,0.0
synthetic,winding_short_018_w360,0,2,winding_short,winding_short,4,"[""temperature_delta_mean"", ""temperature_slope"", ""current_z_last"", ""vibration_z_last""]",vibration_delta_mean,1,2,True,True,0.25,0.5,False,1.0,0.0
synthetic,winding_short_018_w360,0,3,winding_short,winding_short,4,"[""temperature_delta_mean"", ""temperature_slope"", ""current_z_last"", ""vibration_z_last""]",vibration_delta_mean,1,2,True,True,0.25,0.5,False,1.0,0.0
synthetic,winding_short_018_w360,0,4,winding_short,winding_short,4,"[""temperature_slope"", ""temperature_delta_mean"", ""current_z_last"", ""vibration_z_last""]",vibration_delta_mean,1,2,True,True,0.25,0.5,False,0.75,0.25
synthetic,winding_short_025_w300,0,0,winding_short,winding_short,4,"[""current_delta_mean"", ""current_slope"", ""temperature_delta_mean"", ""temperature_slope""]",vibration_delta_mean,1,3,True,True,0.25,0.75,False,1.0,0.0
synthetic,winding_short_025_w300,0,1,winding_short,winding_short,4,"[""current_delta_mean"", ""current_slope"", ""temperature_delta_mean"", ""temperature_slope""]",vibration_delta_mean,1,3,True,True,0.25,0.75,False,1.0,0.0
synthetic,winding_short_025_w300,0,2,winding_short,winding_short,4,"[""current_delta_mean"", ""temperature_slope"", ""current_slope"", ""vibration_delta_mean""]",vibration_delta_mean,2,3,True,True,0.5,0.75,True,1.0,0.0
synthetic,winding_short_025_w300,0,3,winding_short,winding_short,4,"[""current_delta_mean"", ""current_slope"", ""temperature_delta_mean"", ""temperature_slope""]",vibration_delta_mean,1,3,True,True,0.25,0.75,False,1.0,0.0
synthetic,winding_short_025_w300,0,4,winding_short,winding_short,4,"[""current_delta_mean"", ""current_slope"", ""temperature_delta_mean"", ""temperature_slope""]",vibration_delta_mean,1,3,True,True,0.25,0.75,False,1.0,0.0
synthetic,winding_short_025_w420,0,0,winding_short,winding_short,4,"[""current_delta_mean"", ""current_slope"", ""vibration_z_last"", ""vibration_slope""]",vibration_delta_mean,2,3,True,True,0.5,0.75,False,1.0,0.0
synthetic,winding_short_025_w420,0,1,winding_short,winding_short,4,"[""current_delta_mean"", ""current_slope"", ""vibration_z_last"", ""vibration_slope""]",vibration_delta_mean,2,3,True,True,0.5,0.75,False,1.0,0.0
synthetic,winding_short_025_w420,0,2,winding_short,winding_short,4,"[""current_delta_mean"", ""current_slope"", ""vibration_z_last"", ""vibration_slope""]",vibration_delta_mean,2,3,True,True,0.5,0.75,False,1.0,0.0
synthetic,winding_short_025_w420,0,3,winding_short,winding_short,4,"[""current_delta_mean"", ""current_slope"", ""vibration_z_last"", ""vibration_slope""]",vibration_delta_mean,2,3,True,True,0.5,0.75,False,1.0,0.0
synthetic,winding_short_025_w420,0,4,winding_short,winding_short,4,"[""current_delta_mean"", ""current_slope"", ""vibration_z_last"", ""vibration_slope""]",vibration_delta_mean,2,3,True,True,0.5,0.75,False,1.0,0.0
synthetic,winding_short_031_w300,0,0,winding_short,winding_short,3,"[""current_delta_mean"", ""temperature_delta_mean"", ""vibration_z_last""]",vibration_delta_mean,0,1,False,True,0.0,0.3333333333333333,False,1.0,0.0
synthetic,winding_short_031_w300,0,1,winding_short,winding_short,4,"[""current_delta_mean"", ""current_slope"", ""temperature_delta_mean"", ""vibration_z_last""]",vibration_delta_mean,0,2,False,True,0.0,0.5,False,1.0,0.0
synthetic,winding_short_031_w300,0,2,winding_short,winding_short,3,"[""current_delta_mean"", ""temperature_delta_mean"", ""vibration_z_last""]",vibration_delta_mean,0,1,False,True,0.0,0.3333333333333333,False,1.0,0.0
synthetic,winding_short_031_w300,0,3,winding_short,winding_short,4,"[""current_delta_mean"", ""temperature_delta_mean"", ""temperature_slope"", ""vibration_z_last""]",vibration_delta_mean,1,2,True,True,0.25,0.5,False,1.0,0.0
synthetic,winding_short_031_w300,0,4,winding_short,winding_short,4,"[""current_delta_mean"", ""temperature_delta_mean"", ""vibration_z_last"", ""current_slope""]",vibration_delta_mean,0,2,False,True,0.0,0.5,False,1.0,0.0
synthetic,winding_short_031_w420,0,0,winding_short,winding_short,4,"[""current_delta_mean"", ""current_slope"", ""vibration_delta_mean"", ""vibration_slope""]",vibration_delta_mean,3,4,True,True,0.75,1.0,True,1.0,0.0
synthetic,winding_short_031_w420,0,1,winding_short,winding_short,4,"[""current_delta_mean"", ""current_slope"", ""vibration_delta_mean"", ""vibration_slope""]",vibration_delta_mean,3,4,True,True,0.75,1.0,True,1.0,0.0
synthetic,winding_short_031_w420,0,2,winding_short,winding_short,4,"[""current_delta_mean"", ""current_slope"", ""vibration_z_last"", ""vibration_delta_mean""]",vibration_delta_mean,2,3,True,True,0.5,0.75,True,1.0,0.0
synthetic,winding_short_031_w420,0,3,winding_short,winding_short,4,"[""current_delta_mean"", ""current_slope"", ""vibration_z_last"", ""vibration_delta_mean""]",vibration_delta_mean,2,3,True,True,0.5,0.75,True,1.0,0.0
synthetic,winding_short_031_w420,0,4,winding_short,winding_short,4,"[""current_delta_mean"", ""current_slope"", ""vibration_delta_mean"", ""vibration_slope""]",vibration_delta_mean,3,4,True,True,0.75,1.0,True,1.0,0.0
synthetic,winding_short_031_w480,0,0,winding_short,winding_short,4,"[""current_z_last"", ""temperature_slope"", ""temperature_delta_mean"", ""vibration_z_last""]",vibration_delta_mean,1,2,True,True,0.25,0.5,False,1.0,0.0
synthetic,winding_short_031_w480,0,1,winding_short,winding_short,4,"[""current_z_last"", ""temperature_slope"", ""temperature_delta_mean"", ""vibration_z_last""]",vibration_delta_mean,1,2,True,True,0.25,0.5,False,1.0,0.0
synthetic,winding_short_031_w480,0,2,winding_short,winding_short,4,"[""current_z_last"", ""temperature_slope"", ""temperature_delta_mean"", ""vibration_z_last""]",vibration_delta_mean,1,2,True,True,0.25,0.5,False,1.0,0.0
synthetic,winding_short_031_w480,0,3,winding_short,winding_short,4,"[""current_z_last"", ""temperature_delta_mean"", ""temperature_slope"", ""vibration_z_last""]",vibration_delta_mean,1,2,True,True,0.25,0.5,False,1.0,0.0
synthetic,winding_short_031_w480,0,4,winding_short,winding_short,4,"[""current_z_last"", ""temperature_delta_mean"", ""temperature_slope"", ""vibration_z_last""]",vibration_delta_mean,1,2,True,True,0.25,0.5,False,1.0,0.0
synthetic,winding_short_032_w420,0,0,winding_short,winding_short,4,"[""current_delta_mean"", ""current_slope"", ""vibration_z_last"", ""vibration_slope""]",vibration_delta_mean,2,3,True,True,0.5,0.75,False,1.0,0.0
synthetic,winding_short_032_w420,0,1,winding_short,winding_short,4,"[""current_delta_mean"", ""current_slope"", ""vibration_z_last"", ""vibration_slope""]",vibration_delta_mean,2,3,True,True,0.5,0.75,False,1.0,0.0
synthetic,winding_short_032_w420,0,2,winding_short,winding_short,4,"[""current_delta_mean"", ""current_slope"", ""vibration_z_last"", ""vibration_slope""]",vibration_delta_mean,2,3,True,True,0.5,0.75,False,1.0,0.0
synthetic,winding_short_032_w420,0,3,winding_short,winding_short,4,"[""current_delta_mean"", ""current_slope"", ""vibration_z_last"", ""vibration_slope""]",vibration_delta_mean,2,3,True,True,0.5,0.75,False,1.0,0.0
synthetic,winding_short_032_w420,0,4,winding_short,winding_short,4,"[""current_delta_mean"", ""current_slope"", ""vibration_z_last"", ""vibration_slope""]",vibration_delta_mean,2,3,True,True,0.5,0.75,False,1.0,0.0
synthetic,winding_short_036_w360,0,0,winding_short,winding_short,4,"[""temperature_delta_mean"", ""temperature_slope"", ""current_z_last"", ""vibration_slope""]",vibration_delta_mean,2,3,True,True,0.5,0.75,False,1.0,0.0
synthetic,winding_short_036_w360,0,1,winding_short,winding_short,4,"[""temperature_delta_mean"", ""temperature_slope"", ""current_z_last"", ""vibration_slope""]",vibration_delta_mean,2,3,True,True,0.5,0.75,False,1.0,0.0
synthetic,winding_short_036_w360,0,2,winding_short,winding_short,4,"[""temperature_delta_mean"", ""temperature_slope"", ""current_z_last"", ""vibration_slope""]",vibration_delta_mean,2,3,True,True,0.5,0.75,False,1.0,0.0
synthetic,winding_short_036_w360,0,3,winding_short,winding_short,4,"[""temperature_delta_mean"", ""temperature_slope"", ""current_z_last"", ""vibration_slope""]",vibration_delta_mean,2,3,True,True,0.5,0.75,False,1.0,0.0
synthetic,winding_short_036_w360,0,4,winding_short,winding_short,4,"[""temperature_delta_mean"", ""temperature_slope"", ""current_z_last"", ""vibration_slope""]",vibration_delta_mean,2,3,True,True,0.5,0.75,False,1.0,0.0
synthetic,winding_short_036_w480,0,0,winding_short,winding_short,4,"[""current_z_last"", ""temperature_delta_mean"", ""temperature_slope"", ""vibration_delta_mean""]",vibration_delta_mean,2,3,True,True,0.5,0.75,True,1.0,0.0
synthetic,winding_short_036_w480,0,1,winding_short,winding_short,4,"[""current_z_last"", ""temperature_delta_mean"", ""temperature_slope"", ""vibration_delta_mean""]",vibration_delta_mean,2,3,True,True,0.5,0.75,True,1.0,0.0
synthetic,winding_short_036_w480,0,2,winding_short,winding_short,4,"[""current_z_last"", ""temperature_delta_mean"", ""temperature_slope"", ""vibration_delta_mean""]",vibration_delta_mean,2,3,True,True,0.5,0.75,True,1.0,0.0
synthetic,winding_short_036_w480,0,3,winding_short,winding_short,4,"[""current_z_last"", ""temperature_delta_mean"", ""temperature_slope"", ""vibration_delta_mean""]",vibration_delta_mean,2,3,True,True,0.5,0.75,True,1.0,0.0
synthetic,winding_short_036_w480,0,4,winding_short,winding_short,4,"[""current_z_last"", ""temperature_delta_mean"", ""temperature_slope"", ""vibration_delta_mean""]",vibration_delta_mean,2,3,True,True,0.5,0.75,True,1.0,0.0
synthetic,winding_short_041_w420,0,0,winding_short,winding_short,4,"[""current_delta_mean"", ""current_slope"", ""vibration_z_last"", ""vibration_slope""]",vibration_delta_mean,2,3,True,True,0.5,0.75,False,1.0,0.0
synthetic,winding_short_041_w420,0,1,winding_short,winding_short,4,"[""current_delta_mean"", ""current_slope"", ""vibration_z_last"", ""vibration_slope""]",vibration_delta_mean,2,3,True,True,0.5,0.75,False,1.0,0.0
synthetic,winding_short_041_w420,0,2,winding_short,winding_short,4,"[""current_delta_mean"", ""current_slope"", ""vibration_z_last"", ""vibration_slope""]",vibration_delta_mean,2,3,True,True,0.5,0.75,False,1.0,0.0
synthetic,winding_short_041_w420,0,3,winding_short,winding_short,4,"[""current_delta_mean"", ""current_slope"", ""vibration_z_last"", ""vibration_slope""]",vibration_delta_mean,2,3,True,True,0.5,0.75,False,1.0,0.0
synthetic,winding_short_041_w420,0,4,winding_short,winding_short,4,"[""current_delta_mean"", ""current_slope"", ""vibration_z_last"", ""vibration_slope""]",vibration_delta_mean,2,3,True,True,0.5,0.75,False,1.0,0.0
synthetic,winding_short_043_w360,0,0,winding_short,winding_short,4,"[""temperature_delta_mean"", ""temperature_slope"", ""current_z_last"", ""vibration_delta_mean""]",vibration_delta_mean,2,3,True,True,0.5,0.75,True,1.0,0.0
synthetic,winding_short_043_w360,0,1,winding_short,winding_short,4,"[""temperature_delta_mean"", ""temperature_slope"", ""current_z_last"", ""vibration_delta_mean""]",vibration_delta_mean,2,3,True,True,0.5,0.75,True,1.0,0.0
synthetic,winding_short_043_w360,0,2,winding_short,winding_short,4,"[""temperature_delta_mean"", ""temperature_slope"", ""current_z_last"", ""vibration_delta_mean""]",vibration_delta_mean,2,3,True,True,0.5,0.75,True,1.0,0.0
synthetic,winding_short_043_w360,0,3,winding_short,winding_short,4,"[""temperature_delta_mean"", ""temperature_slope"", ""current_z_last"", ""vibration_delta_mean""]",vibration_delta_mean,2,3,True,True,0.5,0.75,True,1.0,0.0
synthetic,winding_short_043_w360,0,4,winding_short,winding_short,4,"[""temperature_delta_mean"", ""temperature_slope"", ""current_z_last"", ""vibration_delta_mean""]",vibration_delta_mean,2,3,True,True,0.5,0.75,True,1.0,0.0
synthetic,winding_short_043_w420,0,0,winding_short,winding_short,4,"[""current_delta_mean"", ""current_slope"", ""vibration_delta_mean"", ""vibration_slope""]",vibration_delta_mean,3,4,True,True,0.75,1.0,True,1.0,0.0
synthetic,winding_short_043_w420,0,1,winding_short,winding_short,4,"[""current_delta_mean"", ""current_slope"", ""vibration_delta_mean"", ""vibration_slope""]",vibration_delta_mean,3,4,True,True,0.75,1.0,True,1.0,0.0
synthetic,winding_short_043_w420,0,2,winding_short,winding_short,4,"[""current_delta_mean"", ""current_slope"", ""vibration_delta_mean"", ""vibration_slope""]",vibration_delta_mean,3,4,True,True,0.75,1.0,True,1.0,0.0
synthetic,winding_short_043_w420,0,3,winding_short,winding_short,4,"[""current_delta_mean"", ""current_slope"", ""vibration_delta_mean"", ""vibration_slope""]",vibration_delta_mean,3,4,True,True,0.75,1.0,True,1.0,0.0
synthetic,winding_short_043_w420,0,4,winding_short,winding_short,4,"[""current_delta_mean"", ""current_slope"", ""vibration_delta_mean"", ""vibration_slope""]",vibration_delta_mean,3,4,True,True,0.75,1.0,True,1.0,0.0
synthetic,bearing_friction_002_w480,0,0,bearing_friction,bearing_friction,4,"[""vibration_delta_mean"", ""vibration_slope"", ""current_delta_mean"", ""current_slope""]",vibration_slope,3,4,True,True,0.75,1.0,True,1.0,0.0
synthetic,bearing_friction_002_w480,0,1,bearing_friction,bearing_friction,4,"[""vibration_delta_mean"", ""vibration_slope"", ""current_delta_mean"", ""current_slope""]",vibration_slope,3,4,True,True,0.75,1.0,True,1.0,0.0
synthetic,bearing_friction_002_w480,0,2,bearing_friction,bearing_friction,4,"[""vibration_delta_mean"", ""vibration_slope"", ""current_delta_mean"", ""current_slope""]",vibration_slope,3,4,True,True,0.75,1.0,True,1.0,0.0
synthetic,bearing_friction_002_w480,0,3,bearing_friction,bearing_friction,4,"[""vibration_delta_mean"", ""vibration_slope"", ""current_delta_mean"", ""current_slope""]",vibration_slope,3,4,True,True,0.75,1.0,True,1.0,0.0
synthetic,bearing_friction_002_w480,0,4,bearing_friction,bearing_friction,4,"[""vibration_delta_mean"", ""vibration_slope"", ""current_delta_mean"", ""current_slope""]",vibration_slope,3,4,True,True,0.75,1.0,True,1.0,0.0
synthetic,bearing_friction_007_w300,0,0,bearing_friction,bearing_friction,4,"[""vibration_delta_mean"", ""vibration_z_last"", ""vibration_slope"", ""temperature_slope""]",vibration_slope,3,4,True,True,0.75,1.0,True,1.0,0.0
synthetic,bearing_friction_007_w300,0,1,bearing_friction,bearing_friction,4,"[""vibration_delta_mean"", ""vibration_slope"", ""vibration_z_last"", ""temperature_slope""]",vibration_slope,3,4,True,True,0.75,1.0,True,1.0,0.0
synthetic,bearing_friction_007_w300,0,2,bearing_friction,bearing_friction,4,"[""vibration_delta_mean"", ""vibration_slope"", ""vibration_z_last"", ""temperature_slope""]",vibration_slope,3,4,True,True,0.75,1.0,True,1.0,0.0
synthetic,bearing_friction_007_w300,0,3,bearing_friction,bearing_friction,4,"[""vibration_delta_mean"", ""vibration_slope"", ""temperature_slope"", ""temperature_delta_mean""]",vibration_slope,2,4,True,True,0.5,1.0,True,1.0,0.0
synthetic,bearing_friction_007_w300,0,4,bearing_friction,bearing_friction,4,"[""vibration_delta_mean"", ""vibration_slope"", ""vibration_z_last"", ""temperature_slope""]",vibration_slope,3,4,True,True,0.75,1.0,True,1.0,0.0
synthetic,bearing_friction_007_w360,0,0,bearing_friction,bearing_friction,4,"[""vibration_delta_mean"", ""vibration_z_last"", ""vibration_slope"", ""current_delta_mean""]",vibration_slope,3,3,True,True,0.75,0.75,True,1.0,0.0
synthetic,bearing_friction_007_w360,0,1,bearing_friction,bearing_friction,3,"[""vibration_delta_mean"", ""vibration_slope"", ""current_delta_mean""]",vibration_slope,2,2,True,True,0.6666666666666666,0.6666666666666666,True,1.0,0.0
synthetic,bearing_friction_007_w360,0,2,bearing_friction,bearing_friction,4,"[""vibration_delta_mean"", ""vibration_z_last"", ""vibration_slope"", ""current_delta_mean""]",vibration_slope,3,3,True,True,0.75,0.75,True,1.0,0.0
synthetic,bearing_friction_007_w360,0,3,bearing_friction,bearing_friction,4,"[""vibration_delta_mean"", ""vibration_z_last"", ""vibration_slope"", ""current_delta_mean""]",vibration_slope,3,3,True,True,0.75,0.75,True,1.0,0.0
synthetic,bearing_friction_007_w360,0,4,bearing_friction,bearing_friction,4,"[""vibration_delta_mean"", ""vibration_z_last"", ""vibration_slope"", ""current_delta_mean""]",vibration_slope,3,3,True,True,0.75,0.75,True,1.0,0.0
synthetic,bearing_friction_007_w420,0,0,bearing_friction,bearing_friction,4,"[""vibration_delta_mean"", ""vibration_slope"", ""temperature_delta_mean"", ""temperature_slope""]",vibration_delta_mean,2,2,True,True,0.5,0.5,True,1.0,0.0
synthetic,bearing_friction_007_w420,0,1,bearing_friction,bearing_friction,4,"[""vibration_delta_mean"", ""vibration_slope"", ""temperature_delta_mean"", ""temperature_slope""]",vibration_delta_mean,2,2,True,True,0.5,0.5,True,1.0,0.0
synthetic,bearing_friction_007_w420,0,2,bearing_friction,bearing_friction,4,"[""vibration_delta_mean"", ""vibration_slope"", ""temperature_delta_mean"", ""temperature_slope""]",vibration_delta_mean,2,2,True,True,0.5,0.5,True,1.0,0.0
synthetic,bearing_friction_007_w420,0,3,bearing_friction,bearing_friction,3,"[""vibration_delta_mean"", ""vibration_slope"", ""temperature_delta_mean""]",vibration_delta_mean,2,2,True,True,0.6666666666666666,0.6666666666666666,True,1.0,0.0
synthetic,bearing_friction_007_w420,0,4,bearing_friction,bearing_friction,4,"[""vibration_delta_mean"", ""vibration_slope"", ""temperature_delta_mean"", ""temperature_slope""]",vibration_delta_mean,2,2,True,True,0.5,0.5,True,1.0,0.0
synthetic,bearing_friction_010_w300,0,0,bearing_friction,bearing_friction,4,"[""vibration_delta_mean"", ""vibration_slope"", ""vibration_z_last"", ""temperature_slope""]",vibration_delta_mean,3,4,True,True,0.75,1.0,True,1.0,0.0
synthetic,bearing_friction_010_w300,0,1,bearing_friction,bearing_friction,4,"[""vibration_delta_mean"", ""vibration_slope"", ""temperature_delta_mean"", ""current_z_last""]",vibration_delta_mean,2,3,True,True,0.5,0.75,True,1.0,0.0
synthetic,bearing_friction_010_w300,0,2,bearing_friction,bearing_friction,4,"[""vibration_delta_mean"", ""vibration_slope"", ""vibration_z_last"", ""temperature_slope""]",vibration_delta_mean,3,4,True,True,0.75,1.0,True,1.0,0.0
synthetic,bearing_friction_010_w300,0,3,bearing_friction,bearing_friction,4,"[""vibration_delta_mean"", ""vibration_slope"", ""vibration_z_last"", ""temperature_slope""]",vibration_delta_mean,3,4,True,True,0.75,1.0,True,1.0,0.0
synthetic,bearing_friction_010_w300,0,4,bearing_friction,bearing_friction,4,"[""vibration_delta_mean"", ""vibration_slope"", ""vibration_z_last"", ""temperature_delta_mean""]",vibration_delta_mean,3,4,True,True,0.75,1.0,True,1.0,0.0
synthetic,bearing_friction_018_w300,0,0,bearing_friction,bearing_friction,4,"[""vibration_delta_mean"", ""vibration_slope"", ""temperature_slope"", ""temperature_delta_mean""]",vibration_slope,2,4,True,True,0.5,1.0,True,1.0,0.0
synthetic,bearing_friction_018_w300,0,1,bearing_friction,bearing_friction,4,"[""vibration_delta_mean"", ""vibration_slope"", ""temperature_slope"", ""temperature_delta_mean""]",vibration_slope,2,4,True,True,0.5,1.0,True,1.0,0.0
synthetic,bearing_friction_018_w300,0,2,bearing_friction,bearing_friction,4,"[""vibration_delta_mean"", ""vibration_slope"", ""temperature_slope"", ""temperature_delta_mean""]",vibration_slope,2,4,True,True,0.5,1.0,True,1.0,0.0
synthetic,bearing_friction_018_w300,0,3,bearing_friction,bearing_friction,4,"[""vibration_delta_mean"", ""vibration_slope"", ""temperature_delta_mean"", ""vibration_z_last""]",vibration_slope,3,4,True,True,0.75,1.0,True,1.0,0.0
synthetic,bearing_friction_018_w300,0,4,bearing_friction,bearing_friction,3,"[""vibration_delta_mean"", ""vibration_slope"", ""temperature_delta_mean""]",vibration_slope,2,3,True,True,0.6666666666666666,1.0,True,1.0,0.0
synthetic,bearing_friction_018_w360,0,0,bearing_friction,bearing_friction,4,"[""vibration_delta_mean"", ""vibration_slope"", ""current_delta_mean"", ""current_slope""]",vibration_slope,2,2,True,True,0.5,0.5,True,1.0,0.0
synthetic,bearing_friction_018_w360,0,1,bearing_friction,bearing_friction,4,"[""vibration_delta_mean"", ""vibration_slope"", ""current_delta_mean"", ""current_slope""]",vibration_slope,2,2,True,True,0.5,0.5,True,1.0,0.0
synthetic,bearing_friction_018_w360,0,2,bearing_friction,bearing_friction,4,"[""vibration_delta_mean"", ""vibration_slope"", ""current_delta_mean"", ""current_slope""]",vibration_slope,2,2,True,True,0.5,0.5,True,1.0,0.0
synthetic,bearing_friction_018_w360,0,3,bearing_friction,bearing_friction,4,"[""vibration_delta_mean"", ""vibration_slope"", ""current_delta_mean"", ""current_slope""]",vibration_slope,2,2,True,True,0.5,0.5,True,1.0,0.0
synthetic,bearing_friction_018_w360,0,4,bearing_friction,bearing_friction,4,"[""vibration_delta_mean"", ""vibration_slope"", ""current_delta_mean"", ""current_slope""]",vibration_slope,2,2,True,True,0.5,0.5,True,1.0,0.0
synthetic,bearing_friction_020_w360,0,0,bearing_friction,bearing_friction,4,"[""vibration_delta_mean"", ""vibration_z_last"", ""vibration_slope"", ""current_delta_mean""]",vibration_slope,3,3,True,True,0.75,0.75,True,1.0,0.0
synthetic,bearing_friction_020_w360,0,1,bearing_friction,bearing_friction,4,"[""vibration_delta_mean"", ""vibration_z_last"", ""vibration_slope"", ""current_delta_mean""]",vibration_slope,3,3,True,True,0.75,0.75,True,1.0,0.0
synthetic,bearing_friction_020_w360,0,2,bearing_friction,bearing_friction,3,"[""vibration_delta_mean"", ""vibration_slope"", ""current_delta_mean""]",vibration_slope,2,2,True,True,0.6666666666666666,0.6666666666666666,True,1.0,0.0
synthetic,bearing_friction_020_w360,0,3,bearing_friction,bearing_friction,4,"[""vibration_delta_mean"", ""vibration_slope"", ""vibration_z_last"", ""current_delta_mean""]",vibration_slope,3,3,True,True,0.75,0.75,True,1.0,0.0
synthetic,bearing_friction_020_w360,0,4,bearing_friction,bearing_friction,3,"[""vibration_delta_mean"", ""vibration_slope"", ""current_delta_mean""]",vibration_slope,2,2,True,True,0.6666666666666666,0.6666666666666666,True,1.0,0.0
synthetic,bearing_friction_020_w480,0,0,bearing_friction,bearing_friction,4,"[""vibration_delta_mean"", ""vibration_slope"", ""current_delta_mean"", ""current_slope""]",vibration_delta_mean,2,4,True,True,0.5,1.0,True,1.0,0.0
synthetic,bearing_friction_020_w480,0,1,bearing_friction,bearing_friction,4,"[""vibration_delta_mean"", ""vibration_slope"", ""current_delta_mean"", ""temperature_z_last""]",vibration_delta_mean,2,3,True,True,0.5,0.75,True,1.0,0.0
synthetic,bearing_friction_020_w480,0,2,bearing_friction,bearing_friction,4,"[""vibration_delta_mean"", ""vibration_slope"", ""current_delta_mean"", ""temperature_z_last""]",vibration_delta_mean,2,3,True,True,0.5,0.75,True,1.0,0.0
synthetic,bearing_friction_020_w480,0,3,bearing_friction,bearing_friction,4,"[""vibration_delta_mean"", ""vibration_slope"", ""current_delta_mean"", ""temperature_z_last""]",vibration_delta_mean,2,3,True,True,0.5,0.75,True,1.0,0.0
synthetic,bearing_friction_020_w480,0,4,bearing_friction,bearing_friction,4,"[""vibration_delta_mean"", ""vibration_slope"", ""current_delta_mean"", ""current_slope""]",vibration_delta_mean,2,4,True,True,0.5,1.0,True,1.0,0.0
synthetic,bearing_friction_022_w300,0,0,bearing_friction,bearing_friction,4,"[""vibration_delta_mean"", ""vibration_z_last"", ""vibration_slope"", ""temperature_slope""]",vibration_delta_mean,3,4,True,True,0.75,1.0,True,1.0,0.0
synthetic,bearing_friction_022_w300,0,1,bearing_friction,bearing_friction,4,"[""vibration_delta_mean"", ""vibration_slope"", ""vibration_z_last"", ""temperature_slope""]",vibration_delta_mean,3,4,True,True,0.75,1.0,True,1.0,0.0
synthetic,bearing_friction_022_w300,0,2,bearing_friction,bearing_friction,4,"[""vibration_delta_mean"", ""vibration_slope"", ""temperature_slope"", ""current_delta_mean""]",vibration_delta_mean,2,3,True,True,0.5,0.75,True,1.0,0.0
synthetic,bearing_friction_022_w300,0,3,bearing_friction,bearing_friction,4,"[""vibration_delta_mean"", ""vibration_slope"", ""temperature_slope"", ""current_delta_mean""]",vibration_delta_mean,2,3,True,True,0.5,0.75,True,1.0,0.0
synthetic,bearing_friction_022_w300,0,4,bearing_friction,bearing_friction,4,"[""vibration_delta_mean"", ""vibration_z_last"", ""vibration_slope"", ""temperature_slope""]",vibration_delta_mean,3,4,True,True,0.75,1.0,True,1.0,0.0
synthetic,bearing_friction_022_w420,0,0,bearing_friction,bearing_friction,4,"[""vibration_delta_mean"", ""vibration_slope"", ""temperature_delta_mean"", ""temperature_slope""]",vibration_delta_mean,2,2,True,True,0.5,0.5,True,1.0,0.0
synthetic,bearing_friction_022_w420,0,1,bearing_friction,bearing_friction,4,"[""vibration_delta_mean"", ""vibration_slope"", ""temperature_delta_mean"", ""temperature_slope""]",vibration_delta_mean,2,2,True,True,0.5,0.5,True,1.0,0.0
synthetic,bearing_friction_022_w420,0,2,bearing_friction,bearing_friction,4,"[""vibration_delta_mean"", ""vibration_slope"", ""temperature_delta_mean"", ""temperature_slope""]",vibration_delta_mean,2,2,True,True,0.5,0.5,True,1.0,0.0
synthetic,bearing_friction_022_w420,0,3,bearing_friction,bearing_friction,4,"[""vibration_delta_mean"", ""vibration_slope"", ""temperature_delta_mean"", ""temperature_slope""]",vibration_delta_mean,2,2,True,True,0.5,0.5,True,1.0,0.0
synthetic,bearing_friction_022_w420,0,4,bearing_friction,bearing_friction,4,"[""vibration_delta_mean"", ""vibration_slope"", ""temperature_delta_mean"", ""temperature_slope""]",vibration_delta_mean,2,2,True,True,0.5,0.5,True,1.0,0.0
synthetic,bearing_friction_035_w300,0,0,bearing_friction,bearing_friction,4,"[""vibration_delta_mean"", ""vibration_slope"", ""vibration_z_last"", ""temperature_delta_mean""]",vibration_slope,3,4,True,True,0.75,1.0,True,1.0,0.0
synthetic,bearing_friction_035_w300,0,1,bearing_friction,bearing_friction,4,"[""vibration_delta_mean"", ""vibration_slope"", ""vibration_z_last"", ""temperature_delta_mean""]",vibration_slope,3,4,True,True,0.75,1.0,True,1.0,0.0
synthetic,bearing_friction_035_w300,0,2,bearing_friction,bearing_friction,4,"[""vibration_delta_mean"", ""vibration_slope"", ""temperature_delta_mean"", ""vibration_z_last""]",vibration_slope,3,4,True,True,0.75,1.0,True,1.0,0.0
synthetic,bearing_friction_035_w300,0,3,bearing_friction,bearing_friction,4,"[""vibration_delta_mean"", ""vibration_slope"", ""vibration_z_last"", ""temperature_delta_mean""]",vibration_slope,3,4,True,True,0.75,1.0,True,1.0,0.0
synthetic,bearing_friction_035_w300,0,4,bearing_friction,bearing_friction,4,"[""vibration_delta_mean"", ""vibration_slope"", ""temperature_delta_mean"", ""temperature_slope""]",vibration_slope,2,4,True,True,0.5,1.0,True,1.0,0.0
synthetic,bearing_friction_035_w360,0,0,bearing_friction,bearing_friction,4,"[""vibration_delta_mean"", ""vibration_slope"", ""current_delta_mean"", ""temperature_delta_mean""]",vibration_delta_mean,2,3,True,True,0.5,0.75,True,1.0,0.0
synthetic,bearing_friction_035_w360,0,1,bearing_friction,bearing_friction,4,"[""vibration_delta_mean"", ""vibration_slope"", ""current_delta_mean"", ""temperature_delta_mean""]",vibration_delta_mean,2,3,True,True,0.5,0.75,True,1.0,0.0
synthetic,bearing_friction_035_w360,0,2,bearing_friction,bearing_friction,4,"[""vibration_delta_mean"", ""vibration_slope"", ""current_delta_mean"", ""temperature_delta_mean""]",vibration_delta_mean,2,3,True,True,0.5,0.75,True,1.0,0.0
synthetic,bearing_friction_035_w360,0,3,bearing_friction,bearing_friction,4,"[""vibration_delta_mean"", ""vibration_z_last"", ""vibration_slope"", ""current_delta_mean""]",vibration_delta_mean,3,3,True,True,0.75,0.75,True,1.0,0.0
synthetic,bearing_friction_035_w360,0,4,bearing_friction,bearing_friction,4,"[""vibration_delta_mean"", ""vibration_slope"", ""current_delta_mean"", ""temperature_slope""]",vibration_delta_mean,2,3,True,True,0.5,0.75,True,1.0,0.0
synthetic,bearing_friction_035_w420,0,0,bearing_friction,bearing_friction,4,"[""vibration_delta_mean"", ""vibration_slope"", ""temperature_delta_mean"", ""current_z_last""]",vibration_delta_mean,2,3,True,True,0.5,0.75,True,1.0,0.0
synthetic,bearing_friction_035_w420,0,1,bearing_friction,bearing_friction,4,"[""vibration_delta_mean"", ""vibration_z_last"", ""vibration_slope"", ""temperature_delta_mean""]",vibration_delta_mean,3,3,True,True,0.75,0.75,True,1.0,0.0
synthetic,bearing_friction_035_w420,0,2,bearing_friction,bearing_friction,4,"[""vibration_delta_mean"", ""vibration_slope"", ""temperature_delta_mean"", ""temperature_slope""]",vibration_delta_mean,2,2,True,True,0.5,0.5,True,1.0,0.0
synthetic,bearing_friction_035_w420,0,3,bearing_friction,bearing_friction,4,"[""vibration_delta_mean"", ""vibration_slope"", ""temperature_delta_mean"", ""temperature_slope""]",vibration_delta_mean,2,2,True,True,0.5,0.5,True,1.0,0.0
synthetic,bearing_friction_035_w420,0,4,bearing_friction,bearing_friction,4,"[""vibration_delta_mean"", ""vibration_z_last"", ""vibration_slope"", ""temperature_delta_mean""]",vibration_delta_mean,3,3,True,True,0.75,0.75,True,1.0,0.0
synthetic,bearing_friction_038_w360,0,0,bearing_friction,bearing_friction,3,"[""vibration_delta_mean"", ""vibration_slope"", ""current_delta_mean""]",vibration_delta_mean,2,2,True,True,0.6666666666666666,0.6666666666666666,True,1.0,0.0
synthetic,bearing_friction_038_w360,0,1,bearing_friction,bearing_friction,4,"[""vibration_delta_mean"", ""vibration_slope"", ""vibration_z_last"", ""current_delta_mean""]",vibration_delta_mean,3,3,True,True,0.75,0.75,True,1.0,0.0
synthetic,bearing_friction_038_w360,0,2,bearing_friction,bearing_friction,3,"[""vibration_delta_mean"", ""vibration_slope"", ""current_delta_mean""]",vibration_delta_mean,2,2,True,True,0.6666666666666666,0.6666666666666666,True,1.0,0.0
synthetic,bearing_friction_038_w360,0,3,bearing_friction,bearing_friction,4,"[""vibration_delta_mean"", ""vibration_slope"", ""current_delta_mean"", ""temperature_delta_mean""]",vibration_delta_mean,2,3,True,True,0.5,0.75,True,1.0,0.0
synthetic,bearing_friction_038_w360,0,4,bearing_friction,bearing_friction,3,"[""vibration_delta_mean"", ""vibration_slope"", ""current_delta_mean""]",vibration_delta_mean,2,2,True,True,0.6666666666666666,0.6666666666666666,True,1.0,0.0
synthetic,bearing_friction_042_w300,0,0,bearing_friction,bearing_friction,4,"[""vibration_delta_mean"", ""vibration_slope"", ""temperature_delta_mean"", ""vibration_z_last""]",vibration_slope,3,4,True,True,0.75,1.0,True,1.0,0.0
synthetic,bearing_friction_042_w300,0,1,bearing_friction,bearing_friction,4,"[""vibration_delta_mean"", ""vibration_slope"", ""vibration_z_last"", ""temperature_delta_mean""]",vibration_slope,3,4,True,True,0.75,1.0,True,1.0,0.0
synthetic,bearing_friction_042_w300,0,2,bearing_friction,bearing_friction,4,"[""vibration_delta_mean"", ""vibration_slope"", ""vibration_z_last"", ""temperature_delta_mean""]",vibration_slope,3,4,True,True,0.75,1.0,True,1.0,0.0
synthetic,bearing_friction_042_w300,0,3,bearing_friction,bearing_friction,4,"[""vibration_delta_mean"", ""vibration_slope"", ""vibration_z_last"", ""temperature_delta_mean""]",vibration_slope,3,4,True,True,0.75,1.0,True,1.0,0.0
synthetic,bearing_friction_042_w300,0,4,bearing_friction,bearing_friction,4,"[""vibration_delta_mean"", ""vibration_slope"", ""vibration_z_last"", ""temperature_delta_mean""]",vibration_slope,3,4,True,True,0.75,1.0,True,1.0,0.0
synthetic,bearing_friction_042_w360,0,0,bearing_friction,bearing_friction,4,"[""vibration_delta_mean"", ""vibration_z_last"", ""vibration_slope"", ""current_delta_mean""]",vibration_delta_mean,3,3,True,True,0.75,0.75,True,1.0,0.0
synthetic,bearing_friction_042_w360,0,1,bearing_friction,bearing_friction,3,"[""vibration_delta_mean"", ""vibration_z_last"", ""current_delta_mean""]",vibration_delta_mean,2,2,True,True,0.6666666666666666,0.6666666666666666,True,1.0,0.0
synthetic,bearing_friction_042_w360,0,2,bearing_friction,bearing_friction,4,"[""vibration_delta_mean"", ""vibration_z_last"", ""vibration_slope"", ""current_delta_mean""]",vibration_delta_mean,3,3,True,True,0.75,0.75,True,1.0,0.0
synthetic,bearing_friction_042_w360,0,3,bearing_friction,bearing_friction,4,"[""vibration_delta_mean"", ""vibration_z_last"", ""vibration_slope"", ""current_delta_mean""]",vibration_delta_mean,3,3,True,True,0.75,0.75,True,1.0,0.0
synthetic,bearing_friction_042_w360,0,4,bearing_friction,bearing_friction,4,"[""vibration_delta_mean"", ""vibration_z_last"", ""vibration_slope"", ""current_delta_mean""]",vibration_delta_mean,3,3,True,True,0.75,0.75,True,1.0,0.0
synthetic,bearing_friction_044_w300,0,0,bearing_friction,bearing_friction,4,"[""vibration_delta_mean"", ""vibration_slope"", ""vibration_z_last"", ""temperature_slope""]",vibration_slope,3,4,True,True,0.75,1.0,True,1.0,0.0
synthetic,bearing_friction_044_w300,0,1,bearing_friction,bearing_friction,4,"[""vibration_delta_mean"", ""vibration_slope"", ""vibration_z_last"", ""temperature_slope""]",vibration_slope,3,4,True,True,0.75,1.0,True,1.0,0.0
synthetic,bearing_friction_044_w300,0,2,bearing_friction,bearing_friction,4,"[""vibration_delta_mean"", ""vibration_slope"", ""temperature_slope"", ""temperature_z_last""]",vibration_slope,2,3,True,True,0.5,0.75,True,1.0,0.0
synthetic,bearing_friction_044_w300,0,3,bearing_friction,bearing_friction,4,"[""vibration_delta_mean"", ""vibration_slope"", ""vibration_z_last"", ""temperature_slope""]",vibration_slope,3,4,True,True,0.75,1.0,True,1.0,0.0
synthetic,bearing_friction_044_w300,0,4,bearing_friction,bearing_friction,4,"[""vibration_delta_mean"", ""vibration_slope"", ""vibration_z_last"", ""temperature_z_last""]",vibration_slope,3,3,True,True,0.75,0.75,True,1.0,0.0
synthetic,bearing_friction_044_w360,0,0,bearing_friction,bearing_friction,4,"[""vibration_delta_mean"", ""vibration_z_last"", ""vibration_slope"", ""current_delta_mean""]",vibration_slope,3,3,True,True,0.75,0.75,True,1.0,0.0
synthetic,bearing_friction_044_w360,0,1,bearing_friction,bearing_friction,4,"[""vibration_delta_mean"", ""vibration_z_last"", ""vibration_slope"", ""current_delta_mean""]",vibration_slope,3,3,True,True,0.75,0.75,True,1.0,0.0
synthetic,bearing_friction_044_w360,0,2,bearing_friction,bearing_friction,4,"[""vibration_delta_mean"", ""vibration_z_last"", ""vibration_slope"", ""current_delta_mean""]",vibration_slope,3,3,True,True,0.75,0.75,True,1.0,0.0
synthetic,bearing_friction_044_w360,0,3,bearing_friction,bearing_friction,4,"[""vibration_delta_mean"", ""vibration_z_last"", ""vibration_slope"", ""current_slope""]",vibration_slope,3,4,True,True,0.75,1.0,True,1.0,0.0
synthetic,bearing_friction_044_w360,0,4,bearing_friction,bearing_friction,4,"[""vibration_delta_mean"", ""vibration_slope"", ""current_delta_mean"", ""current_slope""]",vibration_slope,2,3,True,True,0.5,0.75,True,1.0,0.0
synthetic,bearing_friction_044_w420,0,0,bearing_friction,bearing_friction,4,"[""vibration_delta_mean"", ""vibration_slope"", ""vibration_z_last"", ""temperature_delta_mean""]",vibration_delta_mean,3,3,True,True,0.75,0.75,True,1.0,0.0
synthetic,bearing_friction_044_w420,0,1,bearing_friction,bearing_friction,4,"[""vibration_delta_mean"", ""vibration_slope"", ""temperature_delta_mean"", ""temperature_slope""]",vibration_delta_mean,2,2,True,True,0.5,0.5,True,1.0,0.0
synthetic,bearing_friction_044_w420,0,2,bearing_friction,bearing_friction,4,"[""vibration_delta_mean"", ""vibration_slope"", ""vibration_z_last"", ""temperature_delta_mean""]",vibration_delta_mean,3,3,True,True,0.75,0.75,True,1.0,0.0
synthetic,bearing_friction_044_w420,0,3,bearing_friction,bearing_friction,4,"[""vibration_delta_mean"", ""vibration_slope"", ""temperature_delta_mean"", ""temperature_slope""]",vibration_delta_mean,2,2,True,True,0.5,0.5,True,1.0,0.0
synthetic,bearing_friction_044_w420,0,4,bearing_friction,bearing_friction,3,"[""vibration_delta_mean"", ""vibration_slope"", ""temperature_delta_mean""]",vibration_delta_mean,2,2,True,True,0.6666666666666666,0.6666666666666666,True,1.0,0.0
synthetic,bearing_friction_044_w480,0,0,bearing_friction,bearing_friction,4,"[""vibration_delta_mean"", ""vibration_slope"", ""current_delta_mean"", ""current_slope""]",vibration_delta_mean,2,3,True,True,0.5,0.75,True,1.0,0.0
synthetic,bearing_friction_044_w480,0,1,bearing_friction,bearing_friction,4,"[""vibration_delta_mean"", ""vibration_slope"", ""current_delta_mean"", ""current_slope""]",vibration_delta_mean,2,3,True,True,0.5,0.75,True,1.0,0.0
synthetic,bearing_friction_044_w480,0,2,bearing_friction,bearing_friction,4,"[""vibration_delta_mean"", ""vibration_slope"", ""current_delta_mean"", ""current_slope""]",vibration_delta_mean,2,3,True,True,0.5,0.75,True,1.0,0.0
synthetic,bearing_friction_044_w480,0,3,bearing_friction,bearing_friction,4,"[""vibration_delta_mean"", ""vibration_slope"", ""current_delta_mean"", ""current_slope""]",vibration_delta_mean,2,3,True,True,0.5,0.75,True,1.0,0.0
synthetic,bearing_friction_044_w480,0,4,bearing_friction,bearing_friction,4,"[""vibration_delta_mean"", ""vibration_slope"", ""current_delta_mean"", ""current_slope""]",vibration_delta_mean,2,3,True,True,0.5,0.75,True,1.0,0.0
synthetic,overload_001_w300,0,0,overload,overload,4,"[""current_delta_mean"", ""current_slope"", ""temperature_delta_mean"", ""vibration_z_last""]",vibration_delta_mean,0,2,False,True,0.0,0.5,False,1.0,0.0
synthetic,overload_001_w300,0,1,overload,overload,4,"[""current_delta_mean"", ""current_slope"", ""temperature_delta_mean"", ""vibration_z_last""]",vibration_delta_mean,0,2,False,True,0.0,0.5,False,1.0,0.0
synthetic,overload_001_w300,0,2,overload,overload,4,"[""current_delta_mean"", ""current_slope"", ""temperature_delta_mean"", ""vibration_z_last""]",vibration_delta_mean,0,2,False,True,0.0,0.5,False,1.0,0.0
synthetic,overload_001_w300,0,3,overload,overload,4,"[""current_delta_mean"", ""current_slope"", ""temperature_delta_mean"", ""vibration_z_last""]",vibration_delta_mean,0,2,False,True,0.0,0.5,False,1.0,0.0
synthetic,overload_001_w300,0,4,overload,overload,4,"[""current_delta_mean"", ""current_slope"", ""temperature_delta_mean"", ""vibration_z_last""]",vibration_delta_mean,0,2,False,True,0.0,0.5,False,1.0,0.0
synthetic,overload_001_w420,0,0,overload,overload,4,"[""current_delta_mean"", ""current_slope"", ""temperature_delta_mean"", ""temperature_slope""]",vibration_delta_mean,0,2,False,True,0.0,0.5,False,1.0,0.0
synthetic,overload_001_w420,0,1,overload,overload,4,"[""current_delta_mean"", ""current_slope"", ""temperature_delta_mean"", ""temperature_slope""]",vibration_delta_mean,0,2,False,True,0.0,0.5,False,1.0,0.0
synthetic,overload_001_w420,0,2,overload,overload,4,"[""current_delta_mean"", ""current_slope"", ""temperature_delta_mean"", ""temperature_slope""]",vibration_delta_mean,0,2,False,True,0.0,0.5,False,1.0,0.0
synthetic,overload_001_w420,0,3,overload,overload,4,"[""current_delta_mean"", ""current_slope"", ""temperature_delta_mean"", ""temperature_slope""]",vibration_delta_mean,0,2,False,True,0.0,0.5,False,1.0,0.0
synthetic,overload_001_w420,0,4,overload,overload,4,"[""current_delta_mean"", ""current_slope"", ""temperature_delta_mean"", ""temperature_slope""]",vibration_delta_mean,0,2,False,True,0.0,0.5,False,1.0,0.0
synthetic,overload_003_w300,0,0,overload,overload,4,"[""current_delta_mean"", ""current_slope"", ""temperature_delta_mean"", ""vibration_z_last""]",vibration_slope,0,2,False,True,0.0,0.5,False,1.0,0.0
synthetic,overload_003_w300,0,1,overload,overload,4,"[""current_delta_mean"", ""current_slope"", ""temperature_delta_mean"", ""vibration_z_last""]",vibration_slope,0,2,False,True,0.0,0.5,False,1.0,0.0
synthetic,overload_003_w300,0,2,overload,overload,4,"[""current_delta_mean"", ""current_slope"", ""temperature_delta_mean"", ""vibration_z_last""]",vibration_slope,0,2,False,True,0.0,0.5,False,1.0,0.0
synthetic,overload_003_w300,0,3,overload,overload,4,"[""current_delta_mean"", ""current_slope"", ""temperature_delta_mean"", ""vibration_z_last""]",vibration_slope,0,2,False,True,0.0,0.5,False,1.0,0.0
synthetic,overload_003_w300,0,4,overload,overload,4,"[""current_delta_mean"", ""current_slope"", ""temperature_delta_mean"", ""vibration_z_last""]",vibration_slope,0,2,False,True,0.0,0.5,False,1.0,0.0
synthetic,overload_005_w300,0,0,overload,overload,4,"[""current_delta_mean"", ""current_slope"", ""vibration_z_last"", ""temperature_delta_mean""]",vibration_slope,0,2,False,True,0.0,0.5,False,1.0,0.0
synthetic,overload_005_w300,0,1,overload,overload,4,"[""current_delta_mean"", ""current_slope"", ""current_z_last"", ""vibration_z_last""]",vibration_slope,1,3,True,True,0.25,0.75,False,1.0,0.0
synthetic,overload_005_w300,0,2,overload,overload,4,"[""current_delta_mean"", ""current_slope"", ""vibration_z_last"", ""temperature_delta_mean""]",vibration_slope,0,2,False,True,0.0,0.5,False,1.0,0.0
synthetic,overload_005_w300,0,3,overload,overload,4,"[""current_delta_mean"", ""current_slope"", ""current_z_last"", ""vibration_z_last""]",vibration_slope,1,3,True,True,0.25,0.75,False,1.0,0.0
synthetic,overload_005_w300,0,4,overload,overload,4,"[""current_delta_mean"", ""current_slope"", ""current_z_last"", ""vibration_z_last""]",vibration_slope,1,3,True,True,0.25,0.75,False,1.0,0.0
synthetic,overload_005_w420,0,0,overload,overload,4,"[""current_delta_mean"", ""temperature_z_last"", ""temperature_delta_mean"", ""temperature_slope""]",vibration_delta_mean,1,2,True,True,0.25,0.5,False,1.0,0.0
synthetic,overload_005_w420,0,1,overload,overload,4,"[""current_delta_mean"", ""temperature_z_last"", ""temperature_delta_mean"", ""temperature_slope""]",vibration_delta_mean,1,2,True,True,0.25,0.5,False,1.0,0.0
synthetic,overload_005_w420,0,2,overload,overload,4,"[""current_delta_mean"", ""temperature_z_last"", ""temperature_delta_mean"", ""temperature_slope""]",vibration_delta_mean,1,2,True,True,0.25,0.5,False,1.0,0.0
synthetic,overload_005_w420,0,3,overload,overload,4,"[""current_delta_mean"", ""temperature_z_last"", ""temperature_delta_mean"", ""temperature_slope""]",vibration_delta_mean,1,2,True,True,0.25,0.5,False,1.0,0.0
synthetic,overload_005_w420,0,4,overload,overload,4,"[""current_delta_mean"", ""temperature_z_last"", ""temperature_delta_mean"", ""temperature_slope""]",vibration_delta_mean,1,2,True,True,0.25,0.5,False,1.0,0.0
synthetic,overload_006_w300,0,0,overload,overload,4,"[""current_delta_mean"", ""current_slope"", ""temperature_z_last"", ""vibration_z_last""]",vibration_slope,1,2,True,True,0.25,0.5,False,1.0,0.0
synthetic,overload_006_w300,0,1,overload,overload,3,"[""current_delta_mean"", ""current_slope"", ""temperature_z_last""]",vibration_slope,1,2,True,True,0.3333333333333333,0.6666666666666666,False,1.0,0.0
synthetic,overload_006_w300,0,2,overload,overload,4,"[""current_delta_mean"", ""current_slope"", ""temperature_z_last"", ""vibration_z_last""]",vibration_slope,1,2,True,True,0.25,0.5,False,1.0,0.0
synthetic,overload_006_w300,0,3,overload,overload,4,"[""current_delta_mean"", ""current_slope"", ""temperature_z_last"", ""vibration_z_last""]",vibration_slope,1,2,True,True,0.25,0.5,False,1.0,0.0
synthetic,overload_006_w300,0,4,overload,overload,4,"[""current_delta_mean"", ""current_slope"", ""temperature_z_last"", ""vibration_z_last""]",vibration_slope,1,2,True,True,0.25,0.5,False,1.0,0.0
synthetic,overload_007_w420,0,0,overload,overload,4,"[""current_delta_mean"", ""temperature_delta_mean"", ""temperature_slope"", ""temperature_z_last""]",vibration_delta_mean,0,2,False,True,0.0,0.5,False,1.0,0.0
synthetic,overload_007_w420,0,1,overload,overload,4,"[""current_delta_mean"", ""temperature_delta_mean"", ""temperature_slope"", ""temperature_z_last""]",vibration_delta_mean,0,2,False,True,0.0,0.5,False,1.0,0.0
synthetic,overload_007_w420,0,2,overload,overload,3,"[""current_delta_mean"", ""temperature_delta_mean"", ""temperature_slope""]",vibration_delta_mean,0,2,False,True,0.0,0.6666666666666666,False,1.0,0.0
synthetic,overload_007_w420,0,3,overload,overload,4,"[""current_delta_mean"", ""temperature_delta_mean"", ""temperature_slope"", ""temperature_z_last""]",vibration_delta_mean,0,2,False,True,0.0,0.5,False,1.0,0.0
synthetic,overload_007_w420,0,4,overload,overload,3,"[""current_delta_mean"", ""temperature_delta_mean"", ""temperature_slope""]",vibration_delta_mean,0,2,False,True,0.0,0.6666666666666666,False,1.0,0.0
synthetic,overload_013_w360,0,0,overload,overload,3,"[""current_delta_mean"", ""current_slope"", ""temperature_z_last""]",vibration_slope,1,2,True,True,0.3333333333333333,0.6666666666666666,False,1.0,0.0
synthetic,overload_013_w360,0,1,overload,overload,4,"[""current_delta_mean"", ""current_slope"", ""temperature_z_last"", ""vibration_delta_mean""]",vibration_slope,2,3,True,True,0.5,0.75,False,1.0,0.0
synthetic,overload_013_w360,0,2,overload,overload,4,"[""current_delta_mean"", ""current_slope"", ""temperature_z_last"", ""vibration_delta_mean""]",vibration_slope,2,3,True,True,0.5,0.75,False,1.0,0.0
synthetic,overload_013_w360,0,3,overload,overload,4,"[""current_delta_mean"", ""current_slope"", ""temperature_z_last"", ""vibration_delta_mean""]",vibration_slope,2,3,True,True,0.5,0.75,False,1.0,0.0
synthetic,overload_013_w360,0,4,overload,overload,4,"[""current_delta_mean"", ""current_slope"", ""temperature_z_last"", ""vibration_delta_mean""]",vibration_slope,2,3,True,True,0.5,0.75,False,1.0,0.0
synthetic,overload_013_w420,0,0,overload,overload,4,"[""current_delta_mean"", ""current_slope"", ""temperature_delta_mean"", ""temperature_slope""]",vibration_slope,1,3,True,True,0.25,0.75,False,1.0,0.0
synthetic,overload_013_w420,0,1,overload,overload,4,"[""current_delta_mean"", ""current_slope"", ""temperature_delta_mean"", ""temperature_slope""]",vibration_slope,1,3,True,True,0.25,0.75,False,1.0,0.0
synthetic,overload_013_w420,0,2,overload,overload,4,"[""current_delta_mean"", ""current_slope"", ""temperature_delta_mean"", ""temperature_slope""]",vibration_slope,1,3,True,True,0.25,0.75,False,1.0,0.0
synthetic,overload_013_w420,0,3,overload,overload,4,"[""current_delta_mean"", ""current_slope"", ""temperature_delta_mean"", ""temperature_slope""]",vibration_slope,1,3,True,True,0.25,0.75,False,1.0,0.0
synthetic,overload_013_w420,0,4,overload,overload,4,"[""current_delta_mean"", ""current_slope"", ""temperature_delta_mean"", ""temperature_slope""]",vibration_slope,1,3,True,True,0.25,0.75,False,1.0,0.0
synthetic,overload_016_w300,0,0,overload,overload,4,"[""current_delta_mean"", ""current_slope"", ""temperature_delta_mean"", ""temperature_z_last""]",vibration_slope,1,2,True,True,0.25,0.5,False,1.0,0.0
synthetic,overload_016_w300,0,1,overload,overload,4,"[""current_delta_mean"", ""current_slope"", ""temperature_delta_mean"", ""temperature_z_last""]",vibration_slope,1,2,True,True,0.25,0.5,False,1.0,0.0
synthetic,overload_016_w300,0,2,overload,overload,4,"[""current_delta_mean"", ""current_slope"", ""temperature_delta_mean"", ""temperature_z_last""]",vibration_slope,1,2,True,True,0.25,0.5,False,1.0,0.0
synthetic,overload_016_w300,0,3,overload,overload,4,"[""current_delta_mean"", ""current_slope"", ""temperature_delta_mean"", ""temperature_z_last""]",vibration_slope,1,2,True,True,0.25,0.5,False,1.0,0.0
synthetic,overload_016_w300,0,4,overload,overload,4,"[""current_delta_mean"", ""current_slope"", ""temperature_delta_mean"", ""temperature_z_last""]",vibration_slope,1,2,True,True,0.25,0.5,False,1.0,0.0
synthetic,overload_034_w360,0,0,overload,overload,4,"[""current_delta_mean"", ""current_slope"", ""current_z_last"", ""vibration_z_last""]",vibration_slope,1,2,True,True,0.25,0.5,False,1.0,0.0
synthetic,overload_034_w360,0,1,overload,overload,4,"[""current_delta_mean"", ""current_slope"", ""current_z_last"", ""vibration_z_last""]",vibration_slope,1,2,True,True,0.25,0.5,False,1.0,0.0
synthetic,overload_034_w360,0,2,overload,overload,4,"[""current_delta_mean"", ""current_slope"", ""current_z_last"", ""vibration_z_last""]",vibration_slope,1,2,True,True,0.25,0.5,False,1.0,0.0
synthetic,overload_034_w360,0,3,overload,overload,4,"[""current_delta_mean"", ""current_slope"", ""current_z_last"", ""vibration_z_last""]",vibration_slope,1,2,True,True,0.25,0.5,False,1.0,0.0
synthetic,overload_034_w360,0,4,overload,overload,4,"[""current_delta_mean"", ""current_slope"", ""current_z_last"", ""vibration_z_last""]",vibration_slope,1,2,True,True,0.25,0.5,False,1.0,0.0
synthetic,overload_034_w420,0,0,overload,overload,4,"[""current_delta_mean"", ""current_slope"", ""temperature_delta_mean"", ""temperature_slope""]",vibration_delta_mean,1,2,True,True,0.25,0.5,False,1.0,0.0
synthetic,overload_034_w420,0,1,overload,overload,4,"[""current_delta_mean"", ""current_slope"", ""temperature_delta_mean"", ""temperature_slope""]",vibration_delta_mean,1,2,True,True,0.25,0.5,False,1.0,0.0
synthetic,overload_034_w420,0,2,overload,overload,4,"[""current_delta_mean"", ""current_slope"", ""temperature_delta_mean"", ""temperature_slope""]",vibration_delta_mean,1,2,True,True,0.25,0.5,False,1.0,0.0
synthetic,overload_034_w420,0,3,overload,overload,4,"[""current_delta_mean"", ""current_slope"", ""temperature_delta_mean"", ""temperature_slope""]",vibration_delta_mean,1,2,True,True,0.25,0.5,False,1.0,0.0
synthetic,overload_034_w420,0,4,overload,overload,4,"[""current_delta_mean"", ""current_slope"", ""temperature_delta_mean"", ""temperature_slope""]",vibration_delta_mean,1,2,True,True,0.25,0.5,False,1.0,0.0
synthetic,overload_035_w300,0,0,overload,overload,4,"[""current_delta_mean"", ""current_slope"", ""temperature_delta_mean"", ""vibration_z_last""]",vibration_slope,1,2,True,True,0.25,0.5,False,1.0,0.0
synthetic,overload_035_w300,0,1,overload,overload,4,"[""current_delta_mean"", ""current_slope"", ""temperature_delta_mean"", ""vibration_z_last""]",vibration_slope,1,2,True,True,0.25,0.5,False,1.0,0.0
synthetic,overload_035_w300,0,2,overload,overload,4,"[""current_delta_mean"", ""current_slope"", ""temperature_delta_mean"", ""vibration_z_last""]",vibration_slope,1,2,True,True,0.25,0.5,False,1.0,0.0
synthetic,overload_035_w300,0,3,overload,overload,4,"[""current_delta_mean"", ""current_slope"", ""temperature_delta_mean"", ""vibration_z_last""]",vibration_slope,1,2,True,True,0.25,0.5,False,1.0,0.0
synthetic,overload_035_w300,0,4,overload,overload,4,"[""current_delta_mean"", ""current_slope"", ""temperature_delta_mean"", ""vibration_z_last""]",vibration_slope,1,2,True,True,0.25,0.5,False,1.0,0.0
synthetic,overload_035_w360,0,0,overload,overload,3,"[""current_delta_mean"", ""current_z_last"", ""temperature_z_last""]",vibration_slope,0,1,False,True,0.0,0.3333333333333333,False,1.0,0.0
synthetic,overload_035_w360,0,1,overload,overload,4,"[""current_delta_mean"", ""current_z_last"", ""current_slope"", ""temperature_z_last""]",vibration_slope,1,2,True,True,0.25,0.5,False,1.0,0.0
synthetic,overload_035_w360,0,2,overload,overload,4,"[""current_delta_mean"", ""current_z_last"", ""temperature_z_last"", ""current_slope""]",vibration_slope,1,2,True,True,0.25,0.5,False,1.0,0.0
synthetic,overload_035_w360,0,3,overload,overload,4,"[""current_delta_mean"", ""current_z_last"", ""temperature_z_last"", ""current_slope""]",vibration_slope,1,2,True,True,0.25,0.5,False,1.0,0.0
synthetic,overload_035_w360,0,4,overload,overload,4,"[""current_delta_mean"", ""current_z_last"", ""temperature_z_last"", ""current_slope""]",vibration_slope,1,2,True,True,0.25,0.5,False,1.0,0.0
synthetic,overload_039_w420,0,0,overload,overload,4,"[""current_delta_mean"", ""current_slope"", ""temperature_delta_mean"", ""temperature_slope""]",vibration_slope,0,2,False,True,0.0,0.5,False,1.0,0.0
synthetic,overload_039_w420,0,1,overload,overload,4,"[""current_delta_mean"", ""current_slope"", ""temperature_delta_mean"", ""temperature_slope""]",vibration_slope,0,2,False,True,0.0,0.5,False,1.0,0.0
synthetic,overload_039_w420,0,2,overload,overload,4,"[""current_delta_mean"", ""current_slope"", ""temperature_delta_mean"", ""temperature_slope""]",vibration_slope,0,2,False,True,0.0,0.5,False,1.0,0.0
synthetic,overload_039_w420,0,3,overload,overload,4,"[""current_delta_mean"", ""current_slope"", ""temperature_delta_mean"", ""temperature_slope""]",vibration_slope,0,2,False,True,0.0,0.5,False,1.0,0.0
synthetic,overload_039_w420,0,4,overload,overload,4,"[""current_delta_mean"", ""current_slope"", ""temperature_delta_mean"", ""temperature_slope""]",vibration_slope,0,2,False,True,0.0,0.5,False,1.0,0.0
synthetic,overload_039_w480,0,0,overload,overload,4,"[""current_z_last"", ""current_delta_mean"", ""current_slope"", ""temperature_z_last""]",vibration_delta_mean,1,2,True,True,0.25,0.5,False,1.0,0.0
synthetic,overload_039_w480,0,1,overload,overload,4,"[""current_z_last"", ""current_delta_mean"", ""current_slope"", ""temperature_z_last""]",vibration_delta_mean,1,2,True,True,0.25,0.5,False,1.0,0.0
synthetic,overload_039_w480,0,2,overload,overload,4,"[""current_z_last"", ""current_delta_mean"", ""current_slope"", ""temperature_z_last""]",vibration_delta_mean,1,2,True,True,0.25,0.5,False,1.0,0.0
synthetic,overload_039_w480,0,3,overload,overload,4,"[""current_z_last"", ""current_delta_mean"", ""current_slope"", ""temperature_z_last""]",vibration_delta_mean,1,2,True,True,0.25,0.5,False,1.0,0.0
synthetic,overload_039_w480,0,4,overload,overload,4,"[""current_z_last"", ""current_delta_mean"", ""current_slope"", ""temperature_z_last""]",vibration_delta_mean,1,2,True,True,0.25,0.5,False,1.0,0.0
synthetic,overload_046_w300,0,0,overload,overload,4,"[""current_delta_mean"", ""current_slope"", ""current_z_last"", ""vibration_z_last""]",vibration_slope,1,3,True,True,0.25,0.75,False,1.0,0.0
synthetic,overload_046_w300,0,1,overload,overload,4,"[""current_delta_mean"", ""current_slope"", ""current_z_last"", ""vibration_z_last""]",vibration_slope,1,3,True,True,0.25,0.75,False,1.0,0.0
synthetic,overload_046_w300,0,2,overload,overload,4,"[""current_delta_mean"", ""current_slope"", ""current_z_last"", ""vibration_z_last""]",vibration_slope,1,3,True,True,0.25,0.75,False,1.0,0.0
synthetic,overload_046_w300,0,3,overload,overload,4,"[""current_delta_mean"", ""current_slope"", ""current_z_last"", ""vibration_z_last""]",vibration_slope,1,3,True,True,0.25,0.75,False,1.0,0.0
synthetic,overload_046_w300,0,4,overload,overload,4,"[""current_delta_mean"", ""current_slope"", ""current_z_last"", ""vibration_z_last""]",vibration_slope,1,3,True,True,0.25,0.75,False,1.0,0.0
synthetic,overload_046_w360,0,0,overload,overload,3,"[""current_delta_mean"", ""current_slope"", ""temperature_z_last""]",vibration_slope,1,2,True,True,0.3333333333333333,0.6666666666666666,False,1.0,0.0
synthetic,overload_046_w360,0,1,overload,overload,4,"[""current_delta_mean"", ""current_slope"", ""temperature_z_last"", ""temperature_delta_mean""]",vibration_slope,1,3,True,True,0.25,0.75,False,1.0,0.0
synthetic,overload_046_w360,0,2,overload,overload,4,"[""current_delta_mean"", ""current_slope"", ""temperature_z_last"", ""current_z_last""]",vibration_slope,1,2,True,True,0.25,0.5,False,1.0,0.0
synthetic,overload_046_w360,0,3,overload,overload,4,"[""current_delta_mean"", ""current_slope"", ""temperature_z_last"", ""temperature_delta_mean""]",vibration_slope,1,3,True,True,0.25,0.75,False,1.0,0.0
synthetic,overload_046_w360,0,4,overload,overload,4,"[""current_delta_mean"", ""current_slope"", ""temperature_z_last"", ""temperature_delta_mean""]",vibration_slope,1,3,True,True,0.25,0.75,False,1.0,0.0
synthetic,overload_046_w420,0,0,overload,overload,4,"[""current_delta_mean"", ""current_slope"", ""temperature_delta_mean"", ""temperature_slope""]",vibration_slope,1,2,True,True,0.25,0.5,False,1.0,0.0
synthetic,overload_046_w420,0,1,overload,overload,4,"[""current_delta_mean"", ""current_slope"", ""temperature_delta_mean"", ""vibration_z_last""]",vibration_slope,1,2,True,True,0.25,0.5,False,1.0,0.0
synthetic,overload_046_w420,0,2,overload,overload,4,"[""current_delta_mean"", ""current_slope"", ""temperature_delta_mean"", ""temperature_slope""]",vibration_slope,1,2,True,True,0.25,0.5,False,1.0,0.0
synthetic,overload_046_w420,0,3,overload,overload,4,"[""current_delta_mean"", ""current_slope"", ""temperature_delta_mean"", ""temperature_slope""]",vibration_slope,1,2,True,True,0.25,0.5,False,1.0,0.0
synthetic,overload_046_w420,0,4,overload,overload,4,"[""current_delta_mean"", ""current_slope"", ""temperature_delta_mean"", ""temperature_slope""]",vibration_slope,1,2,True,True,0.25,0.5,False,1.0,0.0
synthetic,sensor_drift_005_w480,0,0,sensor_drift,sensor_drift,4,"[""current_delta_mean"", ""current_z_last"", ""current_slope"", ""temperature_slope""]",vibration_slope,1,2,True,True,0.25,0.5,False,1.0,0.0
synthetic,sensor_drift_005_w480,0,1,sensor_drift,sensor_drift,4,"[""current_delta_mean"", ""current_z_last"", ""current_slope"", ""temperature_slope""]",vibration_slope,1,2,True,True,0.25,0.5,False,1.0,0.0
synthetic,sensor_drift_005_w480,0,2,sensor_drift,sensor_drift,4,"[""current_delta_mean"", ""current_z_last"", ""current_slope"", ""temperature_slope""]",vibration_slope,1,2,True,True,0.25,0.5,False,1.0,0.0
synthetic,sensor_drift_005_w480,0,3,sensor_drift,sensor_drift,4,"[""current_delta_mean"", ""current_z_last"", ""current_slope"", ""temperature_slope""]",vibration_slope,1,2,True,True,0.25,0.5,False,1.0,0.0
synthetic,sensor_drift_005_w480,0,4,sensor_drift,sensor_drift,4,"[""current_delta_mean"", ""current_z_last"", ""current_slope"", ""temperature_slope""]",vibration_slope,1,2,True,True,0.25,0.5,False,1.0,0.0
synthetic,sensor_drift_024_w360,0,0,sensor_drift,sensor_drift,4,"[""current_delta_mean"", ""current_slope"", ""temperature_z_last"", ""vibration_delta_mean""]",vibration_slope,2,2,True,True,0.5,0.5,False,1.0,0.0
synthetic,sensor_drift_024_w360,0,1,sensor_drift,sensor_drift,4,"[""current_delta_mean"", ""current_slope"", ""current_z_last"", ""temperature_z_last""]",vibration_slope,1,2,True,True,0.25,0.5,False,1.0,0.0
synthetic,sensor_drift_024_w360,0,2,sensor_drift,sensor_drift,4,"[""current_delta_mean"", ""current_slope"", ""temperature_z_last"", ""vibration_delta_mean""]",vibration_slope,2,2,True,True,0.5,0.5,False,1.0,0.0
synthetic,sensor_drift_024_w360,0,3,sensor_drift,sensor_drift,4,"[""current_delta_mean"", ""current_slope"", ""temperature_z_last"", ""vibration_slope""]",vibration_slope,2,2,True,True,0.5,0.5,True,1.0,0.0
synthetic,sensor_drift_024_w360,0,4,sensor_drift,sensor_drift,4,"[""current_delta_mean"", ""current_slope"", ""current_z_last"", ""temperature_z_last""]",vibration_slope,1,2,True,True,0.25,0.5,False,1.0,0.0
synthetic,sensor_drift_024_w480,0,0,sensor_drift,sensor_drift,4,"[""current_delta_mean"", ""current_z_last"", ""current_slope"", ""temperature_slope""]",vibration_slope,1,2,True,True,0.25,0.5,False,1.0,0.0
synthetic,sensor_drift_024_w480,0,1,sensor_drift,sensor_drift,4,"[""current_delta_mean"", ""current_z_last"", ""current_slope"", ""temperature_slope""]",vibration_slope,1,2,True,True,0.25,0.5,False,1.0,0.0
synthetic,sensor_drift_024_w480,0,2,sensor_drift,sensor_drift,4,"[""current_delta_mean"", ""current_z_last"", ""current_slope"", ""temperature_slope""]",vibration_slope,1,2,True,True,0.25,0.5,False,1.0,0.0
synthetic,sensor_drift_024_w480,0,3,sensor_drift,sensor_drift,4,"[""current_delta_mean"", ""current_z_last"", ""current_slope"", ""temperature_slope""]",vibration_slope,1,2,True,True,0.25,0.5,False,1.0,0.0
synthetic,sensor_drift_024_w480,0,4,sensor_drift,sensor_drift,4,"[""current_delta_mean"", ""current_z_last"", ""current_slope"", ""temperature_slope""]",vibration_slope,1,2,True,True,0.25,0.5,False,1.0,0.0
synthetic,sensor_drift_027_w300,0,0,sensor_drift,sensor_drift,4,"[""vibration_delta_mean"", ""vibration_slope"", ""vibration_z_last"", ""current_z_last""]",vibration_delta_mean,2,2,True,True,0.5,0.5,True,1.0,0.0
synthetic,sensor_drift_027_w300,0,1,sensor_drift,sensor_drift,4,"[""vibration_delta_mean"", ""vibration_slope"", ""vibration_z_last"", ""current_z_last""]",vibration_delta_mean,2,2,True,True,0.5,0.5,True,1.0,0.0
synthetic,sensor_drift_027_w300,0,2,sensor_drift,sensor_drift,4,"[""vibration_delta_mean"", ""vibration_slope"", ""vibration_z_last"", ""current_z_last""]",vibration_delta_mean,2,2,True,True,0.5,0.5,True,1.0,0.0
synthetic,sensor_drift_027_w300,0,3,sensor_drift,sensor_drift,4,"[""vibration_delta_mean"", ""vibration_slope"", ""vibration_z_last"", ""current_delta_mean""]",vibration_delta_mean,2,3,True,True,0.5,0.75,True,1.0,0.0
synthetic,sensor_drift_027_w300,0,4,sensor_drift,sensor_drift,4,"[""vibration_delta_mean"", ""vibration_slope"", ""vibration_z_last"", ""current_z_last""]",vibration_delta_mean,2,2,True,True,0.5,0.5,True,1.0,0.0
synthetic,sensor_drift_027_w360,0,0,sensor_drift,sensor_drift,3,"[""current_delta_mean"", ""current_slope"", ""temperature_z_last""]",vibration_slope,1,1,True,True,0.3333333333333333,0.3333333333333333,False,1.0,0.0
synthetic,sensor_drift_027_w360,0,1,sensor_drift,sensor_drift,4,"[""current_delta_mean"", ""current_slope"", ""temperature_z_last"", ""vibration_delta_mean""]",vibration_slope,2,2,True,True,0.5,0.5,False,1.0,0.0
synthetic,sensor_drift_027_w360,0,2,sensor_drift,sensor_drift,4,"[""current_delta_mean"", ""current_slope"", ""temperature_z_last"", ""current_z_last""]",vibration_slope,1,2,True,True,0.25,0.5,False,1.0,0.0
synthetic,sensor_drift_027_w360,0,3,sensor_drift,sensor_drift,4,"[""current_delta_mean"", ""current_slope"", ""temperature_z_last"", ""current_z_last""]",vibration_slope,1,2,True,True,0.25,0.5,False,1.0,0.0
synthetic,sensor_drift_027_w360,0,4,sensor_drift,sensor_drift,4,"[""current_delta_mean"", ""current_slope"", ""temperature_z_last"", ""current_z_last""]",vibration_slope,1,2,True,True,0.25,0.5,False,1.0,0.0
synthetic,sensor_drift_029_w300,0,0,sensor_drift,sensor_drift,4,"[""current_z_last"", ""temperature_z_last"", ""vibration_z_last"", ""vibration_slope""]",vibration_slope,2,2,True,True,0.5,0.5,True,1.0,0.0
synthetic,sensor_drift_029_w300,0,1,sensor_drift,sensor_drift,4,"[""current_z_last"", ""temperature_z_last"", ""vibration_z_last"", ""vibration_slope""]",vibration_slope,2,2,True,True,0.5,0.5,True,1.0,0.0
synthetic,sensor_drift_029_w300,0,2,sensor_drift,sensor_drift,4,"[""current_z_last"", ""temperature_z_last"", ""vibration_z_last"", ""vibration_slope""]",vibration_slope,2,2,True,True,0.5,0.5,True,1.0,0.0
synthetic,sensor_drift_029_w300,0,3,sensor_drift,sensor_drift,4,"[""current_z_last"", ""temperature_z_last"", ""vibration_z_last"", ""vibration_slope""]",vibration_slope,2,2,True,True,0.5,0.5,True,1.0,0.0
synthetic,sensor_drift_029_w300,0,4,sensor_drift,sensor_drift,4,"[""current_z_last"", ""temperature_z_last"", ""vibration_z_last"", ""vibration_slope""]",vibration_slope,2,2,True,True,0.5,0.5,True,1.0,0.0
synthetic,sensor_drift_029_w420,0,0,sensor_drift,sensor_drift,4,"[""temperature_z_last"", ""temperature_delta_mean"", ""temperature_slope"", ""current_z_last""]",vibration_slope,0,2,False,True,0.0,0.5,False,1.0,0.0
synthetic,sensor_drift_029_w420,0,1,sensor_drift,sensor_drift,4,"[""temperature_z_last"", ""temperature_delta_mean"", ""temperature_slope"", ""current_z_last""]",vibration_slope,0,2,False,True,0.0,0.5,False,1.0,0.0
synthetic,sensor_drift_029_w420,0,2,sensor_drift,sensor_drift,4,"[""temperature_z_last"", ""temperature_delta_mean"", ""temperature_slope"", ""current_z_last""]",vibration_slope,0,2,False,True,0.0,0.5,False,1.0,0.0
synthetic,sensor_drift_029_w420,0,3,sensor_drift,sensor_drift,4,"[""temperature_z_last"", ""temperature_delta_mean"", ""temperature_slope"", ""current_z_last""]",vibration_slope,0,2,False,True,0.0,0.5,False,1.0,0.0
synthetic,sensor_drift_029_w420,0,4,sensor_drift,sensor_drift,4,"[""temperature_z_last"", ""temperature_delta_mean"", ""temperature_slope"", ""current_z_last""]",vibration_slope,0,2,False,True,0.0,0.5,False,1.0,0.0
synthetic,sensor_drift_029_w480,0,0,sensor_drift,sensor_drift,4,"[""current_delta_mean"", ""current_slope"", ""vibration_z_last"", ""temperature_z_last""]",vibration_slope,1,1,True,True,0.25,0.25,False,1.0,0.0
synthetic,sensor_drift_029_w480,0,1,sensor_drift,sensor_drift,4,"[""current_delta_mean"", ""current_slope"", ""vibration_z_last"", ""temperature_z_last""]",vibration_slope,1,1,True,True,0.25,0.25,False,1.0,0.0
synthetic,sensor_drift_029_w480,0,2,sensor_drift,sensor_drift,4,"[""current_slope"", ""current_delta_mean"", ""vibration_z_last"", ""temperature_z_last""]",vibration_slope,1,1,True,True,0.25,0.25,False,1.0,0.0
synthetic,sensor_drift_029_w480,0,3,sensor_drift,sensor_drift,4,"[""current_slope"", ""current_delta_mean"", ""vibration_z_last"", ""temperature_z_last""]",vibration_slope,1,1,True,True,0.25,0.25,False,1.0,0.0
synthetic,sensor_drift_029_w480,0,4,sensor_drift,sensor_drift,4,"[""current_delta_mean"", ""current_slope"", ""vibration_z_last"", ""temperature_z_last""]",vibration_slope,1,1,True,True,0.25,0.25,False,1.0,0.0
synthetic,sensor_drift_032_w360,0,0,sensor_drift,sensor_drift,4,"[""current_delta_mean"", ""current_slope"", ""vibration_z_last"", ""temperature_z_last""]",vibration_slope,1,1,True,True,0.25,0.25,False,1.0,0.0
synthetic,sensor_drift_032_w360,0,1,sensor_drift,sensor_drift,4,"[""current_delta_mean"", ""current_slope"", ""temperature_z_last"", ""vibration_z_last""]",vibration_slope,1,1,True,True,0.25,0.25,False,1.0,0.0
synthetic,sensor_drift_032_w360,0,2,sensor_drift,sensor_drift,4,"[""current_delta_mean"", ""current_slope"", ""vibration_z_last"", ""temperature_z_last""]",vibration_slope,1,1,True,True,0.25,0.25,False,1.0,0.0
synthetic,sensor_drift_032_w360,0,3,sensor_drift,sensor_drift,4,"[""current_delta_mean"", ""current_slope"", ""temperature_z_last"", ""vibration_z_last""]",vibration_slope,1,1,True,True,0.25,0.25,False,1.0,0.0
synthetic,sensor_drift_032_w360,0,4,sensor_drift,sensor_drift,4,"[""current_delta_mean"", ""current_slope"", ""temperature_z_last"", ""vibration_z_last""]",vibration_slope,1,1,True,True,0.25,0.25,False,1.0,0.0
synthetic,sensor_drift_038_w300,0,0,sensor_drift,sensor_drift,4,"[""current_z_last"", ""vibration_z_last"", ""temperature_z_last"", ""vibration_slope""]",vibration_slope,2,2,True,True,0.5,0.5,True,1.0,0.0
synthetic,sensor_drift_038_w300,0,1,sensor_drift,sensor_drift,4,"[""current_z_last"", ""temperature_z_last"", ""vibration_z_last"", ""vibration_slope""]",vibration_slope,2,2,True,True,0.5,0.5,True,1.0,0.0
synthetic,sensor_drift_038_w300,0,2,sensor_drift,sensor_drift,4,"[""temperature_z_last"", ""current_z_last"", ""vibration_z_last"", ""vibration_slope""]",vibration_slope,2,2,True,True,0.5,0.5,True,1.0,0.0
synthetic,sensor_drift_038_w300,0,3,sensor_drift,sensor_drift,4,"[""current_z_last"", ""temperature_z_last"", ""vibration_z_last"", ""vibration_slope""]",vibration_slope,2,2,True,True,0.5,0.5,True,1.0,0.0
synthetic,sensor_drift_038_w300,0,4,sensor_drift,sensor_drift,4,"[""current_z_last"", ""vibration_z_last"", ""temperature_z_last"", ""vibration_slope""]",vibration_slope,2,2,True,True,0.5,0.5,True,1.0,0.0
synthetic,sensor_drift_038_w420,0,0,sensor_drift,sensor_drift,4,"[""temperature_delta_mean"", ""temperature_slope"", ""temperature_z_last"", ""current_z_last""]",vibration_slope,0,2,False,True,0.0,0.5,False,1.0,0.0
synthetic,sensor_drift_038_w420,0,1,sensor_drift,sensor_drift,4,"[""temperature_delta_mean"", ""temperature_slope"", ""temperature_z_last"", ""current_z_last""]",vibration_slope,0,2,False,True,0.0,0.5,False,1.0,0.0
synthetic,sensor_drift_038_w420,0,2,sensor_drift,sensor_drift,4,"[""temperature_delta_mean"", ""temperature_slope"", ""temperature_z_last"", ""current_z_last""]",vibration_slope,0,2,False,True,0.0,0.5,False,1.0,0.0
synthetic,sensor_drift_038_w420,0,3,sensor_drift,sensor_drift,4,"[""temperature_delta_mean"", ""temperature_slope"", ""temperature_z_last"", ""current_z_last""]",vibration_slope,0,2,False,True,0.0,0.5,False,1.0,0.0
synthetic,sensor_drift_038_w420,0,4,sensor_drift,sensor_drift,4,"[""temperature_delta_mean"", ""temperature_slope"", ""temperature_z_last"", ""current_z_last""]",vibration_slope,0,2,False,True,0.0,0.5,False,1.0,0.0
synthetic,sensor_drift_038_w480,0,0,sensor_drift,sensor_drift,4,"[""current_delta_mean"", ""current_slope"", ""temperature_slope"", ""vibration_z_last""]",vibration_slope,1,1,True,True,0.25,0.25,False,1.0,0.0
synthetic,sensor_drift_038_w480,0,1,sensor_drift,sensor_drift,4,"[""current_delta_mean"", ""current_slope"", ""temperature_slope"", ""vibration_slope""]",vibration_slope,2,2,True,True,0.5,0.5,True,1.0,0.0
synthetic,sensor_drift_038_w480,0,2,sensor_drift,sensor_drift,4,"[""current_delta_mean"", ""current_slope"", ""temperature_slope"", ""vibration_slope""]",vibration_slope,2,2,True,True,0.5,0.5,True,1.0,0.0
synthetic,sensor_drift_038_w480,0,3,sensor_drift,sensor_drift,4,"[""current_delta_mean"", ""current_slope"", ""temperature_slope"", ""vibration_slope""]",vibration_slope,2,2,True,True,0.5,0.5,True,1.0,0.0
synthetic,sensor_drift_038_w480,0,4,sensor_drift,sensor_drift,4,"[""current_delta_mean"", ""current_slope"", ""temperature_slope"", ""vibration_z_last""]",vibration_slope,1,1,True,True,0.25,0.25,False,1.0,0.0
synthetic,sensor_drift_043_w360,0,0,sensor_drift,sensor_drift,4,"[""current_delta_mean"", ""current_slope"", ""current_z_last"", ""temperature_z_last""]",vibration_slope,1,2,True,True,0.25,0.5,False,1.0,0.0
synthetic,sensor_drift_043_w360,0,1,sensor_drift,sensor_drift,4,"[""current_delta_mean"", ""current_slope"", ""current_z_last"", ""temperature_z_last""]",vibration_slope,1,2,True,True,0.25,0.5,False,1.0,0.0
synthetic,sensor_drift_043_w360,0,2,sensor_drift,sensor_drift,4,"[""current_delta_mean"", ""current_slope"", ""current_z_last"", ""temperature_z_last""]",vibration_slope,1,2,True,True,0.25,0.5,False,1.0,0.0
synthetic,sensor_drift_043_w360,0,3,sensor_drift,sensor_drift,4,"[""current_delta_mean"", ""current_slope"", ""current_z_last"", ""temperature_z_last""]",vibration_slope,1,2,True,True,0.25,0.5,False,1.0,0.0
synthetic,sensor_drift_043_w360,0,4,sensor_drift,sensor_drift,4,"[""current_delta_mean"", ""current_slope"", ""current_z_last"", ""temperature_z_last""]",vibration_slope,1,2,True,True,0.25,0.5,False,1.0,0.0
synthetic,sensor_drift_044_w300,0,0,sensor_drift,sensor_drift,4,"[""current_z_last"", ""vibration_delta_mean"", ""vibration_slope"", ""temperature_z_last""]",vibration_slope,2,3,True,True,0.5,0.75,True,1.0,0.0
synthetic,sensor_drift_044_w300,0,1,sensor_drift,sensor_drift,4,"[""current_z_last"", ""vibration_delta_mean"", ""vibration_slope"", ""temperature_z_last""]",vibration_slope,2,3,True,True,0.5,0.75,True,1.0,0.0
synthetic,sensor_drift_044_w300,0,2,sensor_drift,sensor_drift,3,"[""current_z_last"", ""vibration_delta_mean"", ""vibration_slope""]",vibration_slope,2,3,True,True,0.6666666666666666,1.0,True,1.0,0.0
synthetic,sensor_drift_044_w300,0,3,sensor_drift,sensor_drift,4,"[""current_z_last"", ""vibration_delta_mean"", ""vibration_slope"", ""temperature_z_last""]",vibration_slope,2,3,True,True,0.5,0.75,True,1.0,0.0
synthetic,sensor_drift_044_w300,0,4,sensor_drift,sensor_drift,4,"[""current_z_last"", ""vibration_delta_mean"", ""vibration_slope"", ""temperature_z_last""]",vibration_slope,2,3,True,True,0.5,0.75,True,1.0,0.0
synthetic,sensor_drift_044_w360,0,0,sensor_drift,sensor_drift,4,"[""current_delta_mean"", ""current_z_last"", ""current_slope"", ""temperature_z_last""]",vibration_slope,1,2,True,True,0.25,0.5,False,1.0,0.0
synthetic,sensor_drift_044_w360,0,1,sensor_drift,sensor_drift,4,"[""current_delta_mean"", ""current_z_last"", ""current_slope"", ""temperature_z_last""]",vibration_slope,1,2,True,True,0.25,0.5,False,1.0,0.0
synthetic,sensor_drift_044_w360,0,2,sensor_drift,sensor_drift,4,"[""current_delta_mean"", ""current_z_last"", ""current_slope"", ""temperature_z_last""]",vibration_slope,1,2,True,True,0.25,0.5,False,1.0,0.0
synthetic,sensor_drift_044_w360,0,3,sensor_drift,sensor_drift,4,"[""current_delta_mean"", ""current_z_last"", ""current_slope"", ""temperature_z_last""]",vibration_slope,1,2,True,True,0.25,0.5,False,1.0,0.0
synthetic,sensor_drift_044_w360,0,4,sensor_drift,sensor_drift,4,"[""current_delta_mean"", ""current_z_last"", ""current_slope"", ""temperature_z_last""]",vibration_slope,1,2,True,True,0.25,0.5,False,1.0,0.0
synthetic,sensor_drift_044_w480,0,0,sensor_drift,sensor_drift,4,"[""current_delta_mean"", ""current_slope"", ""temperature_slope"", ""temperature_z_last""]",vibration_delta_mean,1,3,True,True,0.25,0.75,False,1.0,0.0
synthetic,sensor_drift_044_w480,0,1,sensor_drift,sensor_drift,4,"[""current_delta_mean"", ""current_slope"", ""temperature_slope"", ""temperature_z_last""]",vibration_delta_mean,1,3,True,True,0.25,0.75,False,1.0,0.0
synthetic,sensor_drift_044_w480,0,2,sensor_drift,sensor_drift,4,"[""current_delta_mean"", ""current_slope"", ""temperature_slope"", ""temperature_z_last""]",vibration_delta_mean,1,3,True,True,0.25,0.75,False,1.0,0.0
synthetic,sensor_drift_044_w480,0,3,sensor_drift,sensor_drift,4,"[""current_delta_mean"", ""current_slope"", ""temperature_z_last"", ""vibration_z_last""]",vibration_delta_mean,1,2,True,True,0.25,0.5,False,0.75,0.25
synthetic,sensor_drift_044_w480,0,4,sensor_drift,sensor_drift,4,"[""current_delta_mean"", ""current_slope"", ""temperature_slope"", ""temperature_z_last""]",vibration_delta_mean,1,3,True,True,0.25,0.75,False,1.0,0.0
synthetic,sensor_drift_045_w300,0,0,sensor_drift,sensor_drift,4,"[""current_z_last"", ""vibration_slope"", ""vibration_delta_mean"", ""vibration_z_last""]",vibration_slope,3,3,True,True,0.75,0.75,True,1.0,0.0
synthetic,sensor_drift_045_w300,0,1,sensor_drift,sensor_drift,4,"[""current_z_last"", ""vibration_delta_mean"", ""vibration_slope"", ""temperature_z_last""]",vibration_slope,3,3,True,True,0.75,0.75,True,1.0,0.0
synthetic,sensor_drift_045_w300,0,2,sensor_drift,sensor_drift,4,"[""current_z_last"", ""vibration_z_last"", ""vibration_slope"", ""vibration_delta_mean""]",vibration_slope,3,3,True,True,0.75,0.75,True,1.0,0.0
synthetic,sensor_drift_045_w300,0,3,sensor_drift,sensor_drift,4,"[""current_z_last"", ""vibration_z_last"", ""vibration_slope"", ""vibration_delta_mean""]",vibration_slope,3,3,True,True,0.75,0.75,True,1.0,0.0
synthetic,sensor_drift_045_w300,0,4,sensor_drift,sensor_drift,4,"[""current_z_last"", ""vibration_delta_mean"", ""vibration_slope"", ""temperature_z_last""]",vibration_slope,3,3,True,True,0.75,0.75,True,1.0,0.0
synthetic,sensor_drift_046_w420,0,0,sensor_drift,sensor_drift,4,"[""temperature_delta_mean"", ""temperature_slope"", ""vibration_z_last"", ""current_z_last""]",vibration_delta_mean,0,2,False,True,0.0,0.5,False,1.0,0.0
synthetic,sensor_drift_046_w420,0,1,sensor_drift,sensor_drift,4,"[""temperature_delta_mean"", ""temperature_slope"", ""vibration_z_last"", ""current_z_last""]",vibration_delta_mean,0,2,False,True,0.0,0.5,False,1.0,0.0
synthetic,sensor_drift_046_w420,0,2,sensor_drift,sensor_drift,4,"[""temperature_slope"", ""temperature_delta_mean"", ""vibration_z_last"", ""current_z_last""]",vibration_delta_mean,0,2,False,True,0.0,0.5,False,1.0,0.0
synthetic,sensor_drift_046_w420,0,3,sensor_drift,sensor_drift,4,"[""temperature_slope"", ""temperature_delta_mean"", ""vibration_z_last"", ""current_z_last""]",vibration_delta_mean,0,2,False,True,0.0,0.5,False,1.0,0.0
synthetic,sensor_drift_046_w420,0,4,sensor_drift,sensor_drift,4,"[""temperature_delta_mean"", ""temperature_slope"", ""vibration_z_last"", ""current_z_last""]",vibration_delta_mean,0,2,False,True,0.0,0.5,False,1.0,0.0
synthetic,sensor_drift_046_w480,0,0,sensor_drift,sensor_drift,4,"[""current_delta_mean"", ""current_z_last"", ""current_slope"", ""temperature_slope""]",vibration_slope,1,2,True,True,0.25,0.5,False,1.0,0.0
synthetic,sensor_drift_046_w480,0,1,sensor_drift,sensor_drift,4,"[""current_delta_mean"", ""current_z_last"", ""current_slope"", ""temperature_slope""]",vibration_slope,1,2,True,True,0.25,0.5,False,1.0,0.0
synthetic,sensor_drift_046_w480,0,2,sensor_drift,sensor_drift,4,"[""current_delta_mean"", ""current_z_last"", ""current_slope"", ""temperature_slope""]",vibration_slope,1,2,True,True,0.25,0.5,False,1.0,0.0
synthetic,sensor_drift_046_w480,0,3,sensor_drift,sensor_drift,4,"[""current_delta_mean"", ""current_z_last"", ""current_slope"", ""temperature_slope""]",vibration_slope,1,2,True,True,0.25,0.5,False,1.0,0.0
synthetic,sensor_drift_046_w480,0,4,sensor_drift,sensor_drift,4,"[""current_delta_mean"", ""current_z_last"", ""current_slope"", ""temperature_slope""]",vibration_slope,1,2,True,True,0.25,0.5,False,1.0,0.0
synthetic,sensor_drift_047_w360,0,0,sensor_drift,sensor_drift,4,"[""current_delta_mean"", ""current_slope"", ""temperature_z_last"", ""vibration_z_last""]",vibration_slope,0,1,False,True,0.0,0.25,False,1.0,0.0
synthetic,sensor_drift_047_w360,0,1,sensor_drift,sensor_drift,4,"[""current_delta_mean"", ""current_slope"", ""temperature_z_last"", ""vibration_z_last""]",vibration_slope,0,1,False,True,0.0,0.25,False,1.0,0.0
synthetic,sensor_drift_047_w360,0,2,sensor_drift,sensor_drift,4,"[""current_delta_mean"", ""current_slope"", ""temperature_z_last"", ""vibration_z_last""]",vibration_slope,0,1,False,True,0.0,0.25,False,1.0,0.0
synthetic,sensor_drift_047_w360,0,3,sensor_drift,sensor_drift,4,"[""current_delta_mean"", ""current_slope"", ""temperature_z_last"", ""vibration_z_last""]",vibration_slope,0,1,False,True,0.0,0.25,False,1.0,0.0
synthetic,sensor_drift_047_w360,0,4,sensor_drift,sensor_drift,4,"[""current_delta_mean"", ""current_slope"", ""temperature_z_last"", ""vibration_z_last""]",vibration_slope,0,1,False,True,0.0,0.25,False,1.0,0.0
synthetic,overvoltage_004_w360,0,0,overvoltage,overvoltage,4,"[""current_z_last"", ""temperature_delta_mean"", ""temperature_slope"", ""temperature_z_last""]",current_z_last,1,1,True,True,0.25,0.25,True,1.0,0.0
synthetic,overvoltage_004_w360,0,1,overvoltage,overvoltage,4,"[""current_z_last"", ""temperature_delta_mean"", ""temperature_slope"", ""temperature_z_last""]",current_z_last,1,1,True,True,0.25,0.25,True,1.0,0.0
synthetic,overvoltage_004_w360,0,2,overvoltage,overvoltage,4,"[""current_z_last"", ""temperature_delta_mean"", ""temperature_slope"", ""temperature_z_last""]",current_z_last,1,1,True,True,0.25,0.25,True,1.0,0.0
synthetic,overvoltage_004_w360,0,3,overvoltage,overvoltage,4,"[""current_z_last"", ""temperature_delta_mean"", ""temperature_slope"", ""temperature_z_last""]",current_z_last,1,1,True,True,0.25,0.25,True,1.0,0.0
synthetic,overvoltage_004_w360,0,4,overvoltage,overvoltage,3,"[""current_z_last"", ""temperature_delta_mean"", ""temperature_slope""]",current_z_last,1,1,True,True,0.3333333333333333,0.3333333333333333,True,1.0,0.0
synthetic,overvoltage_004_w480,0,0,overvoltage,overvoltage,3,"[""current_z_last"", ""temperature_z_last"", ""vibration_z_last""]",vibration_slope,1,1,True,True,0.3333333333333333,0.3333333333333333,False,0.6666666666666666,0.3333333333333333
synthetic,overvoltage_004_w480,0,1,overvoltage,overvoltage,3,"[""current_z_last"", ""temperature_z_last"", ""vibration_z_last""]",vibration_slope,1,1,True,True,0.3333333333333333,0.3333333333333333,False,0.6666666666666666,0.3333333333333333
synthetic,overvoltage_004_w480,0,2,overvoltage,overvoltage,3,"[""current_z_last"", ""temperature_z_last"", ""vibration_z_last""]",vibration_slope,1,1,True,True,0.3333333333333333,0.3333333333333333,False,0.6666666666666666,0.3333333333333333
synthetic,overvoltage_004_w480,0,3,overvoltage,overvoltage,4,"[""current_z_last"", ""temperature_z_last"", ""vibration_z_last"", ""temperature_delta_mean""]",vibration_slope,1,1,True,True,0.25,0.25,False,0.75,0.25
synthetic,overvoltage_004_w480,0,4,overvoltage,overvoltage,3,"[""current_z_last"", ""temperature_z_last"", ""vibration_z_last""]",vibration_slope,1,1,True,True,0.3333333333333333,0.3333333333333333,False,0.6666666666666666,0.3333333333333333
synthetic,overvoltage_006_w360,0,0,overvoltage,overvoltage,4,"[""current_z_last"", ""temperature_delta_mean"", ""vibration_z_last"", ""temperature_z_last""]",vibration_slope,1,1,True,True,0.25,0.25,False,1.0,0.0
synthetic,overvoltage_006_w360,0,1,overvoltage,overvoltage,3,"[""current_z_last"", ""temperature_delta_mean"", ""vibration_z_last""]",vibration_slope,1,1,True,True,0.3333333333333333,0.3333333333333333,False,1.0,0.0
synthetic,overvoltage_006_w360,0,2,overvoltage,overvoltage,3,"[""current_z_last"", ""temperature_delta_mean"", ""vibration_z_last""]",vibration_slope,1,1,True,True,0.3333333333333333,0.3333333333333333,False,1.0,0.0
synthetic,overvoltage_006_w360,0,3,overvoltage,overvoltage,3,"[""current_z_last"", ""temperature_delta_mean"", ""vibration_z_last""]",vibration_slope,1,1,True,True,0.3333333333333333,0.3333333333333333,False,1.0,0.0
synthetic,overvoltage_006_w360,0,4,overvoltage,overvoltage,4,"[""current_z_last"", ""temperature_delta_mean"", ""temperature_slope"", ""vibration_z_last""]",vibration_slope,1,1,True,True,0.25,0.25,False,1.0,0.0
synthetic,overvoltage_007_w360,0,0,overvoltage,overvoltage,3,"[""current_z_last"", ""temperature_z_last"", ""temperature_slope""]",vibration_slope,1,1,True,True,0.3333333333333333,0.3333333333333333,False,1.0,0.0
synthetic,overvoltage_007_w360,0,1,overvoltage,overvoltage,3,"[""temperature_z_last"", ""current_z_last"", ""temperature_slope""]",vibration_slope,1,1,True,True,0.3333333333333333,0.3333333333333333,False,1.0,0.0
synthetic,overvoltage_007_w360,0,2,overvoltage,overvoltage,3,"[""current_z_last"", ""temperature_z_last"", ""temperature_slope""]",vibration_slope,1,1,True,True,0.3333333333333333,0.3333333333333333,False,1.0,0.0
synthetic,overvoltage_007_w360,0,3,overvoltage,overvoltage,3,"[""current_z_last"", ""temperature_z_last"", ""temperature_slope""]",vibration_slope,1,1,True,True,0.3333333333333333,0.3333333333333333,False,1.0,0.0
synthetic,overvoltage_007_w360,0,4,overvoltage,overvoltage,3,"[""current_z_last"", ""temperature_z_last"", ""temperature_slope""]",vibration_slope,1,1,True,True,0.3333333333333333,0.3333333333333333,False,1.0,0.0
synthetic,overvoltage_007_w420,0,0,overvoltage,overvoltage,4,"[""current_delta_mean"", ""current_slope"", ""temperature_delta_mean"", ""temperature_slope""]",current_slope,1,3,True,True,0.25,0.75,True,1.0,0.0
synthetic,overvoltage_007_w420,0,1,overvoltage,overvoltage,4,"[""current_delta_mean"", ""current_slope"", ""temperature_delta_mean"", ""temperature_slope""]",current_slope,1,3,True,True,0.25,0.75,True,1.0,0.0
synthetic,overvoltage_007_w420,0,2,overvoltage,overvoltage,4,"[""current_delta_mean"", ""current_slope"", ""temperature_slope"", ""temperature_delta_mean""]",current_slope,1,3,True,True,0.25,0.75,True,1.0,0.0
synthetic,overvoltage_007_w420,0,3,overvoltage,overvoltage,4,"[""current_delta_mean"", ""current_slope"", ""temperature_delta_mean"", ""temperature_slope""]",current_slope,1,3,True,True,0.25,0.75,True,1.0,0.0
synthetic,overvoltage_007_w420,0,4,overvoltage,overvoltage,4,"[""current_delta_mean"", ""current_slope"", ""temperature_delta_mean"", ""temperature_slope""]",current_slope,1,3,True,True,0.25,0.75,True,1.0,0.0
synthetic,overvoltage_008_w300,0,0,overvoltage,overvoltage,4,"[""current_delta_mean"", ""current_slope"", ""temperature_slope"", ""temperature_z_last""]",vibration_slope,1,3,True,True,0.25,0.75,False,1.0,0.0
synthetic,overvoltage_008_w300,0,1,overvoltage,overvoltage,4,"[""current_delta_mean"", ""current_slope"", ""temperature_slope"", ""temperature_z_last""]",vibration_slope,1,3,True,True,0.25,0.75,False,1.0,0.0
synthetic,overvoltage_008_w300,0,2,overvoltage,overvoltage,4,"[""current_delta_mean"", ""current_slope"", ""temperature_slope"", ""temperature_z_last""]",vibration_slope,1,3,True,True,0.25,0.75,False,1.0,0.0
synthetic,overvoltage_008_w300,0,3,overvoltage,overvoltage,4,"[""current_delta_mean"", ""current_slope"", ""temperature_slope"", ""temperature_z_last""]",vibration_slope,1,3,True,True,0.25,0.75,False,1.0,0.0
synthetic,overvoltage_008_w300,0,4,overvoltage,overvoltage,4,"[""current_delta_mean"", ""current_slope"", ""temperature_slope"", ""temperature_z_last""]",vibration_slope,1,3,True,True,0.25,0.75,False,1.0,0.0
synthetic,overvoltage_008_w480,0,0,overvoltage,overvoltage,4,"[""current_z_last"", ""temperature_z_last"", ""vibration_z_last"", ""current_delta_mean""]",vibration_slope,1,2,True,True,0.25,0.5,False,0.75,0.25
synthetic,overvoltage_008_w480,0,1,overvoltage,overvoltage,3,"[""current_z_last"", ""temperature_z_last"", ""vibration_z_last""]",vibration_slope,1,1,True,True,0.3333333333333333,0.3333333333333333,False,1.0,0.0
synthetic,overvoltage_008_w480,0,2,overvoltage,overvoltage,3,"[""current_z_last"", ""temperature_z_last"", ""vibration_z_last""]",vibration_slope,1,1,True,True,0.3333333333333333,0.3333333333333333,False,0.6666666666666666,0.3333333333333333
synthetic,overvoltage_008_w480,0,3,overvoltage,overvoltage,4,"[""current_z_last"", ""temperature_z_last"", ""vibration_z_last"", ""current_delta_mean""]",vibration_slope,1,2,True,True,0.25,0.5,False,1.0,0.0
synthetic,overvoltage_008_w480,0,4,overvoltage,overvoltage,4,"[""current_z_last"", ""temperature_z_last"", ""vibration_z_last"", ""current_delta_mean""]",vibration_slope,1,2,True,True,0.25,0.5,False,1.0,0.0
synthetic,overvoltage_011_w360,0,0,overvoltage,overvoltage,4,"[""current_z_last"", ""temperature_delta_mean"", ""temperature_slope"", ""vibration_z_last""]",vibration_slope,1,1,True,True,0.25,0.25,False,1.0,0.0
synthetic,overvoltage_011_w360,0,1,overvoltage,overvoltage,4,"[""current_z_last"", ""temperature_delta_mean"", ""temperature_slope"", ""vibration_z_last""]",vibration_slope,1,1,True,True,0.25,0.25,False,1.0,0.0
synthetic,overvoltage_011_w360,0,2,overvoltage,overvoltage,4,"[""current_z_last"", ""temperature_delta_mean"", ""vibration_z_last"", ""temperature_slope""]",vibration_slope,1,1,True,True,0.25,0.25,False,1.0,0.0
synthetic,overvoltage_011_w360,0,3,overvoltage,overvoltage,4,"[""current_z_last"", ""temperature_delta_mean"", ""temperature_slope"", ""vibration_z_last""]",vibration_slope,1,1,True,True,0.25,0.25,False,1.0,0.0
synthetic,overvoltage_011_w360,0,4,overvoltage,overvoltage,4,"[""current_z_last"", ""temperature_delta_mean"", ""temperature_slope"", ""vibration_z_last""]",vibration_slope,1,1,True,True,0.25,0.25,False,1.0,0.0
synthetic,overvoltage_011_w420,0,0,overvoltage,overvoltage,4,"[""current_delta_mean"", ""current_slope"", ""temperature_delta_mean"", ""temperature_slope""]",vibration_slope,1,3,True,True,0.25,0.75,False,1.0,0.0
synthetic,overvoltage_011_w420,0,1,overvoltage,overvoltage,4,"[""current_delta_mean"", ""current_slope"", ""temperature_delta_mean"", ""temperature_slope""]",vibration_slope,1,3,True,True,0.25,0.75,False,1.0,0.0
synthetic,overvoltage_011_w420,0,2,overvoltage,overvoltage,4,"[""current_delta_mean"", ""current_slope"", ""temperature_delta_mean"", ""temperature_slope""]",vibration_slope,1,3,True,True,0.25,0.75,False,1.0,0.0
synthetic,overvoltage_011_w420,0,3,overvoltage,overvoltage,4,"[""current_delta_mean"", ""current_slope"", ""temperature_delta_mean"", ""temperature_slope""]",vibration_slope,1,3,True,True,0.25,0.75,False,1.0,0.0
synthetic,overvoltage_011_w420,0,4,overvoltage,overvoltage,4,"[""current_delta_mean"", ""current_slope"", ""temperature_delta_mean"", ""temperature_slope""]",vibration_slope,1,3,True,True,0.25,0.75,False,1.0,0.0
synthetic,overvoltage_011_w480,0,0,sensor_drift,overvoltage,4,"[""current_z_last"", ""temperature_z_last"", ""vibration_z_last"", ""current_delta_mean""]",vibration_slope,1,2,True,True,0.25,0.5,False,1.0,0.0
synthetic,overvoltage_011_w480,0,1,sensor_drift,overvoltage,4,"[""current_z_last"", ""temperature_z_last"", ""vibration_z_last"", ""current_delta_mean""]",vibration_slope,1,2,True,True,0.25,0.5,False,1.0,0.0
synthetic,overvoltage_011_w480,0,2,sensor_drift,overvoltage,4,"[""current_z_last"", ""temperature_z_last"", ""vibration_z_last"", ""current_delta_mean""]",vibration_slope,1,2,True,True,0.25,0.5,False,1.0,0.0
synthetic,overvoltage_011_w480,0,3,sensor_drift,overvoltage,4,"[""current_z_last"", ""temperature_z_last"", ""vibration_z_last"", ""current_delta_mean""]",vibration_slope,1,2,True,True,0.25,0.5,False,1.0,0.0
synthetic,overvoltage_011_w480,0,4,overvoltage,overvoltage,4,"[""current_z_last"", ""temperature_z_last"", ""vibration_z_last"", ""current_delta_mean""]",vibration_slope,1,2,True,True,0.25,0.5,False,1.0,0.0
synthetic,overvoltage_022_w300,0,0,overvoltage,overvoltage,4,"[""current_delta_mean"", ""current_slope"", ""temperature_z_last"", ""vibration_z_last""]",current_slope,2,2,True,True,0.5,0.5,True,1.0,0.0
synthetic,overvoltage_022_w300,0,1,overvoltage,overvoltage,4,"[""current_delta_mean"", ""current_slope"", ""temperature_z_last"", ""vibration_z_last""]",current_slope,2,2,True,True,0.5,0.5,True,1.0,0.0
synthetic,overvoltage_022_w300,0,2,overvoltage,overvoltage,4,"[""current_delta_mean"", ""current_slope"", ""temperature_z_last"", ""vibration_z_last""]",current_slope,2,2,True,True,0.5,0.5,True,1.0,0.0
synthetic,overvoltage_022_w300,0,3,overvoltage,overvoltage,4,"[""current_delta_mean"", ""current_slope"", ""temperature_z_last"", ""vibration_z_last""]",current_slope,2,2,True,True,0.5,0.5,True,1.0,0.0
synthetic,overvoltage_022_w300,0,4,overvoltage,overvoltage,4,"[""current_delta_mean"", ""current_slope"", ""temperature_z_last"", ""vibration_z_last""]",current_slope,2,2,True,True,0.5,0.5,True,1.0,0.0
synthetic,overvoltage_027_w300,0,0,overvoltage,overvoltage,4,"[""current_delta_mean"", ""current_slope"", ""temperature_z_last"", ""temperature_slope""]",vibration_slope,1,2,True,True,0.25,0.5,False,1.0,0.0
synthetic,overvoltage_027_w300,0,1,overvoltage,overvoltage,4,"[""current_delta_mean"", ""current_slope"", ""temperature_z_last"", ""temperature_slope""]",vibration_slope,1,2,True,True,0.25,0.5,False,1.0,0.0
synthetic,overvoltage_027_w300,0,2,overvoltage,overvoltage,4,"[""current_delta_mean"", ""current_slope"", ""temperature_z_last"", ""temperature_slope""]",vibration_slope,1,2,True,True,0.25,0.5,False,1.0,0.0
synthetic,overvoltage_027_w300,0,3,overvoltage,overvoltage,4,"[""current_delta_mean"", ""current_slope"", ""temperature_z_last"", ""temperature_slope""]",vibration_slope,1,2,True,True,0.25,0.5,False,1.0,0.0
synthetic,overvoltage_027_w300,0,4,overvoltage,overvoltage,4,"[""current_delta_mean"", ""current_slope"", ""temperature_z_last"", ""temperature_slope""]",vibration_slope,1,2,True,True,0.25,0.5,False,1.0,0.0
synthetic,overvoltage_032_w480,0,0,overvoltage,overvoltage,3,"[""current_z_last"", ""temperature_z_last"", ""vibration_z_last""]",current_z_last,1,1,True,True,0.3333333333333333,0.3333333333333333,True,0.3333333333333333,0.6666666666666666
synthetic,overvoltage_032_w480,0,1,overvoltage,overvoltage,3,"[""current_z_last"", ""temperature_z_last"", ""vibration_z_last""]",current_z_last,1,1,True,True,0.3333333333333333,0.3333333333333333,True,0.3333333333333333,0.6666666666666666
synthetic,overvoltage_032_w480,0,2,overvoltage,overvoltage,3,"[""current_z_last"", ""temperature_z_last"", ""vibration_z_last""]",current_z_last,1,1,True,True,0.3333333333333333,0.3333333333333333,True,0.3333333333333333,0.6666666666666666
synthetic,overvoltage_032_w480,0,3,overvoltage,overvoltage,3,"[""current_z_last"", ""temperature_z_last"", ""vibration_z_last""]",current_z_last,1,1,True,True,0.3333333333333333,0.3333333333333333,True,0.3333333333333333,0.6666666666666666
synthetic,overvoltage_032_w480,0,4,overvoltage,overvoltage,3,"[""current_z_last"", ""temperature_z_last"", ""vibration_z_last""]",current_z_last,1,1,True,True,0.3333333333333333,0.3333333333333333,True,0.3333333333333333,0.6666666666666666
synthetic,overvoltage_033_w480,0,0,overvoltage,overvoltage,3,"[""temperature_z_last"", ""current_z_last"", ""vibration_delta_mean""]",vibration_slope,2,2,True,True,0.6666666666666666,0.6666666666666666,False,1.0,0.0
synthetic,overvoltage_033_w480,0,1,overvoltage,overvoltage,3,"[""temperature_z_last"", ""current_z_last"", ""vibration_z_last""]",vibration_slope,1,1,True,True,0.3333333333333333,0.3333333333333333,False,1.0,0.0
synthetic,overvoltage_033_w480,0,2,overvoltage,overvoltage,4,"[""current_z_last"", ""temperature_z_last"", ""current_delta_mean"", ""vibration_z_last""]",vibration_slope,1,2,True,True,0.25,0.5,False,1.0,0.0
synthetic,overvoltage_033_w480,0,3,overvoltage,overvoltage,4,"[""current_z_last"", ""temperature_z_last"", ""vibration_z_last"", ""temperature_delta_mean""]",vibration_slope,1,1,True,True,0.25,0.25,False,1.0,0.0
synthetic,overvoltage_033_w480,0,4,overvoltage,overvoltage,4,"[""current_z_last"", ""temperature_z_last"", ""current_delta_mean"", ""vibration_delta_mean""]",vibration_slope,2,3,True,True,0.5,0.75,False,1.0,0.0
synthetic,overvoltage_038_w300,0,0,overvoltage,overvoltage,4,"[""current_delta_mean"", ""current_slope"", ""temperature_z_last"", ""temperature_slope""]",current_slope,2,2,True,True,0.5,0.5,True,1.0,0.0
synthetic,overvoltage_038_w300,0,1,overvoltage,overvoltage,4,"[""current_delta_mean"", ""current_slope"", ""temperature_z_last"", ""temperature_slope""]",current_slope,2,2,True,True,0.5,0.5,True,1.0,0.0
synthetic,overvoltage_038_w300,0,2,overvoltage,overvoltage,4,"[""current_delta_mean"", ""current_slope"", ""temperature_z_last"", ""temperature_slope""]",current_slope,2,2,True,True,0.5,0.5,True,1.0,0.0
synthetic,overvoltage_038_w300,0,3,overvoltage,overvoltage,4,"[""current_delta_mean"", ""current_slope"", ""temperature_z_last"", ""temperature_slope""]",current_slope,2,2,True,True,0.5,0.5,True,1.0,0.0
synthetic,overvoltage_038_w300,0,4,overvoltage,overvoltage,4,"[""current_delta_mean"", ""current_slope"", ""temperature_z_last"", ""temperature_slope""]",current_slope,2,2,True,True,0.5,0.5,True,1.0,0.0
synthetic,overvoltage_038_w360,0,0,overvoltage,overvoltage,4,"[""current_z_last"", ""temperature_z_last"", ""temperature_delta_mean"", ""temperature_slope""]",current_z_last,1,1,True,True,0.25,0.25,True,1.0,0.0
synthetic,overvoltage_038_w360,0,1,overvoltage,overvoltage,4,"[""current_z_last"", ""temperature_delta_mean"", ""temperature_z_last"", ""temperature_slope""]",current_z_last,1,1,True,True,0.25,0.25,True,1.0,0.0
synthetic,overvoltage_038_w360,0,2,overvoltage,overvoltage,4,"[""current_z_last"", ""temperature_z_last"", ""temperature_delta_mean"", ""temperature_slope""]",current_z_last,1,1,True,True,0.25,0.25,True,1.0,0.0
synthetic,overvoltage_038_w360,0,3,overvoltage,overvoltage,4,"[""current_z_last"", ""temperature_delta_mean"", ""temperature_slope"", ""temperature_z_last""]",current_z_last,1,1,True,True,0.25,0.25,True,1.0,0.0
synthetic,overvoltage_038_w360,0,4,overvoltage,overvoltage,4,"[""current_z_last"", ""temperature_z_last"", ""temperature_delta_mean"", ""temperature_slope""]",current_z_last,1,1,True,True,0.25,0.25,True,1.0,0.0
synthetic,overvoltage_038_w480,0,0,overvoltage,overvoltage,4,"[""current_z_last"", ""vibration_z_last"", ""temperature_z_last"", ""current_delta_mean""]",vibration_delta_mean,1,2,True,True,0.25,0.5,False,1.0,0.0
synthetic,overvoltage_038_w480,0,1,overvoltage,overvoltage,4,"[""current_z_last"", ""vibration_z_last"", ""temperature_z_last"", ""current_delta_mean""]",vibration_delta_mean,1,2,True,True,0.25,0.5,False,0.75,0.25
synthetic,overvoltage_038_w480,0,2,overvoltage,overvoltage,3,"[""current_z_last"", ""vibration_z_last"", ""temperature_z_last""]",vibration_delta_mean,1,1,True,True,0.3333333333333333,0.3333333333333333,False,0.6666666666666666,0.3333333333333333
synthetic,overvoltage_038_w480,0,3,overvoltage,overvoltage,4,"[""current_z_last"", ""vibration_z_last"", ""temperature_z_last"", ""current_delta_mean""]",vibration_delta_mean,1,2,True,True,0.25,0.5,False,1.0,0.0
synthetic,overvoltage_038_w480,0,4,overvoltage,overvoltage,3,"[""current_z_last"", ""vibration_z_last"", ""temperature_z_last""]",vibration_delta_mean,1,1,True,True,0.3333333333333333,0.3333333333333333,False,0.6666666666666666,0.3333333333333333
synthetic,overvoltage_040_w420,0,0,overvoltage,overvoltage,4,"[""current_delta_mean"", ""current_slope"", ""temperature_delta_mean"", ""temperature_slope""]",vibration_slope,1,3,True,True,0.25,0.75,False,1.0,0.0
synthetic,overvoltage_040_w420,0,1,overvoltage,overvoltage,4,"[""current_delta_mean"", ""current_slope"", ""temperature_delta_mean"", ""temperature_slope""]",vibration_slope,1,3,True,True,0.25,0.75,False,1.0,0.0
synthetic,overvoltage_040_w420,0,2,overvoltage,overvoltage,4,"[""current_delta_mean"", ""current_slope"", ""temperature_delta_mean"", ""temperature_slope""]",vibration_slope,1,3,True,True,0.25,0.75,False,1.0,0.0
synthetic,overvoltage_040_w420,0,3,overvoltage,overvoltage,4,"[""current_delta_mean"", ""current_slope"", ""temperature_delta_mean"", ""temperature_slope""]",vibration_slope,1,3,True,True,0.25,0.75,False,1.0,0.0
synthetic,overvoltage_040_w420,0,4,overvoltage,overvoltage,4,"[""current_delta_mean"", ""current_slope"", ""temperature_delta_mean"", ""temperature_slope""]",vibration_slope,1,3,True,True,0.25,0.75,False,1.0,0.0
synthetic,overvoltage_040_w480,0,0,overvoltage,overvoltage,4,"[""current_z_last"", ""vibration_z_last"", ""current_delta_mean"", ""temperature_z_last""]",vibration_slope,1,2,True,True,0.25,0.5,False,1.0,0.0
synthetic,overvoltage_040_w480,0,1,overvoltage,overvoltage,3,"[""current_z_last"", ""vibration_z_last"", ""current_delta_mean""]",vibration_slope,1,2,True,True,0.3333333333333333,0.6666666666666666,False,1.0,0.0
synthetic,overvoltage_040_w480,0,2,overvoltage,overvoltage,4,"[""current_z_last"", ""vibration_z_last"", ""current_delta_mean"", ""temperature_z_last""]",vibration_slope,1,2,True,True,0.25,0.5,False,1.0,0.0
synthetic,overvoltage_040_w480,0,3,overvoltage,overvoltage,4,"[""current_z_last"", ""vibration_z_last"", ""current_delta_mean"", ""temperature_z_last""]",vibration_slope,1,2,True,True,0.25,0.5,False,1.0,0.0
synthetic,overvoltage_040_w480,0,4,overvoltage,overvoltage,3,"[""current_z_last"", ""vibration_z_last"", ""current_delta_mean""]",vibration_slope,1,2,True,True,0.3333333333333333,0.6666666666666666,False,1.0,0.0
synthetic,overvoltage_041_w480,0,0,overvoltage,overvoltage,3,"[""current_z_last"", ""vibration_delta_mean"", ""vibration_slope""]",vibration_slope,3,3,True,True,1.0,1.0,True,0.3333333333333333,0.6666666666666666
synthetic,overvoltage_041_w480,0,1,overvoltage,overvoltage,3,"[""current_z_last"", ""vibration_z_last"", ""current_delta_mean""]",vibration_slope,1,2,True,True,0.3333333333333333,0.6666666666666666,False,1.0,0.0
synthetic,overvoltage_041_w480,0,2,overvoltage,overvoltage,3,"[""current_z_last"", ""vibration_z_last"", ""vibration_delta_mean""]",vibration_slope,2,2,True,True,0.6666666666666666,0.6666666666666666,False,0.6666666666666666,0.3333333333333333
synthetic,overvoltage_041_w480,0,3,overvoltage,overvoltage,3,"[""current_z_last"", ""vibration_z_last"", ""vibration_delta_mean""]",vibration_slope,2,2,True,True,0.6666666666666666,0.6666666666666666,False,0.6666666666666666,0.3333333333333333
synthetic,overvoltage_041_w480,0,4,overvoltage,overvoltage,3,"[""current_z_last"", ""vibration_z_last"", ""vibration_delta_mean""]",vibration_slope,2,2,True,True,0.6666666666666666,0.6666666666666666,False,1.0,0.0
synthetic,overvoltage_049_w480,0,0,overvoltage,overvoltage,3,"[""current_z_last"", ""temperature_z_last"", ""vibration_z_last""]",vibration_slope,1,1,True,True,0.3333333333333333,0.3333333333333333,False,1.0,0.0
synthetic,overvoltage_049_w480,0,1,overvoltage,overvoltage,3,"[""current_z_last"", ""temperature_z_last"", ""vibration_z_last""]",vibration_slope,1,1,True,True,0.3333333333333333,0.3333333333333333,False,1.0,0.0
synthetic,overvoltage_049_w480,0,2,overvoltage,overvoltage,3,"[""current_z_last"", ""temperature_z_last"", ""vibration_z_last""]",vibration_slope,1,1,True,True,0.3333333333333333,0.3333333333333333,False,1.0,0.0
synthetic,overvoltage_049_w480,0,3,overvoltage,overvoltage,3,"[""current_z_last"", ""temperature_z_last"", ""vibration_z_last""]",vibration_slope,1,1,True,True,0.3333333333333333,0.3333333333333333,False,1.0,0.0
synthetic,overvoltage_049_w480,0,4,overvoltage,overvoltage,4,"[""current_z_last"", ""temperature_z_last"", ""current_delta_mean"", ""vibration_z_last""]",vibration_slope,1,2,True,True,0.25,0.5,False,0.75,0.25
synthetic,winding_short_001_w420,1,0,winding_short,winding_short,4,"[""current_delta_mean"", ""current_slope"", ""vibration_z_last"", ""vibration_delta_mean""]",vibration_delta_mean,2,3,True,True,0.5,0.75,True,1.0,0.0
synthetic,winding_short_001_w420,1,1,winding_short,winding_short,4,"[""current_delta_mean"", ""current_slope"", ""vibration_z_last"", ""vibration_delta_mean""]",vibration_delta_mean,2,3,True,True,0.5,0.75,True,1.0,0.0
synthetic,winding_short_001_w420,1,2,winding_short,winding_short,4,"[""current_delta_mean"", ""current_slope"", ""vibration_z_last"", ""vibration_delta_mean""]",vibration_delta_mean,2,3,True,True,0.5,0.75,True,1.0,0.0
synthetic,winding_short_001_w420,1,3,winding_short,winding_short,4,"[""current_delta_mean"", ""current_slope"", ""vibration_z_last"", ""vibration_delta_mean""]",vibration_delta_mean,2,3,True,True,0.5,0.75,True,1.0,0.0
synthetic,winding_short_001_w420,1,4,winding_short,winding_short,4,"[""current_delta_mean"", ""current_slope"", ""vibration_z_last"", ""vibration_delta_mean""]",vibration_delta_mean,2,3,True,True,0.5,0.75,True,1.0,0.0
synthetic,winding_short_001_w480,1,0,winding_short,winding_short,4,"[""temperature_delta_mean"", ""temperature_slope"", ""current_z_last"", ""vibration_delta_mean""]",vibration_delta_mean,2,3,True,True,0.5,0.75,True,1.0,0.0
synthetic,winding_short_001_w480,1,1,winding_short,winding_short,4,"[""temperature_delta_mean"", ""temperature_slope"", ""current_z_last"", ""vibration_delta_mean""]",vibration_delta_mean,2,3,True,True,0.5,0.75,True,1.0,0.0
synthetic,winding_short_001_w480,1,2,winding_short,winding_short,4,"[""temperature_slope"", ""temperature_delta_mean"", ""current_z_last"", ""vibration_delta_mean""]",vibration_delta_mean,2,3,True,True,0.5,0.75,True,1.0,0.0
synthetic,winding_short_001_w480,1,3,winding_short,winding_short,4,"[""temperature_delta_mean"", ""temperature_slope"", ""current_z_last"", ""vibration_delta_mean""]",vibration_delta_mean,2,3,True,True,0.5,0.75,True,1.0,0.0
synthetic,winding_short_001_w480,1,4,winding_short,winding_short,4,"[""temperature_delta_mean"", ""temperature_slope"", ""current_z_last"", ""vibration_slope""]",vibration_delta_mean,2,3,True,True,0.5,0.75,False,1.0,0.0
synthetic,winding_short_003_w360,1,0,winding_short,winding_short,4,"[""temperature_delta_mean"", ""temperature_slope"", ""vibration_slope"", ""vibration_delta_mean""]",vibration_delta_mean,3,4,True,True,0.75,1.0,True,1.0,0.0
synthetic,winding_short_003_w360,1,1,winding_short,winding_short,4,"[""temperature_delta_mean"", ""temperature_slope"", ""vibration_slope"", ""vibration_delta_mean""]",vibration_delta_mean,3,4,True,True,0.75,1.0,True,1.0,0.0
synthetic,winding_short_003_w360,1,2,winding_short,winding_short,4,"[""temperature_delta_mean"", ""temperature_slope"", ""vibration_slope"", ""vibration_z_last""]",vibration_delta_mean,2,3,True,True,0.5,0.75,False,1.0,0.0
synthetic,winding_short_003_w360,1,3,winding_short,winding_short,4,"[""temperature_delta_mean"", ""temperature_slope"", ""vibration_z_last"", ""vibration_slope""]",vibration_delta_mean,2,3,True,True,0.5,0.75,False,1.0,0.0
synthetic,winding_short_003_w360,1,4,winding_short,winding_short,4,"[""temperature_delta_mean"", ""temperature_slope"", ""vibration_z_last"", ""vibration_slope""]",vibration_delta_mean,2,3,True,True,0.5,0.75,False,1.0,0.0
synthetic,winding_short_003_w480,1,0,winding_short,winding_short,4,"[""temperature_delta_mean"", ""temperature_slope"", ""current_z_last"", ""vibration_delta_mean""]",vibration_delta_mean,2,3,True,True,0.5,0.75,True,1.0,0.0
synthetic,winding_short_003_w480,1,1,winding_short,winding_short,4,"[""temperature_delta_mean"", ""temperature_slope"", ""current_z_last"", ""vibration_delta_mean""]",vibration_delta_mean,2,3,True,True,0.5,0.75,True,1.0,0.0
synthetic,winding_short_003_w480,1,2,winding_short,winding_short,4,"[""temperature_delta_mean"", ""temperature_slope"", ""current_z_last"", ""vibration_delta_mean""]",vibration_delta_mean,2,3,True,True,0.5,0.75,True,1.0,0.0
synthetic,winding_short_003_w480,1,3,winding_short,winding_short,4,"[""temperature_delta_mean"", ""temperature_slope"", ""current_z_last"", ""vibration_delta_mean""]",vibration_delta_mean,2,3,True,True,0.5,0.75,True,1.0,0.0
synthetic,winding_short_003_w480,1,4,winding_short,winding_short,4,"[""temperature_delta_mean"", ""temperature_slope"", ""current_z_last"", ""vibration_delta_mean""]",vibration_delta_mean,2,3,True,True,0.5,0.75,True,1.0,0.0
synthetic,winding_short_005_w300,1,0,winding_short,winding_short,4,"[""current_delta_mean"", ""temperature_delta_mean"", ""current_slope"", ""temperature_slope""]",vibration_delta_mean,1,3,True,True,0.25,0.75,False,1.0,0.0
synthetic,winding_short_005_w300,1,1,winding_short,winding_short,4,"[""current_delta_mean"", ""current_slope"", ""temperature_delta_mean"", ""temperature_slope""]",vibration_delta_mean,1,3,True,True,0.25,0.75,False,1.0,0.0
synthetic,winding_short_005_w300,1,2,winding_short,winding_short,4,"[""current_delta_mean"", ""current_slope"", ""temperature_delta_mean"", ""temperature_slope""]",vibration_delta_mean,1,3,True,True,0.25,0.75,False,1.0,0.0
synthetic,winding_short_005_w300,1,3,winding_short,winding_short,4,"[""current_delta_mean"", ""current_slope"", ""temperature_delta_mean"", ""temperature_slope""]",vibration_delta_mean,1,3,True,True,0.25,0.75,False,1.0,0.0
synthetic,winding_short_005_w300,1,4,winding_short,winding_short,4,"[""current_delta_mean"", ""current_slope"", ""temperature_delta_mean"", ""temperature_slope""]",vibration_delta_mean,1,3,True,True,0.25,0.75,False,1.0,0.0
synthetic,winding_short_005_w360,1,0,winding_short,winding_short,4,"[""temperature_slope"", ""temperature_delta_mean"", ""current_z_last"", ""vibration_delta_mean""]",vibration_delta_mean,2,3,True,True,0.5,0.75,True,1.0,0.0
synthetic,winding_short_005_w360,1,1,winding_short,winding_short,4,"[""temperature_slope"", ""temperature_delta_mean"", ""current_z_last"", ""temperature_z_last""]",vibration_delta_mean,1,2,True,True,0.25,0.5,False,1.0,0.0
synthetic,winding_short_005_w360,1,2,winding_short,winding_short,4,"[""temperature_delta_mean"", ""temperature_slope"", ""current_z_last"", ""temperature_z_last""]",vibration_delta_mean,1,2,True,True,0.25,0.5,False,1.0,0.0
synthetic,winding_short_005_w360,1,3,winding_short,winding_short,4,"[""temperature_delta_mean"", ""temperature_slope"", ""current_z_last"", ""temperature_z_last""]",vibration_delta_mean,1,2,True,True,0.25,0.5,False,1.0,0.0
synthetic,winding_short_005_w360,1,4,winding_short,winding_short,4,"[""temperature_slope"", ""temperature_delta_mean"", ""current_z_last"", ""vibration_delta_mean""]",vibration_delta_mean,2,3,True,True,0.5,0.75,True,1.0,0.0
synthetic,winding_short_005_w420,1,0,winding_short,winding_short,4,"[""current_delta_mean"", ""current_slope"", ""vibration_z_last"", ""vibration_delta_mean""]",vibration_delta_mean,2,3,True,True,0.5,0.75,True,1.0,0.0
synthetic,winding_short_005_w420,1,1,winding_short,winding_short,4,"[""current_delta_mean"", ""current_slope"", ""vibration_z_last"", ""vibration_delta_mean""]",vibration_delta_mean,2,3,True,True,0.5,0.75,True,1.0,0.0
synthetic,winding_short_005_w420,1,2,winding_short,winding_short,4,"[""current_delta_mean"", ""current_slope"", ""vibration_z_last"", ""vibration_delta_mean""]",vibration_delta_mean,2,3,True,True,0.5,0.75,True,1.0,0.0
synthetic,winding_short_005_w420,1,3,winding_short,winding_short,4,"[""current_delta_mean"", ""current_slope"", ""vibration_z_last"", ""vibration_delta_mean""]",vibration_delta_mean,2,3,True,True,0.5,0.75,True,1.0,0.0
synthetic,winding_short_005_w420,1,4,winding_short,winding_short,4,"[""current_delta_mean"", ""current_slope"", ""vibration_z_last"", ""vibration_delta_mean""]",vibration_delta_mean,2,3,True,True,0.5,0.75,True,1.0,0.0
synthetic,winding_short_018_w360,1,0,winding_short,winding_short,3,"[""temperature_slope"", ""temperature_delta_mean"", ""current_z_last""]",vibration_delta_mean,1,2,True,True,0.3333333333333333,0.6666666666666666,False,1.0,0.0
synthetic,winding_short_018_w360,1,1,winding_short,winding_short,4,"[""temperature_slope"", ""temperature_delta_mean"", ""current_z_last"", ""vibration_z_last""]",vibration_delta_mean,1,2,True,True,0.25,0.5,False,1.0,0.0
synthetic,winding_short_018_w360,1,2,winding_short,winding_short,4,"[""temperature_slope"", ""temperature_delta_mean"", ""current_z_last"", ""vibration_z_last""]",vibration_delta_mean,1,2,True,True,0.25,0.5,False,1.0,0.0
synthetic,winding_short_018_w360,1,3,winding_short,winding_short,4,"[""temperature_delta_mean"", ""temperature_slope"", ""current_z_last"", ""vibration_z_last""]",vibration_delta_mean,1,2,True,True,0.25,0.5,False,1.0,0.0
synthetic,winding_short_018_w360,1,4,winding_short,winding_short,4,"[""temperature_delta_mean"", ""temperature_slope"", ""current_z_last"", ""vibration_z_last""]",vibration_delta_mean,1,2,True,True,0.25,0.5,False,1.0,0.0
synthetic,winding_short_025_w300,1,0,winding_short,winding_short,4,"[""current_delta_mean"", ""temperature_delta_mean"", ""temperature_slope"", ""vibration_delta_mean""]",vibration_delta_mean,2,3,True,True,0.5,0.75,True,1.0,0.0
synthetic,winding_short_025_w300,1,1,winding_short,winding_short,4,"[""current_delta_mean"", ""current_slope"", ""temperature_delta_mean"", ""temperature_slope""]",vibration_delta_mean,1,3,True,True,0.25,0.75,False,1.0,0.0
synthetic,winding_short_025_w300,1,2,winding_short,winding_short,4,"[""current_delta_mean"", ""current_slope"", ""temperature_delta_mean"", ""temperature_slope""]",vibration_delta_mean,1,3,True,True,0.25,0.75,False,1.0,0.0
synthetic,winding_short_025_w300,1,3,winding_short,winding_short,4,"[""current_delta_mean"", ""temperature_delta_mean"", ""current_slope"", ""temperature_slope""]",vibration_delta_mean,1,3,True,True,0.25,0.75,False,1.0,0.0
synthetic,winding_short_025_w300,1,4,winding_short,winding_short,4,"[""current_delta_mean"", ""current_slope"", ""temperature_delta_mean"", ""temperature_slope""]",vibration_delta_mean,1,3,True,True,0.25,0.75,False,1.0,0.0
synthetic,winding_short_025_w420,1,0,winding_short,winding_short,4,"[""current_delta_mean"", ""current_slope"", ""vibration_z_last"", ""vibration_slope""]",vibration_delta_mean,2,3,True,True,0.5,0.75,False,1.0,0.0
synthetic,winding_short_025_w420,1,1,winding_short,winding_short,4,"[""current_delta_mean"", ""current_slope"", ""vibration_z_last"", ""vibration_slope""]",vibration_delta_mean,2,3,True,True,0.5,0.75,False,1.0,0.0
synthetic,winding_short_025_w420,1,2,winding_short,winding_short,4,"[""current_delta_mean"", ""current_slope"", ""vibration_z_last"", ""vibration_slope""]",vibration_delta_mean,2,3,True,True,0.5,0.75,False,1.0,0.0
synthetic,winding_short_025_w420,1,3,winding_short,winding_short,4,"[""current_delta_mean"", ""current_slope"", ""vibration_z_last"", ""vibration_slope""]",vibration_delta_mean,2,3,True,True,0.5,0.75,False,1.0,0.0
synthetic,winding_short_025_w420,1,4,winding_short,winding_short,4,"[""current_delta_mean"", ""current_slope"", ""vibration_z_last"", ""vibration_slope""]",vibration_delta_mean,2,3,True,True,0.5,0.75,False,1.0,0.0
synthetic,winding_short_031_w300,1,0,winding_short,winding_short,4,"[""current_delta_mean"", ""current_slope"", ""temperature_delta_mean"", ""vibration_z_last""]",vibration_delta_mean,0,2,False,True,0.0,0.5,False,1.0,0.0
synthetic,winding_short_031_w300,1,1,winding_short,winding_short,4,"[""current_delta_mean"", ""current_slope"", ""temperature_delta_mean"", ""vibration_z_last""]",vibration_delta_mean,0,2,False,True,0.0,0.5,False,1.0,0.0
synthetic,winding_short_031_w300,1,2,winding_short,winding_short,4,"[""current_delta_mean"", ""current_slope"", ""temperature_delta_mean"", ""vibration_z_last""]",vibration_delta_mean,0,2,False,True,0.0,0.5,False,1.0,0.0
synthetic,winding_short_031_w300,1,3,winding_short,winding_short,4,"[""current_delta_mean"", ""current_slope"", ""temperature_delta_mean"", ""vibration_z_last""]",vibration_delta_mean,0,2,False,True,0.0,0.5,False,1.0,0.0
synthetic,winding_short_031_w300,1,4,winding_short,winding_short,3,"[""current_delta_mean"", ""temperature_delta_mean"", ""vibration_z_last""]",vibration_delta_mean,0,1,False,True,0.0,0.3333333333333333,False,1.0,0.0
synthetic,winding_short_031_w420,1,0,winding_short,winding_short,4,"[""current_delta_mean"", ""current_slope"", ""vibration_delta_mean"", ""vibration_slope""]",vibration_delta_mean,3,4,True,True,0.75,1.0,True,1.0,0.0
synthetic,winding_short_031_w420,1,1,winding_short,winding_short,4,"[""current_delta_mean"", ""current_slope"", ""vibration_delta_mean"", ""vibration_slope""]",vibration_delta_mean,3,4,True,True,0.75,1.0,True,1.0,0.0
synthetic,winding_short_031_w420,1,2,winding_short,winding_short,4,"[""current_delta_mean"", ""current_slope"", ""vibration_delta_mean"", ""vibration_slope""]",vibration_delta_mean,3,4,True,True,0.75,1.0,True,1.0,0.0
synthetic,winding_short_031_w420,1,3,winding_short,winding_short,4,"[""current_delta_mean"", ""current_slope"", ""vibration_delta_mean"", ""vibration_slope""]",vibration_delta_mean,3,4,True,True,0.75,1.0,True,1.0,0.0
synthetic,winding_short_031_w420,1,4,winding_short,winding_short,4,"[""current_delta_mean"", ""current_slope"", ""vibration_delta_mean"", ""vibration_slope""]",vibration_delta_mean,3,4,True,True,0.75,1.0,True,1.0,0.0
synthetic,winding_short_031_w480,1,0,winding_short,winding_short,4,"[""current_z_last"", ""temperature_delta_mean"", ""temperature_slope"", ""vibration_z_last""]",vibration_delta_mean,1,2,True,True,0.25,0.5,False,1.0,0.0
synthetic,winding_short_031_w480,1,1,winding_short,winding_short,4,"[""current_z_last"", ""temperature_slope"", ""temperature_delta_mean"", ""vibration_z_last""]",vibration_delta_mean,1,2,True,True,0.25,0.5,False,1.0,0.0
synthetic,winding_short_031_w480,1,2,winding_short,winding_short,4,"[""current_z_last"", ""temperature_slope"", ""temperature_delta_mean"", ""vibration_z_last""]",vibration_delta_mean,1,2,True,True,0.25,0.5,False,1.0,0.0
synthetic,winding_short_031_w480,1,3,winding_short,winding_short,4,"[""current_z_last"", ""temperature_slope"", ""temperature_delta_mean"", ""vibration_z_last""]",vibration_delta_mean,1,2,True,True,0.25,0.5,False,1.0,0.0
synthetic,winding_short_031_w480,1,4,winding_short,winding_short,4,"[""current_z_last"", ""temperature_slope"", ""temperature_delta_mean"", ""vibration_z_last""]",vibration_delta_mean,1,2,True,True,0.25,0.5,False,1.0,0.0
synthetic,winding_short_032_w420,1,0,winding_short,winding_short,4,"[""current_delta_mean"", ""current_slope"", ""vibration_z_last"", ""vibration_slope""]",vibration_delta_mean,2,3,True,True,0.5,0.75,False,1.0,0.0
synthetic,winding_short_032_w420,1,1,winding_short,winding_short,4,"[""current_delta_mean"", ""current_slope"", ""vibration_z_last"", ""vibration_slope""]",vibration_delta_mean,2,3,True,True,0.5,0.75,False,1.0,0.0
synthetic,winding_short_032_w420,1,2,winding_short,winding_short,4,"[""current_delta_mean"", ""current_slope"", ""vibration_z_last"", ""vibration_slope""]",vibration_delta_mean,2,3,True,True,0.5,0.75,False,1.0,0.0
synthetic,winding_short_032_w420,1,3,winding_short,winding_short,4,"[""current_delta_mean"", ""current_slope"", ""vibration_z_last"", ""vibration_slope""]",vibration_delta_mean,2,3,True,True,0.5,0.75,False,1.0,0.0
synthetic,winding_short_032_w420,1,4,winding_short,winding_short,4,"[""current_delta_mean"", ""current_slope"", ""vibration_z_last"", ""vibration_slope""]",vibration_delta_mean,2,3,True,True,0.5,0.75,False,1.0,0.0
synthetic,winding_short_036_w360,1,0,winding_short,winding_short,4,"[""temperature_delta_mean"", ""temperature_slope"", ""current_z_last"", ""vibration_slope""]",vibration_delta_mean,2,3,True,True,0.5,0.75,False,1.0,0.0
synthetic,winding_short_036_w360,1,1,winding_short,winding_short,4,"[""temperature_delta_mean"", ""temperature_slope"", ""current_z_last"", ""vibration_slope""]",vibration_delta_mean,2,3,True,True,0.5,0.75,False,1.0,0.0
synthetic,winding_short_036_w360,1,2,winding_short,winding_short,4,"[""temperature_delta_mean"", ""temperature_slope"", ""current_z_last"", ""vibration_slope""]",vibration_delta_mean,2,3,True,True,0.5,0.75,False,1.0,0.0
synthetic,winding_short_036_w360,1,3,winding_short,winding_short,4,"[""temperature_delta_mean"", ""temperature_slope"", ""current_z_last"", ""vibration_slope""]",vibration_delta_mean,2,3,True,True,0.5,0.75,False,1.0,0.0
synthetic,winding_short_036_w360,1,4,winding_short,winding_short,4,"[""temperature_delta_mean"", ""temperature_slope"", ""current_z_last"", ""vibration_slope""]",vibration_delta_mean,2,3,True,True,0.5,0.75,False,1.0,0.0
synthetic,winding_short_036_w480,1,0,winding_short,winding_short,4,"[""current_z_last"", ""temperature_delta_mean"", ""temperature_slope"", ""vibration_delta_mean""]",vibration_delta_mean,2,3,True,True,0.5,0.75,True,1.0,0.0
synthetic,winding_short_036_w480,1,1,winding_short,winding_short,4,"[""current_z_last"", ""temperature_delta_mean"", ""temperature_slope"", ""vibration_delta_mean""]",vibration_delta_mean,2,3,True,True,0.5,0.75,True,1.0,0.0
synthetic,winding_short_036_w480,1,2,winding_short,winding_short,4,"[""current_z_last"", ""temperature_delta_mean"", ""temperature_slope"", ""vibration_delta_mean""]",vibration_delta_mean,2,3,True,True,0.5,0.75,True,1.0,0.0
synthetic,winding_short_036_w480,1,3,winding_short,winding_short,4,"[""current_z_last"", ""temperature_delta_mean"", ""temperature_slope"", ""vibration_delta_mean""]",vibration_delta_mean,2,3,True,True,0.5,0.75,True,1.0,0.0
synthetic,winding_short_036_w480,1,4,winding_short,winding_short,4,"[""current_z_last"", ""temperature_delta_mean"", ""temperature_slope"", ""vibration_delta_mean""]",vibration_delta_mean,2,3,True,True,0.5,0.75,True,1.0,0.0
synthetic,winding_short_041_w420,1,0,winding_short,winding_short,4,"[""current_delta_mean"", ""current_slope"", ""vibration_z_last"", ""vibration_slope""]",vibration_delta_mean,2,3,True,True,0.5,0.75,False,1.0,0.0
synthetic,winding_short_041_w420,1,1,winding_short,winding_short,4,"[""current_delta_mean"", ""current_slope"", ""vibration_z_last"", ""vibration_slope""]",vibration_delta_mean,2,3,True,True,0.5,0.75,False,1.0,0.0
synthetic,winding_short_041_w420,1,2,winding_short,winding_short,4,"[""current_delta_mean"", ""current_slope"", ""vibration_z_last"", ""vibration_slope""]",vibration_delta_mean,2,3,True,True,0.5,0.75,False,1.0,0.0
synthetic,winding_short_041_w420,1,3,winding_short,winding_short,4,"[""current_delta_mean"", ""current_slope"", ""vibration_z_last"", ""vibration_slope""]",vibration_delta_mean,2,3,True,True,0.5,0.75,False,1.0,0.0
synthetic,winding_short_041_w420,1,4,winding_short,winding_short,4,"[""current_delta_mean"", ""current_slope"", ""vibration_z_last"", ""vibration_slope""]",vibration_delta_mean,2,3,True,True,0.5,0.75,False,1.0,0.0
synthetic,winding_short_043_w360,1,0,winding_short,winding_short,4,"[""temperature_delta_mean"", ""temperature_slope"", ""current_z_last"", ""vibration_delta_mean""]",vibration_delta_mean,2,3,True,True,0.5,0.75,True,1.0,0.0
synthetic,winding_short_043_w360,1,1,winding_short,winding_short,4,"[""temperature_delta_mean"", ""temperature_slope"", ""current_z_last"", ""vibration_delta_mean""]",vibration_delta_mean,2,3,True,True,0.5,0.75,True,1.0,0.0
synthetic,winding_short_043_w360,1,2,winding_short,winding_short,4,"[""temperature_delta_mean"", ""temperature_slope"", ""current_z_last"", ""vibration_delta_mean""]",vibration_delta_mean,2,3,True,True,0.5,0.75,True,1.0,0.0
synthetic,winding_short_043_w360,1,3,winding_short,winding_short,4,"[""temperature_delta_mean"", ""temperature_slope"", ""current_z_last"", ""vibration_delta_mean""]",vibration_delta_mean,2,3,True,True,0.5,0.75,True,1.0,0.0
synthetic,winding_short_043_w360,1,4,winding_short,winding_short,4,"[""temperature_delta_mean"", ""temperature_slope"", ""current_z_last"", ""vibration_delta_mean""]",vibration_delta_mean,2,3,True,True,0.5,0.75,True,1.0,0.0
synthetic,winding_short_043_w420,1,0,winding_short,winding_short,4,"[""current_delta_mean"", ""current_slope"", ""vibration_delta_mean"", ""vibration_slope""]",vibration_delta_mean,3,4,True,True,0.75,1.0,True,1.0,0.0
synthetic,winding_short_043_w420,1,1,winding_short,winding_short,4,"[""current_delta_mean"", ""current_slope"", ""vibration_delta_mean"", ""vibration_slope""]",vibration_delta_mean,3,4,True,True,0.75,1.0,True,1.0,0.0
synthetic,winding_short_043_w420,1,2,winding_short,winding_short,4,"[""current_delta_mean"", ""current_slope"", ""vibration_delta_mean"", ""vibration_slope""]",vibration_delta_mean,3,4,True,True,0.75,1.0,True,1.0,0.0
synthetic,winding_short_043_w420,1,3,winding_short,winding_short,4,"[""current_delta_mean"", ""current_slope"", ""vibration_delta_mean"", ""vibration_slope""]",vibration_delta_mean,3,4,True,True,0.75,1.0,True,1.0,0.0
synthetic,winding_short_043_w420,1,4,winding_short,winding_short,4,"[""current_delta_mean"", ""current_slope"", ""vibration_delta_mean"", ""vibration_slope""]",vibration_delta_mean,3,4,True,True,0.75,1.0,True,1.0,0.0
synthetic,bearing_friction_002_w480,1,0,bearing_friction,bearing_friction,4,"[""vibration_delta_mean"", ""vibration_slope"", ""current_delta_mean"", ""current_slope""]",vibration_slope,3,4,True,True,0.75,1.0,True,1.0,0.0
synthetic,bearing_friction_002_w480,1,1,bearing_friction,bearing_friction,4,"[""vibration_delta_mean"", ""vibration_slope"", ""current_delta_mean"", ""current_slope""]",vibration_slope,3,4,True,True,0.75,1.0,True,1.0,0.0
synthetic,bearing_friction_002_w480,1,2,bearing_friction,bearing_friction,4,"[""vibration_delta_mean"", ""vibration_slope"", ""current_delta_mean"", ""current_slope""]",vibration_slope,3,4,True,True,0.75,1.0,True,1.0,0.0
synthetic,bearing_friction_002_w480,1,3,bearing_friction,bearing_friction,4,"[""vibration_delta_mean"", ""vibration_slope"", ""current_delta_mean"", ""current_slope""]",vibration_slope,3,4,True,True,0.75,1.0,True,1.0,0.0
synthetic,bearing_friction_002_w480,1,4,bearing_friction,bearing_friction,4,"[""vibration_delta_mean"", ""vibration_slope"", ""current_delta_mean"", ""current_slope""]",vibration_slope,3,4,True,True,0.75,1.0,True,1.0,0.0
synthetic,bearing_friction_007_w300,1,0,bearing_friction,bearing_friction,4,"[""vibration_delta_mean"", ""vibration_slope"", ""vibration_z_last"", ""temperature_slope""]",vibration_slope,3,4,True,True,0.75,1.0,True,1.0,0.0
synthetic,bearing_friction_007_w300,1,1,bearing_friction,bearing_friction,4,"[""vibration_delta_mean"", ""vibration_z_last"", ""vibration_slope"", ""temperature_slope""]",vibration_slope,3,4,True,True,0.75,1.0,True,1.0,0.0
synthetic,bearing_friction_007_w300,1,2,bearing_friction,bearing_friction,4,"[""vibration_delta_mean"", ""vibration_slope"", ""vibration_z_last"", ""temperature_slope""]",vibration_slope,3,4,True,True,0.75,1.0,True,1.0,0.0
synthetic,bearing_friction_007_w300,1,3,bearing_friction,bearing_friction,4,"[""vibration_delta_mean"", ""vibration_slope"", ""temperature_slope"", ""temperature_delta_mean""]",vibration_slope,2,4,True,True,0.5,1.0,True,1.0,0.0
synthetic,bearing_friction_007_w300,1,4,bearing_friction,bearing_friction,4,"[""vibration_delta_mean"", ""vibration_z_last"", ""vibration_slope"", ""temperature_slope""]",vibration_slope,3,4,True,True,0.75,1.0,True,1.0,0.0
synthetic,bearing_friction_007_w360,1,0,bearing_friction,bearing_friction,4,"[""vibration_delta_mean"", ""vibration_slope"", ""current_delta_mean"", ""temperature_delta_mean""]",vibration_slope,2,3,True,True,0.5,0.75,True,1.0,0.0
synthetic,bearing_friction_007_w360,1,1,bearing_friction,bearing_friction,4,"[""vibration_delta_mean"", ""vibration_z_last"", ""vibration_slope"", ""current_delta_mean""]",vibration_slope,3,3,True,True,0.75,0.75,True,1.0,0.0
synthetic,bearing_friction_007_w360,1,2,bearing_friction,bearing_friction,4,"[""vibration_delta_mean"", ""vibration_z_last"", ""vibration_slope"", ""current_delta_mean""]",vibration_slope,3,3,True,True,0.75,0.75,True,1.0,0.0
synthetic,bearing_friction_007_w360,1,3,bearing_friction,bearing_friction,4,"[""vibration_delta_mean"", ""vibration_z_last"", ""vibration_slope"", ""current_delta_mean""]",vibration_slope,3,3,True,True,0.75,0.75,True,1.0,0.0
synthetic,bearing_friction_007_w360,1,4,bearing_friction,bearing_friction,4,"[""vibration_delta_mean"", ""vibration_z_last"", ""vibration_slope"", ""current_delta_mean""]",vibration_slope,3,3,True,True,0.75,0.75,True,1.0,0.0
synthetic,bearing_friction_007_w420,1,0,bearing_friction,bearing_friction,3,"[""vibration_delta_mean"", ""vibration_slope"", ""temperature_delta_mean""]",vibration_delta_mean,2,2,True,True,0.6666666666666666,0.6666666666666666,True,1.0,0.0
synthetic,bearing_friction_007_w420,1,1,bearing_friction,bearing_friction,4,"[""vibration_delta_mean"", ""vibration_z_last"", ""vibration_slope"", ""temperature_delta_mean""]",vibration_delta_mean,3,3,True,True,0.75,0.75,True,1.0,0.0
synthetic,bearing_friction_007_w420,1,2,bearing_friction,bearing_friction,4,"[""vibration_delta_mean"", ""vibration_slope"", ""temperature_delta_mean"", ""temperature_slope""]",vibration_delta_mean,2,2,True,True,0.5,0.5,True,1.0,0.0
synthetic,bearing_friction_007_w420,1,3,bearing_friction,bearing_friction,4,"[""vibration_delta_mean"", ""vibration_slope"", ""temperature_delta_mean"", ""temperature_slope""]",vibration_delta_mean,2,2,True,True,0.5,0.5,True,1.0,0.0
synthetic,bearing_friction_007_w420,1,4,bearing_friction,bearing_friction,4,"[""vibration_delta_mean"", ""vibration_z_last"", ""vibration_slope"", ""temperature_delta_mean""]",vibration_delta_mean,3,3,True,True,0.75,0.75,True,1.0,0.0
synthetic,bearing_friction_010_w300,1,0,bearing_friction,bearing_friction,4,"[""vibration_delta_mean"", ""vibration_slope"", ""vibration_z_last"", ""temperature_slope""]",vibration_delta_mean,3,4,True,True,0.75,1.0,True,1.0,0.0
synthetic,bearing_friction_010_w300,1,1,bearing_friction,bearing_friction,4,"[""vibration_delta_mean"", ""vibration_slope"", ""vibration_z_last"", ""temperature_delta_mean""]",vibration_delta_mean,3,4,True,True,0.75,1.0,True,1.0,0.0
synthetic,bearing_friction_010_w300,1,2,bearing_friction,bearing_friction,4,"[""vibration_delta_mean"", ""vibration_slope"", ""vibration_z_last"", ""temperature_slope""]",vibration_delta_mean,3,4,True,True,0.75,1.0,True,1.0,0.0
synthetic,bearing_friction_010_w300,1,3,bearing_friction,bearing_friction,4,"[""vibration_delta_mean"", ""vibration_slope"", ""temperature_slope"", ""current_z_last""]",vibration_delta_mean,2,3,True,True,0.5,0.75,True,1.0,0.0
synthetic,bearing_friction_010_w300,1,4,bearing_friction,bearing_friction,4,"[""vibration_delta_mean"", ""vibration_slope"", ""vibration_z_last"", ""temperature_delta_mean""]",vibration_delta_mean,3,4,True,True,0.75,1.0,True,1.0,0.0
synthetic,bearing_friction_018_w300,1,0,bearing_friction,bearing_friction,4,"[""vibration_delta_mean"", ""vibration_slope"", ""temperature_slope"", ""temperature_delta_mean""]",vibration_slope,2,4,True,True,0.5,1.0,True,1.0,0.0
synthetic,bearing_friction_018_w300,1,1,bearing_friction,bearing_friction,4,"[""vibration_delta_mean"", ""vibration_slope"", ""temperature_slope"", ""temperature_delta_mean""]",vibration_slope,2,4,True,True,0.5,1.0,True,1.0,0.0
synthetic,bearing_friction_018_w300,1,2,bearing_friction,bearing_friction,4,"[""vibration_delta_mean"", ""vibration_slope"", ""temperature_delta_mean"", ""vibration_z_last""]",vibration_slope,3,4,True,True,0.75,1.0,True,1.0,0.0
synthetic,bearing_friction_018_w300,1,3,bearing_friction,bearing_friction,4,"[""vibration_delta_mean"", ""vibration_slope"", ""temperature_slope"", ""temperature_delta_mean""]",vibration_slope,2,4,True,True,0.5,1.0,True,1.0,0.0
synthetic,bearing_friction_018_w300,1,4,bearing_friction,bearing_friction,4,"[""vibration_delta_mean"", ""vibration_slope"", ""temperature_delta_mean"", ""temperature_slope""]",vibration_slope,2,4,True,True,0.5,1.0,True,1.0,0.0
synthetic,bearing_friction_018_w360,1,0,bearing_friction,bearing_friction,4,"[""vibration_delta_mean"", ""vibration_slope"", ""current_delta_mean"", ""current_slope""]",vibration_slope,2,2,True,True,0.5,0.5,True,1.0,0.0
synthetic,bearing_friction_018_w360,1,1,bearing_friction,bearing_friction,4,"[""vibration_delta_mean"", ""vibration_slope"", ""current_delta_mean"", ""current_slope""]",vibration_slope,2,2,True,True,0.5,0.5,True,1.0,0.0
synthetic,bearing_friction_018_w360,1,2,bearing_friction,bearing_friction,4,"[""vibration_delta_mean"", ""vibration_slope"", ""current_delta_mean"", ""current_slope""]",vibration_slope,2,2,True,True,0.5,0.5,True,1.0,0.0
synthetic,bearing_friction_018_w360,1,3,bearing_friction,bearing_friction,4,"[""vibration_delta_mean"", ""vibration_slope"", ""current_delta_mean"", ""current_slope""]",vibration_slope,2,2,True,True,0.5,0.5,True,1.0,0.0
synthetic,bearing_friction_018_w360,1,4,bearing_friction,bearing_friction,4,"[""vibration_delta_mean"", ""vibration_slope"", ""current_delta_mean"", ""current_slope""]",vibration_slope,2,2,True,True,0.5,0.5,True,1.0,0.0
synthetic,bearing_friction_020_w360,1,0,bearing_friction,bearing_friction,3,"[""vibration_delta_mean"", ""vibration_slope"", ""current_delta_mean""]",vibration_slope,2,2,True,True,0.6666666666666666,0.6666666666666666,True,1.0,0.0
synthetic,bearing_friction_020_w360,1,1,bearing_friction,bearing_friction,3,"[""vibration_delta_mean"", ""vibration_slope"", ""current_delta_mean""]",vibration_slope,2,2,True,True,0.6666666666666666,0.6666666666666666,True,1.0,0.0
synthetic,bearing_friction_020_w360,1,2,bearing_friction,bearing_friction,4,"[""vibration_delta_mean"", ""vibration_z_last"", ""vibration_slope"", ""current_delta_mean""]",vibration_slope,3,3,True,True,0.75,0.75,True,1.0,0.0
synthetic,bearing_friction_020_w360,1,3,bearing_friction,bearing_friction,4,"[""vibration_delta_mean"", ""vibration_slope"", ""vibration_z_last"", ""current_delta_mean""]",vibration_slope,3,3,True,True,0.75,0.75,True,1.0,0.0
synthetic,bearing_friction_020_w360,1,4,bearing_friction,bearing_friction,4,"[""vibration_delta_mean"", ""vibration_slope"", ""vibration_z_last"", ""current_delta_mean""]",vibration_slope,3,3,True,True,0.75,0.75,True,1.0,0.0
synthetic,bearing_friction_020_w480,1,0,bearing_friction,bearing_friction,4,"[""vibration_delta_mean"", ""vibration_slope"", ""current_delta_mean"", ""temperature_z_last""]",vibration_delta_mean,2,3,True,True,0.5,0.75,True,1.0,0.0
synthetic,bearing_friction_020_w480,1,1,bearing_friction,bearing_friction,4,"[""vibration_delta_mean"", ""vibration_slope"", ""current_delta_mean"", ""temperature_z_last""]",vibration_delta_mean,2,3,True,True,0.5,0.75,True,1.0,0.0
synthetic,bearing_friction_020_w480,1,2,bearing_friction,bearing_friction,4,"[""vibration_delta_mean"", ""vibration_slope"", ""current_delta_mean"", ""temperature_z_last""]",vibration_delta_mean,2,3,True,True,0.5,0.75,True,1.0,0.0
synthetic,bearing_friction_020_w480,1,3,bearing_friction,bearing_friction,4,"[""vibration_delta_mean"", ""vibration_slope"", ""current_delta_mean"", ""temperature_z_last""]",vibration_delta_mean,2,3,True,True,0.5,0.75,True,1.0,0.0
synthetic,bearing_friction_020_w480,1,4,bearing_friction,bearing_friction,4,"[""vibration_delta_mean"", ""vibration_slope"", ""current_delta_mean"", ""temperature_z_last""]",vibration_delta_mean,2,3,True,True,0.5,0.75,True,1.0,0.0
synthetic,bearing_friction_022_w300,1,0,bearing_friction,bearing_friction,4,"[""vibration_delta_mean"", ""vibration_z_last"", ""vibration_slope"", ""temperature_slope""]",vibration_delta_mean,3,4,True,True,0.75,1.0,True,1.0,0.0
synthetic,bearing_friction_022_w300,1,1,bearing_friction,bearing_friction,4,"[""vibration_delta_mean"", ""vibration_z_last"", ""vibration_slope"", ""temperature_slope""]",vibration_delta_mean,3,4,True,True,0.75,1.0,True,1.0,0.0
synthetic,bearing_friction_022_w300,1,2,bearing_friction,bearing_friction,4,"[""vibration_delta_mean"", ""vibration_z_last"", ""vibration_slope"", ""temperature_slope""]",vibration_delta_mean,3,4,True,True,0.75,1.0,True,1.0,0.0
synthetic,bearing_friction_022_w300,1,3,bearing_friction,bearing_friction,4,"[""vibration_delta_mean"", ""vibration_slope"", ""vibration_z_last"", ""temperature_slope""]",vibration_delta_mean,3,4,True,True,0.75,1.0,True,1.0,0.0
synthetic,bearing_friction_022_w300,1,4,bearing_friction,bearing_friction,4,"[""vibration_delta_mean"", ""vibration_z_last"", ""vibration_slope"", ""temperature_slope""]",vibration_delta_mean,3,4,True,True,0.75,1.0,True,1.0,0.0
synthetic,bearing_friction_022_w420,1,0,bearing_friction,bearing_friction,4,"[""vibration_delta_mean"", ""vibration_slope"", ""temperature_delta_mean"", ""temperature_slope""]",vibration_delta_mean,2,2,True,True,0.5,0.5,True,1.0,0.0
synthetic,bearing_friction_022_w420,1,1,bearing_friction,bearing_friction,4,"[""vibration_delta_mean"", ""vibration_slope"", ""temperature_delta_mean"", ""temperature_slope""]",vibration_delta_mean,2,2,True,True,0.5,0.5,True,1.0,0.0
synthetic,bearing_friction_022_w420,1,2,bearing_friction,bearing_friction,4,"[""vibration_delta_mean"", ""vibration_slope"", ""temperature_delta_mean"", ""temperature_slope""]",vibration_delta_mean,2,2,True,True,0.5,0.5,True,1.0,0.0
synthetic,bearing_friction_022_w420,1,3,bearing_friction,bearing_friction,4,"[""vibration_delta_mean"", ""vibration_slope"", ""temperature_delta_mean"", ""temperature_slope""]",vibration_delta_mean,2,2,True,True,0.5,0.5,True,1.0,0.0
synthetic,bearing_friction_022_w420,1,4,bearing_friction,bearing_friction,4,"[""vibration_delta_mean"", ""vibration_slope"", ""temperature_delta_mean"", ""temperature_slope""]",vibration_delta_mean,2,2,True,True,0.5,0.5,True,1.0,0.0
synthetic,bearing_friction_035_w300,1,0,bearing_friction,bearing_friction,4,"[""vibration_delta_mean"", ""vibration_slope"", ""temperature_delta_mean"", ""temperature_slope""]",vibration_slope,2,4,True,True,0.5,1.0,True,1.0,0.0
synthetic,bearing_friction_035_w300,1,1,bearing_friction,bearing_friction,4,"[""vibration_delta_mean"", ""vibration_slope"", ""vibration_z_last"", ""temperature_delta_mean""]",vibration_slope,3,4,True,True,0.75,1.0,True,1.0,0.0
synthetic,bearing_friction_035_w300,1,2,bearing_friction,bearing_friction,4,"[""vibration_delta_mean"", ""vibration_slope"", ""vibration_z_last"", ""temperature_delta_mean""]",vibration_slope,3,4,True,True,0.75,1.0,True,1.0,0.0
synthetic,bearing_friction_035_w300,1,3,bearing_friction,bearing_friction,4,"[""vibration_delta_mean"", ""vibration_slope"", ""vibration_z_last"", ""temperature_delta_mean""]",vibration_slope,3,4,True,True,0.75,1.0,True,1.0,0.0
synthetic,bearing_friction_035_w300,1,4,bearing_friction,bearing_friction,4,"[""vibration_delta_mean"", ""vibration_slope"", ""vibration_z_last"", ""temperature_delta_mean""]",vibration_slope,3,4,True,True,0.75,1.0,True,1.0,0.0
synthetic,bearing_friction_035_w360,1,0,bearing_friction,bearing_friction,4,"[""vibration_delta_mean"", ""vibration_slope"", ""current_delta_mean"", ""temperature_slope""]",vibration_delta_mean,2,3,True,True,0.5,0.75,True,1.0,0.0
synthetic,bearing_friction_035_w360,1,1,bearing_friction,bearing_friction,4,"[""vibration_delta_mean"", ""vibration_slope"", ""current_delta_mean"", ""temperature_slope""]",vibration_delta_mean,2,3,True,True,0.5,0.75,True,1.0,0.0
synthetic,bearing_friction_035_w360,1,2,bearing_friction,bearing_friction,4,"[""vibration_delta_mean"", ""vibration_slope"", ""vibration_z_last"", ""current_delta_mean""]",vibration_delta_mean,3,3,True,True,0.75,0.75,True,1.0,0.0
synthetic,bearing_friction_035_w360,1,3,bearing_friction,bearing_friction,4,"[""vibration_delta_mean"", ""vibration_slope"", ""current_delta_mean"", ""temperature_slope""]",vibration_delta_mean,2,3,True,True,0.5,0.75,True,1.0,0.0
synthetic,bearing_friction_035_w360,1,4,bearing_friction,bearing_friction,4,"[""vibration_delta_mean"", ""vibration_slope"", ""current_delta_mean"", ""temperature_slope""]",vibration_delta_mean,2,3,True,True,0.5,0.75,True,1.0,0.0
synthetic,bearing_friction_035_w420,1,0,bearing_friction,bearing_friction,4,"[""vibration_delta_mean"", ""vibration_z_last"", ""vibration_slope"", ""temperature_delta_mean""]",vibration_delta_mean,3,3,True,True,0.75,0.75,True,1.0,0.0
synthetic,bearing_friction_035_w420,1,1,bearing_friction,bearing_friction,4,"[""vibration_delta_mean"", ""vibration_z_last"", ""vibration_slope"", ""temperature_delta_mean""]",vibration_delta_mean,3,3,True,True,0.75,0.75,True,1.0,0.0
synthetic,bearing_friction_035_w420,1,2,bearing_friction,bearing_friction,4,"[""vibration_delta_mean"", ""vibration_slope"", ""temperature_delta_mean"", ""current_z_last""]",vibration_delta_mean,2,3,True,True,0.5,0.75,True,1.0,0.0
synthetic,bearing_friction_035_w420,1,3,bearing_friction,bearing_friction,4,"[""vibration_delta_mean"", ""vibration_slope"", ""temperature_slope"", ""current_z_last""]",vibration_delta_mean,2,3,True,True,0.5,0.75,True,1.0,0.0
synthetic,bearing_friction_035_w420,1,4,bearing_friction,bearing_friction,4,"[""vibration_delta_mean"", ""vibration_z_last"", ""vibration_slope"", ""temperature_delta_mean""]",vibration_delta_mean,3,3,True,True,0.75,0.75,True,1.0,0.0
synthetic,bearing_friction_038_w360,1,0,bearing_friction,bearing_friction,4,"[""vibration_delta_mean"", ""vibration_z_last"", ""vibration_slope"", ""current_delta_mean""]",vibration_delta_mean,3,3,True,True,0.75,0.75,True,1.0,0.0
synthetic,bearing_friction_038_w360,1,1,bearing_friction,bearing_friction,3,"[""vibration_delta_mean"", ""vibration_slope"", ""current_delta_mean""]",vibration_delta_mean,2,2,True,True,0.6666666666666666,0.6666666666666666,True,1.0,0.0
synthetic,bearing_friction_038_w360,1,2,bearing_friction,bearing_friction,4,"[""vibration_delta_mean"", ""vibration_slope"", ""vibration_z_last"", ""current_delta_mean""]",vibration_delta_mean,3,3,True,True,0.75,0.75,True,1.0,0.0
synthetic,bearing_friction_038_w360,1,3,bearing_friction,bearing_friction,4,"[""vibration_delta_mean"", ""vibration_slope"", ""vibration_z_last"", ""current_delta_mean""]",vibration_delta_mean,3,3,True,True,0.75,0.75,True,1.0,0.0
synthetic,bearing_friction_038_w360,1,4,bearing_friction,bearing_friction,4,"[""vibration_delta_mean"", ""vibration_slope"", ""current_delta_mean"", ""temperature_delta_mean""]",vibration_delta_mean,2,3,True,True,0.5,0.75,True,1.0,0.0
synthetic,bearing_friction_042_w300,1,0,bearing_friction,bearing_friction,4,"[""vibration_delta_mean"", ""vibration_slope"", ""temperature_delta_mean"", ""current_delta_mean""]",vibration_slope,2,3,True,True,0.5,0.75,True,1.0,0.0
synthetic,bearing_friction_042_w300,1,1,bearing_friction,bearing_friction,4,"[""vibration_delta_mean"", ""vibration_slope"", ""vibration_z_last"", ""temperature_delta_mean""]",vibration_slope,3,4,True,True,0.75,1.0,True,1.0,0.0
synthetic,bearing_friction_042_w300,1,2,bearing_friction,bearing_friction,4,"[""vibration_delta_mean"", ""vibration_slope"", ""temperature_delta_mean"", ""vibration_z_last""]",vibration_slope,3,4,True,True,0.75,1.0,True,1.0,0.0
synthetic,bearing_friction_042_w300,1,3,bearing_friction,bearing_friction,4,"[""vibration_delta_mean"", ""vibration_slope"", ""temperature_delta_mean"", ""vibration_z_last""]",vibration_slope,3,4,True,True,0.75,1.0,True,1.0,0.0
synthetic,bearing_friction_042_w300,1,4,bearing_friction,bearing_friction,4,"[""vibration_delta_mean"", ""vibration_slope"", ""temperature_delta_mean"", ""vibration_z_last""]",vibration_slope,3,4,True,True,0.75,1.0,True,1.0,0.0
synthetic,bearing_friction_042_w360,1,0,bearing_friction,bearing_friction,4,"[""vibration_delta_mean"", ""vibration_z_last"", ""vibration_slope"", ""current_delta_mean""]",vibration_delta_mean,3,3,True,True,0.75,0.75,True,1.0,0.0
synthetic,bearing_friction_042_w360,1,1,bearing_friction,bearing_friction,3,"[""vibration_delta_mean"", ""vibration_z_last"", ""current_delta_mean""]",vibration_delta_mean,2,2,True,True,0.6666666666666666,0.6666666666666666,True,1.0,0.0
synthetic,bearing_friction_042_w360,1,2,bearing_friction,bearing_friction,4,"[""vibration_delta_mean"", ""vibration_z_last"", ""vibration_slope"", ""current_delta_mean""]",vibration_delta_mean,3,3,True,True,0.75,0.75,True,1.0,0.0
synthetic,bearing_friction_042_w360,1,3,bearing_friction,bearing_friction,4,"[""vibration_delta_mean"", ""vibration_z_last"", ""vibration_slope"", ""current_delta_mean""]",vibration_delta_mean,3,3,True,True,0.75,0.75,True,1.0,0.0
synthetic,bearing_friction_042_w360,1,4,bearing_friction,bearing_friction,4,"[""vibration_delta_mean"", ""vibration_z_last"", ""vibration_slope"", ""current_delta_mean""]",vibration_delta_mean,3,3,True,True,0.75,0.75,True,1.0,0.0
synthetic,bearing_friction_044_w300,1,0,bearing_friction,bearing_friction,4,"[""vibration_delta_mean"", ""vibration_slope"", ""vibration_z_last"", ""temperature_slope""]",vibration_slope,3,4,True,True,0.75,1.0,True,1.0,0.0
synthetic,bearing_friction_044_w300,1,1,bearing_friction,bearing_friction,4,"[""vibration_delta_mean"", ""vibration_slope"", ""temperature_slope"", ""current_delta_mean""]",vibration_slope,2,3,True,True,0.5,0.75,True,1.0,0.0
synthetic,bearing_friction_044_w300,1,2,bearing_friction,bearing_friction,4,"[""vibration_delta_mean"", ""vibration_slope"", ""temperature_slope"", ""temperature_z_last""]",vibration_slope,2,3,True,True,0.5,0.75,True,1.0,0.0
synthetic,bearing_friction_044_w300,1,3,bearing_friction,bearing_friction,4,"[""vibration_delta_mean"", ""vibration_slope"", ""temperature_slope"", ""current_delta_mean""]",vibration_slope,2,3,True,True,0.5,0.75,True,1.0,0.0
synthetic,bearing_friction_044_w300,1,4,bearing_friction,bearing_friction,4,"[""vibration_delta_mean"", ""vibration_slope"", ""temperature_slope"", ""temperature_z_last""]",vibration_slope,2,3,True,True,0.5,0.75,True,1.0,0.0
synthetic,bearing_friction_044_w360,1,0,bearing_friction,bearing_friction,4,"[""vibration_delta_mean"", ""vibration_slope"", ""current_delta_mean"", ""current_slope""]",vibration_slope,2,3,True,True,0.5,0.75,True,1.0,0.0
synthetic,bearing_friction_044_w360,1,1,bearing_friction,bearing_friction,3,"[""vibration_delta_mean"", ""vibration_slope"", ""current_delta_mean""]",vibration_slope,2,2,True,True,0.6666666666666666,0.6666666666666666,True,1.0,0.0
synthetic,bearing_friction_044_w360,1,2,bearing_friction,bearing_friction,4,"[""vibration_delta_mean"", ""vibration_z_last"", ""vibration_slope"", ""current_slope""]",vibration_slope,3,4,True,True,0.75,1.0,True,1.0,0.0
synthetic,bearing_friction_044_w360,1,3,bearing_friction,bearing_friction,4,"[""vibration_delta_mean"", ""vibration_z_last"", ""vibration_slope"", ""current_slope""]",vibration_slope,3,4,True,True,0.75,1.0,True,1.0,0.0
synthetic,bearing_friction_044_w360,1,4,bearing_friction,bearing_friction,4,"[""vibration_delta_mean"", ""vibration_z_last"", ""vibration_slope"", ""current_delta_mean""]",vibration_slope,3,3,True,True,0.75,0.75,True,1.0,0.0
synthetic,bearing_friction_044_w420,1,0,bearing_friction,bearing_friction,4,"[""vibration_delta_mean"", ""vibration_slope"", ""temperature_delta_mean"", ""temperature_slope""]",vibration_delta_mean,2,2,True,True,0.5,0.5,True,1.0,0.0
synthetic,bearing_friction_044_w420,1,1,bearing_friction,bearing_friction,4,"[""vibration_delta_mean"", ""vibration_slope"", ""temperature_delta_mean"", ""temperature_slope""]",vibration_delta_mean,2,2,True,True,0.5,0.5,True,1.0,0.0
synthetic,bearing_friction_044_w420,1,2,bearing_friction,bearing_friction,4,"[""vibration_delta_mean"", ""vibration_slope"", ""temperature_delta_mean"", ""temperature_slope""]",vibration_delta_mean,2,2,True,True,0.5,0.5,True,1.0,0.0
synthetic,bearing_friction_044_w420,1,3,bearing_friction,bearing_friction,4,"[""vibration_delta_mean"", ""vibration_slope"", ""temperature_delta_mean"", ""temperature_slope""]",vibration_delta_mean,2,2,True,True,0.5,0.5,True,1.0,0.0
synthetic,bearing_friction_044_w420,1,4,bearing_friction,bearing_friction,4,"[""vibration_delta_mean"", ""vibration_slope"", ""temperature_delta_mean"", ""temperature_slope""]",vibration_delta_mean,2,2,True,True,0.5,0.5,True,1.0,0.0
synthetic,bearing_friction_044_w480,1,0,bearing_friction,bearing_friction,4,"[""vibration_delta_mean"", ""vibration_slope"", ""current_delta_mean"", ""current_slope""]",vibration_delta_mean,2,3,True,True,0.5,0.75,True,1.0,0.0
synthetic,bearing_friction_044_w480,1,1,bearing_friction,bearing_friction,4,"[""vibration_delta_mean"", ""vibration_slope"", ""current_delta_mean"", ""current_slope""]",vibration_delta_mean,2,3,True,True,0.5,0.75,True,1.0,0.0
synthetic,bearing_friction_044_w480,1,2,bearing_friction,bearing_friction,4,"[""vibration_delta_mean"", ""vibration_slope"", ""current_delta_mean"", ""current_slope""]",vibration_delta_mean,2,3,True,True,0.5,0.75,True,1.0,0.0
synthetic,bearing_friction_044_w480,1,3,bearing_friction,bearing_friction,4,"[""vibration_delta_mean"", ""vibration_slope"", ""current_delta_mean"", ""current_slope""]",vibration_delta_mean,2,3,True,True,0.5,0.75,True,1.0,0.0
synthetic,bearing_friction_044_w480,1,4,bearing_friction,bearing_friction,4,"[""vibration_delta_mean"", ""vibration_slope"", ""current_delta_mean"", ""current_slope""]",vibration_delta_mean,2,3,True,True,0.5,0.75,True,1.0,0.0
synthetic,overload_001_w300,1,0,overload,overload,4,"[""current_delta_mean"", ""current_slope"", ""temperature_delta_mean"", ""vibration_z_last""]",vibration_delta_mean,0,2,False,True,0.0,0.5,False,1.0,0.0
synthetic,overload_001_w300,1,1,overload,overload,4,"[""current_delta_mean"", ""current_slope"", ""temperature_delta_mean"", ""vibration_z_last""]",vibration_delta_mean,0,2,False,True,0.0,0.5,False,1.0,0.0
synthetic,overload_001_w300,1,2,overload,overload,4,"[""current_delta_mean"", ""current_slope"", ""temperature_delta_mean"", ""vibration_z_last""]",vibration_delta_mean,0,2,False,True,0.0,0.5,False,1.0,0.0
synthetic,overload_001_w300,1,3,overload,overload,4,"[""current_delta_mean"", ""current_slope"", ""temperature_delta_mean"", ""vibration_z_last""]",vibration_delta_mean,0,2,False,True,0.0,0.5,False,1.0,0.0
synthetic,overload_001_w300,1,4,overload,overload,4,"[""current_delta_mean"", ""current_slope"", ""temperature_delta_mean"", ""vibration_z_last""]",vibration_delta_mean,0,2,False,True,0.0,0.5,False,1.0,0.0
synthetic,overload_001_w420,1,0,overload,overload,4,"[""current_delta_mean"", ""current_slope"", ""temperature_delta_mean"", ""temperature_slope""]",vibration_delta_mean,0,2,False,True,0.0,0.5,False,1.0,0.0
synthetic,overload_001_w420,1,1,overload,overload,4,"[""current_delta_mean"", ""current_slope"", ""temperature_delta_mean"", ""temperature_slope""]",vibration_delta_mean,0,2,False,True,0.0,0.5,False,1.0,0.0
synthetic,overload_001_w420,1,2,overload,overload,4,"[""current_delta_mean"", ""current_slope"", ""temperature_delta_mean"", ""temperature_slope""]",vibration_delta_mean,0,2,False,True,0.0,0.5,False,1.0,0.0
synthetic,overload_001_w420,1,3,overload,overload,4,"[""current_delta_mean"", ""current_slope"", ""temperature_delta_mean"", ""temperature_slope""]",vibration_delta_mean,0,2,False,True,0.0,0.5,False,1.0,0.0
synthetic,overload_001_w420,1,4,overload,overload,4,"[""current_delta_mean"", ""current_slope"", ""temperature_delta_mean"", ""temperature_slope""]",vibration_delta_mean,0,2,False,True,0.0,0.5,False,1.0,0.0
synthetic,overload_003_w300,1,0,overload,overload,4,"[""current_delta_mean"", ""current_slope"", ""temperature_delta_mean"", ""vibration_z_last""]",vibration_slope,0,2,False,True,0.0,0.5,False,1.0,0.0
synthetic,overload_003_w300,1,1,overload,overload,4,"[""current_delta_mean"", ""current_slope"", ""temperature_delta_mean"", ""vibration_z_last""]",vibration_slope,0,2,False,True,0.0,0.5,False,1.0,0.0
synthetic,overload_003_w300,1,2,overload,overload,4,"[""current_delta_mean"", ""current_slope"", ""temperature_delta_mean"", ""vibration_z_last""]",vibration_slope,0,2,False,True,0.0,0.5,False,1.0,0.0
synthetic,overload_003_w300,1,3,overload,overload,4,"[""current_delta_mean"", ""current_slope"", ""temperature_delta_mean"", ""vibration_z_last""]",vibration_slope,0,2,False,True,0.0,0.5,False,1.0,0.0
synthetic,overload_003_w300,1,4,overload,overload,4,"[""current_delta_mean"", ""current_slope"", ""temperature_delta_mean"", ""vibration_z_last""]",vibration_slope,0,2,False,True,0.0,0.5,False,1.0,0.0
synthetic,overload_005_w300,1,0,overload,overload,4,"[""current_delta_mean"", ""current_slope"", ""vibration_z_last"", ""temperature_delta_mean""]",vibration_slope,0,2,False,True,0.0,0.5,False,1.0,0.0
synthetic,overload_005_w300,1,1,overload,overload,4,"[""current_delta_mean"", ""current_slope"", ""vibration_z_last"", ""temperature_delta_mean""]",vibration_slope,0,2,False,True,0.0,0.5,False,1.0,0.0
synthetic,overload_005_w300,1,2,overload,overload,4,"[""current_delta_mean"", ""current_slope"", ""vibration_z_last"", ""temperature_delta_mean""]",vibration_slope,0,2,False,True,0.0,0.5,False,1.0,0.0
synthetic,overload_005_w300,1,3,overload,overload,4,"[""current_delta_mean"", ""current_slope"", ""current_z_last"", ""vibration_z_last""]",vibration_slope,1,3,True,True,0.25,0.75,False,1.0,0.0
synthetic,overload_005_w300,1,4,overload,overload,4,"[""current_delta_mean"", ""current_slope"", ""vibration_z_last"", ""temperature_delta_mean""]",vibration_slope,0,2,False,True,0.0,0.5,False,1.0,0.0
synthetic,overload_005_w420,1,0,overload,overload,3,"[""temperature_z_last"", ""temperature_delta_mean"", ""current_delta_mean""]",vibration_delta_mean,1,1,True,True,0.3333333333333333,0.3333333333333333,False,1.0,0.0
synthetic,overload_005_w420,1,1,overload,overload,4,"[""current_delta_mean"", ""temperature_z_last"", ""temperature_delta_mean"", ""temperature_slope""]",vibration_delta_mean,1,2,True,True,0.25,0.5,False,1.0,0.0
synthetic,overload_005_w420,1,2,overload,overload,4,"[""current_delta_mean"", ""temperature_z_last"", ""temperature_delta_mean"", ""temperature_slope""]",vibration_delta_mean,1,2,True,True,0.25,0.5,False,1.0,0.0
synthetic,overload_005_w420,1,3,overload,overload,4,"[""current_delta_mean"", ""temperature_z_last"", ""temperature_delta_mean"", ""temperature_slope""]",vibration_delta_mean,1,2,True,True,0.25,0.5,False,1.0,0.0
synthetic,overload_005_w420,1,4,overload,overload,4,"[""current_delta_mean"", ""temperature_z_last"", ""temperature_delta_mean"", ""temperature_slope""]",vibration_delta_mean,1,2,True,True,0.25,0.5,False,1.0,0.0
synthetic,overload_006_w300,1,0,overload,overload,4,"[""current_delta_mean"", ""current_slope"", ""temperature_z_last"", ""vibration_z_last""]",vibration_slope,1,2,True,True,0.25,0.5,False,1.0,0.0
synthetic,overload_006_w300,1,1,overload,overload,3,"[""current_delta_mean"", ""current_slope"", ""temperature_z_last""]",vibration_slope,1,2,True,True,0.3333333333333333,0.6666666666666666,False,1.0,0.0
synthetic,overload_006_w300,1,2,overload,overload,4,"[""current_delta_mean"", ""current_slope"", ""temperature_z_last"", ""vibration_z_last""]",vibration_slope,1,2,True,True,0.25,0.5,False,1.0,0.0
synthetic,overload_006_w300,1,3,overload,overload,4,"[""current_delta_mean"", ""current_slope"", ""temperature_z_last"", ""vibration_z_last""]",vibration_slope,1,2,True,True,0.25,0.5,False,1.0,0.0
synthetic,overload_006_w300,1,4,overload,overload,4,"[""current_delta_mean"", ""current_slope"", ""temperature_z_last"", ""temperature_delta_mean""]",vibration_slope,1,2,True,True,0.25,0.5,False,1.0,0.0
synthetic,overload_007_w420,1,0,overload,overload,4,"[""temperature_delta_mean"", ""temperature_slope"", ""current_delta_mean"", ""temperature_z_last""]",vibration_delta_mean,0,2,False,True,0.0,0.5,False,1.0,0.0
synthetic,overload_007_w420,1,1,overload,overload,4,"[""current_delta_mean"", ""temperature_delta_mean"", ""temperature_slope"", ""temperature_z_last""]",vibration_delta_mean,0,2,False,True,0.0,0.5,False,1.0,0.0
synthetic,overload_007_w420,1,2,overload,overload,3,"[""current_delta_mean"", ""temperature_delta_mean"", ""temperature_slope""]",vibration_delta_mean,0,2,False,True,0.0,0.6666666666666666,False,1.0,0.0
synthetic,overload_007_w420,1,3,overload,overload,3,"[""current_delta_mean"", ""temperature_delta_mean"", ""temperature_slope""]",vibration_delta_mean,0,2,False,True,0.0,0.6666666666666666,False,1.0,0.0
synthetic,overload_007_w420,1,4,overload,overload,4,"[""current_delta_mean"", ""temperature_delta_mean"", ""temperature_slope"", ""temperature_z_last""]",vibration_delta_mean,0,2,False,True,0.0,0.5,False,1.0,0.0
synthetic,overload_013_w360,1,0,overload,overload,3,"[""current_delta_mean"", ""current_slope"", ""temperature_z_last""]",vibration_slope,1,2,True,True,0.3333333333333333,0.6666666666666666,False,1.0,0.0
synthetic,overload_013_w360,1,1,overload,overload,4,"[""current_delta_mean"", ""current_slope"", ""temperature_z_last"", ""vibration_delta_mean""]",vibration_slope,2,3,True,True,0.5,0.75,False,1.0,0.0
synthetic,overload_013_w360,1,2,overload,overload,4,"[""current_delta_mean"", ""current_slope"", ""temperature_z_last"", ""vibration_delta_mean""]",vibration_slope,2,3,True,True,0.5,0.75,False,1.0,0.0
synthetic,overload_013_w360,1,3,overload,overload,4,"[""current_delta_mean"", ""current_slope"", ""temperature_z_last"", ""vibration_delta_mean""]",vibration_slope,2,3,True,True,0.5,0.75,False,1.0,0.0
synthetic,overload_013_w360,1,4,overload,overload,4,"[""current_delta_mean"", ""current_slope"", ""temperature_z_last"", ""vibration_delta_mean""]",vibration_slope,2,3,True,True,0.5,0.75,False,1.0,0.0
synthetic,overload_013_w420,1,0,overload,overload,4,"[""current_delta_mean"", ""current_slope"", ""temperature_delta_mean"", ""temperature_slope""]",vibration_slope,1,3,True,True,0.25,0.75,False,1.0,0.0
synthetic,overload_013_w420,1,1,overload,overload,4,"[""current_delta_mean"", ""current_slope"", ""temperature_delta_mean"", ""temperature_slope""]",vibration_slope,1,3,True,True,0.25,0.75,False,1.0,0.0
synthetic,overload_013_w420,1,2,overload,overload,4,"[""current_delta_mean"", ""current_slope"", ""temperature_delta_mean"", ""temperature_slope""]",vibration_slope,1,3,True,True,0.25,0.75,False,1.0,0.0
synthetic,overload_013_w420,1,3,overload,overload,4,"[""current_delta_mean"", ""current_slope"", ""temperature_delta_mean"", ""temperature_slope""]",vibration_slope,1,3,True,True,0.25,0.75,False,1.0,0.0
synthetic,overload_013_w420,1,4,overload,overload,4,"[""current_delta_mean"", ""current_slope"", ""temperature_delta_mean"", ""temperature_slope""]",vibration_slope,1,3,True,True,0.25,0.75,False,1.0,0.0
synthetic,overload_016_w300,1,0,overload,overload,4,"[""current_delta_mean"", ""current_slope"", ""temperature_delta_mean"", ""temperature_z_last""]",vibration_slope,1,2,True,True,0.25,0.5,False,1.0,0.0
synthetic,overload_016_w300,1,1,overload,overload,4,"[""current_delta_mean"", ""current_slope"", ""temperature_delta_mean"", ""temperature_slope""]",vibration_slope,1,2,True,True,0.25,0.5,False,1.0,0.0
synthetic,overload_016_w300,1,2,overload,overload,4,"[""current_delta_mean"", ""current_slope"", ""temperature_delta_mean"", ""temperature_z_last""]",vibration_slope,1,2,True,True,0.25,0.5,False,1.0,0.0
synthetic,overload_016_w300,1,3,overload,overload,4,"[""current_delta_mean"", ""current_slope"", ""temperature_delta_mean"", ""temperature_z_last""]",vibration_slope,1,2,True,True,0.25,0.5,False,1.0,0.0
synthetic,overload_016_w300,1,4,overload,overload,4,"[""current_delta_mean"", ""current_slope"", ""temperature_delta_mean"", ""vibration_delta_mean""]",vibration_slope,2,3,True,True,0.5,0.75,False,1.0,0.0
synthetic,overload_034_w360,1,0,overload,overload,4,"[""current_delta_mean"", ""current_slope"", ""current_z_last"", ""vibration_z_last""]",vibration_slope,1,2,True,True,0.25,0.5,False,1.0,0.0
synthetic,overload_034_w360,1,1,overload,overload,4,"[""current_delta_mean"", ""current_slope"", ""current_z_last"", ""vibration_z_last""]",vibration_slope,1,2,True,True,0.25,0.5,False,1.0,0.0
synthetic,overload_034_w360,1,2,overload,overload,4,"[""current_delta_mean"", ""current_slope"", ""current_z_last"", ""vibration_z_last""]",vibration_slope,1,2,True,True,0.25,0.5,False,1.0,0.0
synthetic,overload_034_w360,1,3,overload,overload,4,"[""current_delta_mean"", ""current_slope"", ""current_z_last"", ""vibration_z_last""]",vibration_slope,1,2,True,True,0.25,0.5,False,1.0,0.0
synthetic,overload_034_w360,1,4,overload,overload,4,"[""current_delta_mean"", ""current_slope"", ""current_z_last"", ""vibration_z_last""]",vibration_slope,1,2,True,True,0.25,0.5,False,1.0,0.0
synthetic,overload_034_w420,1,0,overload,overload,4,"[""current_delta_mean"", ""current_slope"", ""temperature_delta_mean"", ""temperature_slope""]",vibration_delta_mean,1,2,True,True,0.25,0.5,False,1.0,0.0
synthetic,overload_034_w420,1,1,overload,overload,4,"[""current_delta_mean"", ""current_slope"", ""temperature_delta_mean"", ""temperature_slope""]",vibration_delta_mean,1,2,True,True,0.25,0.5,False,1.0,0.0
synthetic,overload_034_w420,1,2,overload,overload,4,"[""current_delta_mean"", ""current_slope"", ""temperature_delta_mean"", ""temperature_slope""]",vibration_delta_mean,1,2,True,True,0.25,0.5,False,1.0,0.0
synthetic,overload_034_w420,1,3,overload,overload,4,"[""current_delta_mean"", ""current_slope"", ""temperature_delta_mean"", ""temperature_slope""]",vibration_delta_mean,1,2,True,True,0.25,0.5,False,1.0,0.0
synthetic,overload_034_w420,1,4,overload,overload,4,"[""current_delta_mean"", ""current_slope"", ""temperature_delta_mean"", ""temperature_slope""]",vibration_delta_mean,1,2,True,True,0.25,0.5,False,1.0,0.0
synthetic,overload_035_w300,1,0,overload,overload,4,"[""current_delta_mean"", ""current_slope"", ""temperature_delta_mean"", ""vibration_z_last""]",vibration_slope,1,2,True,True,0.25,0.5,False,1.0,0.0
synthetic,overload_035_w300,1,1,overload,overload,4,"[""current_delta_mean"", ""current_slope"", ""temperature_delta_mean"", ""vibration_z_last""]",vibration_slope,1,2,True,True,0.25,0.5,False,1.0,0.0
synthetic,overload_035_w300,1,2,overload,overload,4,"[""current_delta_mean"", ""current_slope"", ""temperature_delta_mean"", ""vibration_z_last""]",vibration_slope,1,2,True,True,0.25,0.5,False,1.0,0.0
synthetic,overload_035_w300,1,3,overload,overload,4,"[""current_delta_mean"", ""current_slope"", ""temperature_delta_mean"", ""vibration_z_last""]",vibration_slope,1,2,True,True,0.25,0.5,False,1.0,0.0
synthetic,overload_035_w300,1,4,overload,overload,4,"[""current_delta_mean"", ""current_slope"", ""temperature_delta_mean"", ""vibration_z_last""]",vibration_slope,1,2,True,True,0.25,0.5,False,1.0,0.0
synthetic,overload_035_w360,1,0,overload,overload,4,"[""current_delta_mean"", ""current_z_last"", ""current_slope"", ""temperature_z_last""]",vibration_slope,1,2,True,True,0.25,0.5,False,1.0,0.0
synthetic,overload_035_w360,1,1,overload,overload,3,"[""current_delta_mean"", ""current_z_last"", ""temperature_z_last""]",vibration_slope,0,1,False,True,0.0,0.3333333333333333,False,1.0,0.0
synthetic,overload_035_w360,1,2,overload,overload,4,"[""current_delta_mean"", ""current_z_last"", ""temperature_z_last"", ""current_slope""]",vibration_slope,1,2,True,True,0.25,0.5,False,1.0,0.0
synthetic,overload_035_w360,1,3,overload,overload,4,"[""current_delta_mean"", ""current_z_last"", ""temperature_z_last"", ""current_slope""]",vibration_slope,1,2,True,True,0.25,0.5,False,1.0,0.0
synthetic,overload_035_w360,1,4,overload,overload,4,"[""current_delta_mean"", ""current_z_last"", ""temperature_z_last"", ""temperature_slope""]",vibration_slope,0,1,False,True,0.0,0.25,False,1.0,0.0
synthetic,overload_039_w420,1,0,overload,overload,4,"[""current_delta_mean"", ""current_slope"", ""temperature_delta_mean"", ""temperature_slope""]",vibration_slope,0,2,False,True,0.0,0.5,False,1.0,0.0
synthetic,overload_039_w420,1,1,overload,overload,4,"[""current_delta_mean"", ""current_slope"", ""temperature_delta_mean"", ""temperature_slope""]",vibration_slope,0,2,False,True,0.0,0.5,False,1.0,0.0
synthetic,overload_039_w420,1,2,overload,overload,4,"[""current_delta_mean"", ""current_slope"", ""temperature_delta_mean"", ""temperature_slope""]",vibration_slope,0,2,False,True,0.0,0.5,False,1.0,0.0
synthetic,overload_039_w420,1,3,overload,overload,4,"[""current_delta_mean"", ""current_slope"", ""temperature_delta_mean"", ""temperature_slope""]",vibration_slope,0,2,False,True,0.0,0.5,False,1.0,0.0
synthetic,overload_039_w420,1,4,overload,overload,4,"[""current_delta_mean"", ""current_slope"", ""temperature_delta_mean"", ""temperature_slope""]",vibration_slope,0,2,False,True,0.0,0.5,False,1.0,0.0
synthetic,overload_039_w480,1,0,overload,overload,4,"[""current_z_last"", ""current_delta_mean"", ""current_slope"", ""temperature_z_last""]",vibration_delta_mean,1,2,True,True,0.25,0.5,False,1.0,0.0
synthetic,overload_039_w480,1,1,overload,overload,4,"[""current_z_last"", ""current_delta_mean"", ""current_slope"", ""temperature_z_last""]",vibration_delta_mean,1,2,True,True,0.25,0.5,False,1.0,0.0
synthetic,overload_039_w480,1,2,overload,overload,4,"[""current_z_last"", ""current_delta_mean"", ""current_slope"", ""temperature_z_last""]",vibration_delta_mean,1,2,True,True,0.25,0.5,False,1.0,0.0
synthetic,overload_039_w480,1,3,overload,overload,4,"[""current_z_last"", ""current_delta_mean"", ""current_slope"", ""temperature_z_last""]",vibration_delta_mean,1,2,True,True,0.25,0.5,False,1.0,0.0
synthetic,overload_039_w480,1,4,overload,overload,4,"[""current_z_last"", ""current_delta_mean"", ""current_slope"", ""temperature_z_last""]",vibration_delta_mean,1,2,True,True,0.25,0.5,False,1.0,0.0
synthetic,overload_046_w300,1,0,overload,overload,4,"[""current_delta_mean"", ""current_slope"", ""current_z_last"", ""vibration_z_last""]",vibration_slope,1,3,True,True,0.25,0.75,False,1.0,0.0
synthetic,overload_046_w300,1,1,overload,overload,4,"[""current_delta_mean"", ""current_slope"", ""current_z_last"", ""vibration_z_last""]",vibration_slope,1,3,True,True,0.25,0.75,False,1.0,0.0
synthetic,overload_046_w300,1,2,overload,overload,4,"[""current_delta_mean"", ""current_slope"", ""current_z_last"", ""vibration_z_last""]",vibration_slope,1,3,True,True,0.25,0.75,False,1.0,0.0
synthetic,overload_046_w300,1,3,overload,overload,4,"[""current_delta_mean"", ""current_slope"", ""current_z_last"", ""vibration_z_last""]",vibration_slope,1,3,True,True,0.25,0.75,False,1.0,0.0
synthetic,overload_046_w300,1,4,overload,overload,4,"[""current_delta_mean"", ""current_slope"", ""current_z_last"", ""vibration_z_last""]",vibration_slope,1,3,True,True,0.25,0.75,False,1.0,0.0
synthetic,overload_046_w360,1,0,overload,overload,4,"[""current_delta_mean"", ""current_slope"", ""temperature_z_last"", ""temperature_delta_mean""]",vibration_slope,1,3,True,True,0.25,0.75,False,1.0,0.0
synthetic,overload_046_w360,1,1,overload,overload,4,"[""current_delta_mean"", ""current_slope"", ""current_z_last"", ""temperature_z_last""]",vibration_slope,1,2,True,True,0.25,0.5,False,1.0,0.0
synthetic,overload_046_w360,1,2,overload,overload,3,"[""current_delta_mean"", ""current_slope"", ""temperature_z_last""]",vibration_slope,1,2,True,True,0.3333333333333333,0.6666666666666666,False,1.0,0.0
synthetic,overload_046_w360,1,3,overload,overload,4,"[""current_delta_mean"", ""current_slope"", ""temperature_z_last"", ""current_z_last""]",vibration_slope,1,2,True,True,0.25,0.5,False,1.0,0.0
synthetic,overload_046_w360,1,4,overload,overload,4,"[""current_delta_mean"", ""current_slope"", ""temperature_z_last"", ""current_z_last""]",vibration_slope,1,2,True,True,0.25,0.5,False,1.0,0.0
synthetic,overload_046_w420,1,0,overload,overload,4,"[""current_delta_mean"", ""current_slope"", ""temperature_delta_mean"", ""temperature_slope""]",vibration_slope,1,2,True,True,0.25,0.5,False,1.0,0.0
synthetic,overload_046_w420,1,1,overload,overload,4,"[""current_delta_mean"", ""current_slope"", ""temperature_delta_mean"", ""temperature_slope""]",vibration_slope,1,2,True,True,0.25,0.5,False,1.0,0.0
synthetic,overload_046_w420,1,2,overload,overload,4,"[""current_delta_mean"", ""current_slope"", ""temperature_delta_mean"", ""temperature_slope""]",vibration_slope,1,2,True,True,0.25,0.5,False,1.0,0.0
synthetic,overload_046_w420,1,3,overload,overload,4,"[""current_delta_mean"", ""current_slope"", ""temperature_delta_mean"", ""vibration_z_last""]",vibration_slope,1,2,True,True,0.25,0.5,False,1.0,0.0
synthetic,overload_046_w420,1,4,overload,overload,4,"[""current_delta_mean"", ""current_slope"", ""temperature_delta_mean"", ""vibration_z_last""]",vibration_slope,1,2,True,True,0.25,0.5,False,1.0,0.0
synthetic,sensor_drift_005_w480,1,0,sensor_drift,sensor_drift,4,"[""current_z_last"", ""current_slope"", ""current_delta_mean"", ""temperature_slope""]",vibration_slope,1,2,True,True,0.25,0.5,False,1.0,0.0
synthetic,sensor_drift_005_w480,1,1,sensor_drift,sensor_drift,4,"[""current_delta_mean"", ""current_z_last"", ""current_slope"", ""temperature_slope""]",vibration_slope,1,2,True,True,0.25,0.5,False,1.0,0.0
synthetic,sensor_drift_005_w480,1,2,sensor_drift,sensor_drift,4,"[""current_delta_mean"", ""current_z_last"", ""current_slope"", ""temperature_slope""]",vibration_slope,1,2,True,True,0.25,0.5,False,1.0,0.0
synthetic,sensor_drift_005_w480,1,3,sensor_drift,sensor_drift,4,"[""current_z_last"", ""current_slope"", ""current_delta_mean"", ""temperature_slope""]",vibration_slope,1,2,True,True,0.25,0.5,False,1.0,0.0
synthetic,sensor_drift_005_w480,1,4,sensor_drift,sensor_drift,4,"[""current_delta_mean"", ""current_z_last"", ""current_slope"", ""temperature_slope""]",vibration_slope,1,2,True,True,0.25,0.5,False,1.0,0.0
synthetic,sensor_drift_024_w360,1,0,sensor_drift,sensor_drift,4,"[""current_delta_mean"", ""current_slope"", ""current_z_last"", ""temperature_z_last""]",vibration_slope,1,2,True,True,0.25,0.5,False,1.0,0.0
synthetic,sensor_drift_024_w360,1,1,sensor_drift,sensor_drift,4,"[""current_delta_mean"", ""current_slope"", ""current_z_last"", ""temperature_z_last""]",vibration_slope,1,2,True,True,0.25,0.5,False,1.0,0.0
synthetic,sensor_drift_024_w360,1,2,sensor_drift,sensor_drift,4,"[""current_delta_mean"", ""current_slope"", ""temperature_z_last"", ""vibration_slope""]",vibration_slope,2,2,True,True,0.5,0.5,True,1.0,0.0
synthetic,sensor_drift_024_w360,1,3,sensor_drift,sensor_drift,4,"[""current_delta_mean"", ""current_slope"", ""current_z_last"", ""temperature_z_last""]",vibration_slope,1,2,True,True,0.25,0.5,False,1.0,0.0
synthetic,sensor_drift_024_w360,1,4,sensor_drift,sensor_drift,4,"[""current_delta_mean"", ""current_slope"", ""current_z_last"", ""temperature_z_last""]",vibration_slope,1,2,True,True,0.25,0.5,False,1.0,0.0
synthetic,sensor_drift_024_w480,1,0,sensor_drift,sensor_drift,4,"[""current_delta_mean"", ""current_z_last"", ""current_slope"", ""temperature_slope""]",vibration_slope,1,2,True,True,0.25,0.5,False,1.0,0.0
synthetic,sensor_drift_024_w480,1,1,sensor_drift,sensor_drift,4,"[""current_delta_mean"", ""current_z_last"", ""current_slope"", ""temperature_slope""]",vibration_slope,1,2,True,True,0.25,0.5,False,1.0,0.0
synthetic,sensor_drift_024_w480,1,2,sensor_drift,sensor_drift,4,"[""current_delta_mean"", ""current_z_last"", ""current_slope"", ""temperature_slope""]",vibration_slope,1,2,True,True,0.25,0.5,False,1.0,0.0
synthetic,sensor_drift_024_w480,1,3,sensor_drift,sensor_drift,4,"[""current_delta_mean"", ""current_z_last"", ""current_slope"", ""temperature_slope""]",vibration_slope,1,2,True,True,0.25,0.5,False,1.0,0.0
synthetic,sensor_drift_024_w480,1,4,sensor_drift,sensor_drift,4,"[""current_delta_mean"", ""current_z_last"", ""current_slope"", ""temperature_slope""]",vibration_slope,1,2,True,True,0.25,0.5,False,1.0,0.0
synthetic,sensor_drift_027_w300,1,0,sensor_drift,sensor_drift,4,"[""vibration_delta_mean"", ""vibration_slope"", ""vibration_z_last"", ""current_z_last""]",vibration_delta_mean,2,2,True,True,0.5,0.5,True,1.0,0.0
synthetic,sensor_drift_027_w300,1,1,sensor_drift,sensor_drift,4,"[""vibration_delta_mean"", ""vibration_slope"", ""vibration_z_last"", ""current_z_last""]",vibration_delta_mean,2,2,True,True,0.5,0.5,True,1.0,0.0
synthetic,sensor_drift_027_w300,1,2,sensor_drift,sensor_drift,4,"[""vibration_delta_mean"", ""vibration_slope"", ""vibration_z_last"", ""current_z_last""]",vibration_delta_mean,2,2,True,True,0.5,0.5,True,1.0,0.0
synthetic,sensor_drift_027_w300,1,3,sensor_drift,sensor_drift,4,"[""vibration_delta_mean"", ""vibration_slope"", ""vibration_z_last"", ""current_delta_mean""]",vibration_delta_mean,2,3,True,True,0.5,0.75,True,1.0,0.0
synthetic,sensor_drift_027_w300,1,4,sensor_drift,sensor_drift,4,"[""vibration_delta_mean"", ""vibration_slope"", ""vibration_z_last"", ""current_z_last""]",vibration_delta_mean,2,2,True,True,0.5,0.5,True,1.0,0.0
synthetic,sensor_drift_027_w360,1,0,sensor_drift,sensor_drift,4,"[""current_delta_mean"", ""current_slope"", ""temperature_z_last"", ""current_z_last""]",vibration_slope,1,2,True,True,0.25,0.5,False,1.0,0.0
synthetic,sensor_drift_027_w360,1,1,sensor_drift,sensor_drift,3,"[""current_delta_mean"", ""current_slope"", ""temperature_z_last""]",vibration_slope,1,1,True,True,0.3333333333333333,0.3333333333333333,False,1.0,0.0
synthetic,sensor_drift_027_w360,1,2,sensor_drift,sensor_drift,3,"[""current_delta_mean"", ""current_slope"", ""temperature_z_last""]",vibration_slope,1,1,True,True,0.3333333333333333,0.3333333333333333,False,1.0,0.0
synthetic,sensor_drift_027_w360,1,3,sensor_drift,sensor_drift,3,"[""current_delta_mean"", ""current_slope"", ""temperature_z_last""]",vibration_slope,1,1,True,True,0.3333333333333333,0.3333333333333333,False,1.0,0.0
synthetic,sensor_drift_027_w360,1,4,sensor_drift,sensor_drift,4,"[""current_delta_mean"", ""current_slope"", ""temperature_z_last"", ""current_z_last""]",vibration_slope,1,2,True,True,0.25,0.5,False,1.0,0.0
synthetic,sensor_drift_029_w300,1,0,sensor_drift,sensor_drift,3,"[""current_z_last"", ""temperature_z_last"", ""vibration_z_last""]",vibration_slope,1,1,True,True,0.3333333333333333,0.3333333333333333,False,1.0,0.0
synthetic,sensor_drift_029_w300,1,1,sensor_drift,sensor_drift,4,"[""current_z_last"", ""temperature_z_last"", ""vibration_z_last"", ""vibration_slope""]",vibration_slope,2,2,True,True,0.5,0.5,True,1.0,0.0
synthetic,sensor_drift_029_w300,1,2,sensor_drift,sensor_drift,3,"[""current_z_last"", ""temperature_z_last"", ""vibration_z_last""]",vibration_slope,1,1,True,True,0.3333333333333333,0.3333333333333333,False,1.0,0.0
synthetic,sensor_drift_029_w300,1,3,sensor_drift,sensor_drift,4,"[""current_z_last"", ""temperature_z_last"", ""vibration_z_last"", ""vibration_slope""]",vibration_slope,2,2,True,True,0.5,0.5,True,1.0,0.0
synthetic,sensor_drift_029_w300,1,4,sensor_drift,sensor_drift,3,"[""current_z_last"", ""temperature_z_last"", ""vibration_z_last""]",vibration_slope,1,1,True,True,0.3333333333333333,0.3333333333333333,False,1.0,0.0
synthetic,sensor_drift_029_w420,1,0,sensor_drift,sensor_drift,4,"[""temperature_z_last"", ""temperature_delta_mean"", ""temperature_slope"", ""current_z_last""]",vibration_slope,0,2,False,True,0.0,0.5,False,1.0,0.0
synthetic,sensor_drift_029_w420,1,1,sensor_drift,sensor_drift,4,"[""temperature_z_last"", ""temperature_delta_mean"", ""temperature_slope"", ""current_z_last""]",vibration_slope,0,2,False,True,0.0,0.5,False,1.0,0.0
synthetic,sensor_drift_029_w420,1,2,sensor_drift,sensor_drift,4,"[""temperature_z_last"", ""temperature_slope"", ""temperature_delta_mean"", ""current_z_last""]",vibration_slope,0,2,False,True,0.0,0.5,False,1.0,0.0
synthetic,sensor_drift_029_w420,1,3,sensor_drift,sensor_drift,4,"[""temperature_z_last"", ""temperature_delta_mean"", ""temperature_slope"", ""current_z_last""]",vibration_slope,0,2,False,True,0.0,0.5,False,1.0,0.0
synthetic,sensor_drift_029_w420,1,4,sensor_drift,sensor_drift,4,"[""temperature_z_last"", ""temperature_delta_mean"", ""temperature_slope"", ""current_z_last""]",vibration_slope,0,2,False,True,0.0,0.5,False,1.0,0.0
synthetic,sensor_drift_029_w480,1,0,sensor_drift,sensor_drift,4,"[""current_delta_mean"", ""current_slope"", ""vibration_z_last"", ""temperature_z_last""]",vibration_slope,1,1,True,True,0.25,0.25,False,1.0,0.0
synthetic,sensor_drift_029_w480,1,1,sensor_drift,sensor_drift,4,"[""current_delta_mean"", ""current_slope"", ""vibration_z_last"", ""temperature_z_last""]",vibration_slope,1,1,True,True,0.25,0.25,False,1.0,0.0
synthetic,sensor_drift_029_w480,1,2,sensor_drift,sensor_drift,4,"[""current_delta_mean"", ""current_slope"", ""vibration_z_last"", ""temperature_z_last""]",vibration_slope,1,1,True,True,0.25,0.25,False,1.0,0.0
synthetic,sensor_drift_029_w480,1,3,sensor_drift,sensor_drift,4,"[""current_delta_mean"", ""current_slope"", ""vibration_z_last"", ""temperature_z_last""]",vibration_slope,1,1,True,True,0.25,0.25,False,1.0,0.0
synthetic,sensor_drift_029_w480,1,4,sensor_drift,sensor_drift,4,"[""current_delta_mean"", ""current_slope"", ""vibration_z_last"", ""temperature_z_last""]",vibration_slope,1,1,True,True,0.25,0.25,False,1.0,0.0
synthetic,sensor_drift_032_w360,1,0,sensor_drift,sensor_drift,4,"[""current_delta_mean"", ""current_slope"", ""temperature_z_last"", ""vibration_z_last""]",vibration_slope,1,1,True,True,0.25,0.25,False,1.0,0.0
synthetic,sensor_drift_032_w360,1,1,sensor_drift,sensor_drift,4,"[""current_delta_mean"", ""current_slope"", ""temperature_z_last"", ""vibration_z_last""]",vibration_slope,1,1,True,True,0.25,0.25,False,1.0,0.0
synthetic,sensor_drift_032_w360,1,2,sensor_drift,sensor_drift,4,"[""current_delta_mean"", ""current_slope"", ""temperature_z_last"", ""vibration_z_last""]",vibration_slope,1,1,True,True,0.25,0.25,False,1.0,0.0
synthetic,sensor_drift_032_w360,1,3,sensor_drift,sensor_drift,4,"[""current_delta_mean"", ""current_slope"", ""temperature_z_last"", ""vibration_z_last""]",vibration_slope,1,1,True,True,0.25,0.25,False,1.0,0.0
synthetic,sensor_drift_032_w360,1,4,sensor_drift,sensor_drift,4,"[""current_delta_mean"", ""current_slope"", ""temperature_z_last"", ""vibration_z_last""]",vibration_slope,1,1,True,True,0.25,0.25,False,1.0,0.0
synthetic,sensor_drift_038_w300,1,0,sensor_drift,sensor_drift,4,"[""current_z_last"", ""vibration_z_last"", ""temperature_z_last"", ""vibration_slope""]",vibration_slope,2,2,True,True,0.5,0.5,True,1.0,0.0
synthetic,sensor_drift_038_w300,1,1,sensor_drift,sensor_drift,3,"[""current_z_last"", ""vibration_z_last"", ""temperature_z_last""]",vibration_slope,1,1,True,True,0.3333333333333333,0.3333333333333333,False,1.0,0.0
synthetic,sensor_drift_038_w300,1,2,sensor_drift,sensor_drift,4,"[""current_z_last"", ""temperature_z_last"", ""vibration_z_last"", ""vibration_slope""]",vibration_slope,2,2,True,True,0.5,0.5,True,1.0,0.0
synthetic,sensor_drift_038_w300,1,3,sensor_drift,sensor_drift,4,"[""current_z_last"", ""vibration_z_last"", ""temperature_z_last"", ""vibration_slope""]",vibration_slope,2,2,True,True,0.5,0.5,True,1.0,0.0
synthetic,sensor_drift_038_w300,1,4,sensor_drift,sensor_drift,4,"[""current_z_last"", ""vibration_z_last"", ""temperature_z_last"", ""vibration_slope""]",vibration_slope,2,2,True,True,0.5,0.5,True,1.0,0.0
synthetic,sensor_drift_038_w420,1,0,sensor_drift,sensor_drift,4,"[""temperature_delta_mean"", ""temperature_slope"", ""temperature_z_last"", ""current_z_last""]",vibration_slope,0,2,False,True,0.0,0.5,False,1.0,0.0
synthetic,sensor_drift_038_w420,1,1,sensor_drift,sensor_drift,4,"[""temperature_delta_mean"", ""temperature_slope"", ""temperature_z_last"", ""current_z_last""]",vibration_slope,0,2,False,True,0.0,0.5,False,1.0,0.0
synthetic,sensor_drift_038_w420,1,2,sensor_drift,sensor_drift,4,"[""temperature_delta_mean"", ""temperature_slope"", ""temperature_z_last"", ""current_z_last""]",vibration_slope,0,2,False,True,0.0,0.5,False,1.0,0.0
synthetic,sensor_drift_038_w420,1,3,sensor_drift,sensor_drift,4,"[""temperature_delta_mean"", ""temperature_slope"", ""temperature_z_last"", ""current_z_last""]",vibration_slope,0,2,False,True,0.0,0.5,False,1.0,0.0
synthetic,sensor_drift_038_w420,1,4,sensor_drift,sensor_drift,4,"[""temperature_delta_mean"", ""temperature_slope"", ""temperature_z_last"", ""current_z_last""]",vibration_slope,0,2,False,True,0.0,0.5,False,1.0,0.0
synthetic,sensor_drift_038_w480,1,0,sensor_drift,sensor_drift,4,"[""current_delta_mean"", ""current_slope"", ""temperature_slope"", ""vibration_slope""]",vibration_slope,2,2,True,True,0.5,0.5,True,1.0,0.0
synthetic,sensor_drift_038_w480,1,1,sensor_drift,sensor_drift,4,"[""current_delta_mean"", ""current_slope"", ""temperature_slope"", ""vibration_slope""]",vibration_slope,2,2,True,True,0.5,0.5,True,1.0,0.0
synthetic,sensor_drift_038_w480,1,2,sensor_drift,sensor_drift,4,"[""current_delta_mean"", ""current_slope"", ""temperature_slope"", ""vibration_slope""]",vibration_slope,2,2,True,True,0.5,0.5,True,1.0,0.0
synthetic,sensor_drift_038_w480,1,3,sensor_drift,sensor_drift,4,"[""current_delta_mean"", ""current_slope"", ""temperature_slope"", ""vibration_delta_mean""]",vibration_slope,2,2,True,True,0.5,0.5,False,1.0,0.0
synthetic,sensor_drift_038_w480,1,4,sensor_drift,sensor_drift,4,"[""current_delta_mean"", ""current_slope"", ""temperature_slope"", ""vibration_slope""]",vibration_slope,2,2,True,True,0.5,0.5,True,1.0,0.0
synthetic,sensor_drift_043_w360,1,0,sensor_drift,sensor_drift,4,"[""current_delta_mean"", ""current_slope"", ""temperature_z_last"", ""vibration_z_last""]",vibration_slope,1,1,True,True,0.25,0.25,False,1.0,0.0
synthetic,sensor_drift_043_w360,1,1,sensor_drift,sensor_drift,4,"[""current_delta_mean"", ""current_slope"", ""temperature_z_last"", ""vibration_z_last""]",vibration_slope,1,1,True,True,0.25,0.25,False,1.0,0.0
synthetic,sensor_drift_043_w360,1,2,sensor_drift,sensor_drift,4,"[""current_delta_mean"", ""current_slope"", ""temperature_z_last"", ""vibration_z_last""]",vibration_slope,1,1,True,True,0.25,0.25,False,1.0,0.0
synthetic,sensor_drift_043_w360,1,3,sensor_drift,sensor_drift,4,"[""current_delta_mean"", ""current_slope"", ""temperature_z_last"", ""vibration_z_last""]",vibration_slope,1,1,True,True,0.25,0.25,False,1.0,0.0
synthetic,sensor_drift_043_w360,1,4,sensor_drift,sensor_drift,4,"[""current_delta_mean"", ""current_slope"", ""current_z_last"", ""temperature_z_last""]",vibration_slope,1,2,True,True,0.25,0.5,False,1.0,0.0
synthetic,sensor_drift_044_w300,1,0,sensor_drift,sensor_drift,4,"[""current_z_last"", ""vibration_delta_mean"", ""vibration_slope"", ""temperature_z_last""]",vibration_slope,2,3,True,True,0.5,0.75,True,1.0,0.0
synthetic,sensor_drift_044_w300,1,1,sensor_drift,sensor_drift,4,"[""current_z_last"", ""vibration_delta_mean"", ""vibration_slope"", ""temperature_z_last""]",vibration_slope,2,3,True,True,0.5,0.75,True,1.0,0.0
synthetic,sensor_drift_044_w300,1,2,sensor_drift,sensor_drift,4,"[""current_z_last"", ""vibration_delta_mean"", ""vibration_slope"", ""temperature_z_last""]",vibration_slope,2,3,True,True,0.5,0.75,True,1.0,0.0
synthetic,sensor_drift_044_w300,1,3,sensor_drift,sensor_drift,4,"[""current_z_last"", ""vibration_delta_mean"", ""vibration_slope"", ""temperature_z_last""]",vibration_slope,2,3,True,True,0.5,0.75,True,1.0,0.0
synthetic,sensor_drift_044_w300,1,4,sensor_drift,sensor_drift,4,"[""current_z_last"", ""vibration_delta_mean"", ""vibration_slope"", ""temperature_z_last""]",vibration_slope,2,3,True,True,0.5,0.75,True,1.0,0.0
synthetic,sensor_drift_044_w360,1,0,sensor_drift,sensor_drift,4,"[""current_delta_mean"", ""current_z_last"", ""current_slope"", ""temperature_z_last""]",vibration_slope,1,2,True,True,0.25,0.5,False,1.0,0.0
synthetic,sensor_drift_044_w360,1,1,sensor_drift,sensor_drift,4,"[""current_delta_mean"", ""current_z_last"", ""current_slope"", ""temperature_z_last""]",vibration_slope,1,2,True,True,0.25,0.5,False,1.0,0.0
synthetic,sensor_drift_044_w360,1,2,sensor_drift,sensor_drift,4,"[""current_delta_mean"", ""current_z_last"", ""current_slope"", ""temperature_z_last""]",vibration_slope,1,2,True,True,0.25,0.5,False,1.0,0.0
synthetic,sensor_drift_044_w360,1,3,sensor_drift,sensor_drift,4,"[""current_delta_mean"", ""current_z_last"", ""current_slope"", ""temperature_z_last""]",vibration_slope,1,2,True,True,0.25,0.5,False,1.0,0.0
synthetic,sensor_drift_044_w360,1,4,sensor_drift,sensor_drift,4,"[""current_delta_mean"", ""current_z_last"", ""current_slope"", ""temperature_z_last""]",vibration_slope,1,2,True,True,0.25,0.5,False,1.0,0.0
synthetic,sensor_drift_044_w480,1,0,sensor_drift,sensor_drift,4,"[""current_delta_mean"", ""current_slope"", ""temperature_z_last"", ""vibration_z_last""]",vibration_delta_mean,1,2,True,True,0.25,0.5,False,0.75,0.25
synthetic,sensor_drift_044_w480,1,1,sensor_drift,sensor_drift,4,"[""current_delta_mean"", ""current_slope"", ""temperature_z_last"", ""vibration_z_last""]",vibration_delta_mean,1,2,True,True,0.25,0.5,False,0.75,0.25
synthetic,sensor_drift_044_w480,1,2,sensor_drift,sensor_drift,4,"[""current_delta_mean"", ""current_slope"", ""temperature_z_last"", ""vibration_z_last""]",vibration_delta_mean,1,2,True,True,0.25,0.5,False,0.75,0.25
synthetic,sensor_drift_044_w480,1,3,sensor_drift,sensor_drift,4,"[""current_delta_mean"", ""current_slope"", ""temperature_slope"", ""temperature_z_last""]",vibration_delta_mean,1,3,True,True,0.25,0.75,False,1.0,0.0
synthetic,sensor_drift_044_w480,1,4,sensor_drift,sensor_drift,4,"[""current_delta_mean"", ""current_slope"", ""temperature_slope"", ""temperature_z_last""]",vibration_delta_mean,1,3,True,True,0.25,0.75,False,1.0,0.0
synthetic,sensor_drift_045_w300,1,0,sensor_drift,sensor_drift,4,"[""current_z_last"", ""vibration_delta_mean"", ""vibration_z_last"", ""vibration_slope""]",vibration_slope,3,3,True,True,0.75,0.75,True,1.0,0.0
synthetic,sensor_drift_045_w300,1,1,sensor_drift,sensor_drift,4,"[""current_z_last"", ""vibration_z_last"", ""vibration_slope"", ""vibration_delta_mean""]",vibration_slope,3,3,True,True,0.75,0.75,True,1.0,0.0
synthetic,sensor_drift_045_w300,1,2,sensor_drift,sensor_drift,4,"[""current_z_last"", ""vibration_z_last"", ""vibration_delta_mean"", ""current_delta_mean""]",vibration_slope,2,2,True,True,0.5,0.5,False,1.0,0.0
synthetic,sensor_drift_045_w300,1,3,sensor_drift,sensor_drift,4,"[""current_z_last"", ""vibration_z_last"", ""vibration_delta_mean"", ""vibration_slope""]",vibration_slope,3,3,True,True,0.75,0.75,True,1.0,0.0
synthetic,sensor_drift_045_w300,1,4,sensor_drift,sensor_drift,4,"[""vibration_delta_mean"", ""vibration_z_last"", ""current_z_last"", ""current_slope""]",vibration_slope,2,3,True,True,0.5,0.75,False,1.0,0.0
synthetic,sensor_drift_046_w420,1,0,sensor_drift,sensor_drift,4,"[""temperature_delta_mean"", ""temperature_slope"", ""vibration_z_last"", ""current_z_last""]",vibration_delta_mean,0,2,False,True,0.0,0.5,False,1.0,0.0
synthetic,sensor_drift_046_w420,1,1,sensor_drift,sensor_drift,4,"[""temperature_delta_mean"", ""temperature_slope"", ""vibration_z_last"", ""current_z_last""]",vibration_delta_mean,0,2,False,True,0.0,0.5,False,1.0,0.0
synthetic,sensor_drift_046_w420,1,2,sensor_drift,sensor_drift,4,"[""temperature_slope"", ""temperature_delta_mean"", ""vibration_z_last"", ""current_z_last""]",vibration_delta_mean,0,2,False,True,0.0,0.5,False,1.0,0.0
synthetic,sensor_drift_046_w420,1,3,sensor_drift,sensor_drift,4,"[""temperature_slope"", ""temperature_delta_mean"", ""vibration_z_last"", ""current_z_last""]",vibration_delta_mean,0,2,False,True,0.0,0.5,False,1.0,0.0
synthetic,sensor_drift_046_w420,1,4,sensor_drift,sensor_drift,4,"[""temperature_slope"", ""temperature_delta_mean"", ""vibration_z_last"", ""current_z_last""]",vibration_delta_mean,0,2,False,True,0.0,0.5,False,1.0,0.0
synthetic,sensor_drift_046_w480,1,0,sensor_drift,sensor_drift,4,"[""current_delta_mean"", ""current_z_last"", ""current_slope"", ""temperature_slope""]",vibration_slope,1,2,True,True,0.25,0.5,False,1.0,0.0
synthetic,sensor_drift_046_w480,1,1,sensor_drift,sensor_drift,4,"[""current_delta_mean"", ""current_z_last"", ""current_slope"", ""temperature_slope""]",vibration_slope,1,2,True,True,0.25,0.5,False,1.0,0.0
synthetic,sensor_drift_046_w480,1,2,sensor_drift,sensor_drift,4,"[""current_delta_mean"", ""current_z_last"", ""current_slope"", ""temperature_slope""]",vibration_slope,1,2,True,True,0.25,0.5,False,1.0,0.0
synthetic,sensor_drift_046_w480,1,3,sensor_drift,sensor_drift,4,"[""current_delta_mean"", ""current_z_last"", ""current_slope"", ""temperature_slope""]",vibration_slope,1,2,True,True,0.25,0.5,False,1.0,0.0
synthetic,sensor_drift_046_w480,1,4,sensor_drift,sensor_drift,4,"[""current_delta_mean"", ""current_slope"", ""current_z_last"", ""temperature_slope""]",vibration_slope,1,2,True,True,0.25,0.5,False,1.0,0.0
synthetic,sensor_drift_047_w360,1,0,sensor_drift,sensor_drift,4,"[""current_delta_mean"", ""current_slope"", ""temperature_z_last"", ""vibration_z_last""]",vibration_slope,0,1,False,True,0.0,0.25,False,1.0,0.0
synthetic,sensor_drift_047_w360,1,1,sensor_drift,sensor_drift,4,"[""current_delta_mean"", ""current_slope"", ""temperature_z_last"", ""vibration_z_last""]",vibration_slope,0,1,False,True,0.0,0.25,False,1.0,0.0
synthetic,sensor_drift_047_w360,1,2,sensor_drift,sensor_drift,4,"[""current_delta_mean"", ""current_slope"", ""temperature_z_last"", ""vibration_z_last""]",vibration_slope,0,1,False,True,0.0,0.25,False,1.0,0.0
synthetic,sensor_drift_047_w360,1,3,sensor_drift,sensor_drift,4,"[""current_delta_mean"", ""current_slope"", ""temperature_z_last"", ""vibration_z_last""]",vibration_slope,0,1,False,True,0.0,0.25,False,1.0,0.0
synthetic,sensor_drift_047_w360,1,4,sensor_drift,sensor_drift,4,"[""current_delta_mean"", ""current_slope"", ""temperature_z_last"", ""vibration_z_last""]",vibration_slope,0,1,False,True,0.0,0.25,False,1.0,0.0
synthetic,overvoltage_004_w360,1,0,overvoltage,overvoltage,4,"[""current_z_last"", ""temperature_delta_mean"", ""temperature_slope"", ""temperature_z_last""]",current_z_last,1,1,True,True,0.25,0.25,True,1.0,0.0
synthetic,overvoltage_004_w360,1,1,overvoltage,overvoltage,4,"[""current_z_last"", ""temperature_delta_mean"", ""temperature_slope"", ""temperature_z_last""]",current_z_last,1,1,True,True,0.25,0.25,True,1.0,0.0
synthetic,overvoltage_004_w360,1,2,overvoltage,overvoltage,4,"[""current_z_last"", ""temperature_delta_mean"", ""temperature_slope"", ""temperature_z_last""]",current_z_last,1,1,True,True,0.25,0.25,True,1.0,0.0
synthetic,overvoltage_004_w360,1,3,overvoltage,overvoltage,4,"[""current_z_last"", ""temperature_delta_mean"", ""temperature_slope"", ""temperature_z_last""]",current_z_last,1,1,True,True,0.25,0.25,True,1.0,0.0
synthetic,overvoltage_004_w360,1,4,overvoltage,overvoltage,4,"[""current_z_last"", ""temperature_delta_mean"", ""temperature_slope"", ""temperature_z_last""]",current_z_last,1,1,True,True,0.25,0.25,True,1.0,0.0
synthetic,overvoltage_004_w480,1,0,overvoltage,overvoltage,3,"[""current_z_last"", ""temperature_z_last"", ""vibration_z_last""]",vibration_slope,1,1,True,True,0.3333333333333333,0.3333333333333333,False,0.6666666666666666,0.3333333333333333
synthetic,overvoltage_004_w480,1,1,overvoltage,overvoltage,3,"[""current_z_last"", ""temperature_z_last"", ""vibration_z_last""]",vibration_slope,1,1,True,True,0.3333333333333333,0.3333333333333333,False,0.6666666666666666,0.3333333333333333
synthetic,overvoltage_004_w480,1,2,overvoltage,overvoltage,3,"[""current_z_last"", ""temperature_z_last"", ""vibration_z_last""]",vibration_slope,1,1,True,True,0.3333333333333333,0.3333333333333333,False,0.6666666666666666,0.3333333333333333
synthetic,overvoltage_004_w480,1,3,overvoltage,overvoltage,3,"[""current_z_last"", ""temperature_z_last"", ""vibration_z_last""]",vibration_slope,1,1,True,True,0.3333333333333333,0.3333333333333333,False,0.6666666666666666,0.3333333333333333
synthetic,overvoltage_004_w480,1,4,overvoltage,overvoltage,3,"[""current_z_last"", ""temperature_z_last"", ""vibration_z_last""]",vibration_slope,1,1,True,True,0.3333333333333333,0.3333333333333333,False,0.6666666666666666,0.3333333333333333
synthetic,overvoltage_006_w360,1,0,overvoltage,overvoltage,3,"[""current_z_last"", ""temperature_delta_mean"", ""vibration_z_last""]",vibration_slope,1,1,True,True,0.3333333333333333,0.3333333333333333,False,1.0,0.0
synthetic,overvoltage_006_w360,1,1,overvoltage,overvoltage,4,"[""current_z_last"", ""temperature_delta_mean"", ""temperature_slope"", ""vibration_z_last""]",vibration_slope,1,1,True,True,0.25,0.25,False,1.0,0.0
synthetic,overvoltage_006_w360,1,2,overvoltage,overvoltage,4,"[""current_z_last"", ""temperature_delta_mean"", ""temperature_slope"", ""vibration_z_last""]",vibration_slope,1,1,True,True,0.25,0.25,False,1.0,0.0
synthetic,overvoltage_006_w360,1,3,overvoltage,overvoltage,4,"[""current_z_last"", ""temperature_delta_mean"", ""temperature_slope"", ""vibration_z_last""]",vibration_slope,1,1,True,True,0.25,0.25,False,1.0,0.0
synthetic,overvoltage_006_w360,1,4,overvoltage,overvoltage,4,"[""current_z_last"", ""temperature_delta_mean"", ""temperature_slope"", ""vibration_z_last""]",vibration_slope,1,1,True,True,0.25,0.25,False,1.0,0.0
synthetic,overvoltage_007_w360,1,0,overvoltage,overvoltage,3,"[""current_z_last"", ""temperature_z_last"", ""temperature_slope""]",vibration_slope,1,1,True,True,0.3333333333333333,0.3333333333333333,False,1.0,0.0
synthetic,overvoltage_007_w360,1,1,overvoltage,overvoltage,3,"[""current_z_last"", ""temperature_z_last"", ""temperature_delta_mean""]",vibration_slope,1,1,True,True,0.3333333333333333,0.3333333333333333,False,1.0,0.0
synthetic,overvoltage_007_w360,1,2,overvoltage,overvoltage,3,"[""current_z_last"", ""temperature_z_last"", ""temperature_slope""]",vibration_slope,1,1,True,True,0.3333333333333333,0.3333333333333333,False,1.0,0.0
synthetic,overvoltage_007_w360,1,3,overvoltage,overvoltage,3,"[""current_z_last"", ""temperature_z_last"", ""temperature_slope""]",vibration_slope,1,1,True,True,0.3333333333333333,0.3333333333333333,False,1.0,0.0
synthetic,overvoltage_007_w360,1,4,overvoltage,overvoltage,3,"[""current_z_last"", ""temperature_z_last"", ""temperature_slope""]",vibration_slope,1,1,True,True,0.3333333333333333,0.3333333333333333,False,1.0,0.0
synthetic,overvoltage_007_w420,1,0,overvoltage,overvoltage,4,"[""current_delta_mean"", ""current_slope"", ""temperature_delta_mean"", ""temperature_slope""]",current_slope,1,3,True,True,0.25,0.75,True,1.0,0.0
synthetic,overvoltage_007_w420,1,1,overvoltage,overvoltage,4,"[""current_delta_mean"", ""current_slope"", ""temperature_slope"", ""temperature_delta_mean""]",current_slope,1,3,True,True,0.25,0.75,True,1.0,0.0
synthetic,overvoltage_007_w420,1,2,overvoltage,overvoltage,4,"[""current_delta_mean"", ""current_slope"", ""temperature_delta_mean"", ""temperature_slope""]",current_slope,1,3,True,True,0.25,0.75,True,1.0,0.0
synthetic,overvoltage_007_w420,1,3,overvoltage,overvoltage,4,"[""current_delta_mean"", ""current_slope"", ""temperature_delta_mean"", ""temperature_slope""]",current_slope,1,3,True,True,0.25,0.75,True,1.0,0.0
synthetic,overvoltage_007_w420,1,4,overvoltage,overvoltage,4,"[""current_delta_mean"", ""current_slope"", ""temperature_delta_mean"", ""temperature_slope""]",current_slope,1,3,True,True,0.25,0.75,True,1.0,0.0
synthetic,overvoltage_008_w300,1,0,overvoltage,overvoltage,4,"[""current_delta_mean"", ""current_slope"", ""temperature_slope"", ""temperature_z_last""]",vibration_slope,1,3,True,True,0.25,0.75,False,1.0,0.0
synthetic,overvoltage_008_w300,1,1,overvoltage,overvoltage,4,"[""current_delta_mean"", ""current_slope"", ""temperature_slope"", ""temperature_z_last""]",vibration_slope,1,3,True,True,0.25,0.75,False,1.0,0.0
synthetic,overvoltage_008_w300,1,2,overvoltage,overvoltage,4,"[""current_delta_mean"", ""current_slope"", ""temperature_slope"", ""temperature_z_last""]",vibration_slope,1,3,True,True,0.25,0.75,False,1.0,0.0
synthetic,overvoltage_008_w300,1,3,overvoltage,overvoltage,4,"[""current_delta_mean"", ""current_slope"", ""temperature_slope"", ""temperature_z_last""]",vibration_slope,1,3,True,True,0.25,0.75,False,1.0,0.0
synthetic,overvoltage_008_w300,1,4,overvoltage,overvoltage,4,"[""current_delta_mean"", ""current_slope"", ""temperature_slope"", ""temperature_z_last""]",vibration_slope,1,3,True,True,0.25,0.75,False,1.0,0.0
synthetic,overvoltage_008_w480,1,0,overvoltage,overvoltage,4,"[""current_z_last"", ""temperature_z_last"", ""vibration_z_last"", ""current_delta_mean""]",vibration_slope,1,2,True,True,0.25,0.5,False,1.0,0.0
synthetic,overvoltage_008_w480,1,1,overvoltage,overvoltage,4,"[""current_z_last"", ""temperature_z_last"", ""vibration_z_last"", ""current_delta_mean""]",vibration_slope,1,2,True,True,0.25,0.5,False,1.0,0.0
synthetic,overvoltage_008_w480,1,2,overvoltage,overvoltage,3,"[""current_z_last"", ""temperature_z_last"", ""vibration_z_last""]",vibration_slope,1,1,True,True,0.3333333333333333,0.3333333333333333,False,0.6666666666666666,0.3333333333333333
synthetic,overvoltage_008_w480,1,3,overvoltage,overvoltage,3,"[""current_z_last"", ""temperature_z_last"", ""vibration_z_last""]",vibration_slope,1,1,True,True,0.3333333333333333,0.3333333333333333,False,0.6666666666666666,0.3333333333333333
synthetic,overvoltage_008_w480,1,4,overvoltage,overvoltage,4,"[""current_z_last"", ""temperature_z_last"", ""vibration_z_last"", ""current_delta_mean""]",vibration_slope,1,2,True,True,0.25,0.5,False,1.0,0.0
synthetic,overvoltage_011_w360,1,0,overvoltage,overvoltage,4,"[""current_z_last"", ""temperature_delta_mean"", ""temperature_slope"", ""vibration_z_last""]",vibration_slope,1,1,True,True,0.25,0.25,False,1.0,0.0
synthetic,overvoltage_011_w360,1,1,overvoltage,overvoltage,4,"[""current_z_last"", ""temperature_delta_mean"", ""temperature_slope"", ""vibration_z_last""]",vibration_slope,1,1,True,True,0.25,0.25,False,1.0,0.0
synthetic,overvoltage_011_w360,1,2,overvoltage,overvoltage,4,"[""current_z_last"", ""temperature_delta_mean"", ""temperature_slope"", ""vibration_z_last""]",vibration_slope,1,1,True,True,0.25,0.25,False,1.0,0.0
synthetic,overvoltage_011_w360,1,3,overvoltage,overvoltage,4,"[""current_z_last"", ""temperature_delta_mean"", ""temperature_slope"", ""vibration_z_last""]",vibration_slope,1,1,True,True,0.25,0.25,False,1.0,0.0
synthetic,overvoltage_011_w360,1,4,overvoltage,overvoltage,4,"[""current_z_last"", ""temperature_delta_mean"", ""temperature_slope"", ""vibration_z_last""]",vibration_slope,1,1,True,True,0.25,0.25,False,1.0,0.0
synthetic,overvoltage_011_w420,1,0,overvoltage,overvoltage,4,"[""current_delta_mean"", ""current_slope"", ""temperature_delta_mean"", ""temperature_slope""]",vibration_slope,1,3,True,True,0.25,0.75,False,1.0,0.0
synthetic,overvoltage_011_w420,1,1,overvoltage,overvoltage,4,"[""current_delta_mean"", ""current_slope"", ""temperature_delta_mean"", ""temperature_slope""]",vibration_slope,1,3,True,True,0.25,0.75,False,1.0,0.0
synthetic,overvoltage_011_w420,1,2,overvoltage,overvoltage,4,"[""current_delta_mean"", ""current_slope"", ""temperature_delta_mean"", ""temperature_slope""]",vibration_slope,1,3,True,True,0.25,0.75,False,1.0,0.0
synthetic,overvoltage_011_w420,1,3,overvoltage,overvoltage,4,"[""current_delta_mean"", ""current_slope"", ""temperature_delta_mean"", ""temperature_slope""]",vibration_slope,1,3,True,True,0.25,0.75,False,1.0,0.0
synthetic,overvoltage_011_w420,1,4,overvoltage,overvoltage,4,"[""current_delta_mean"", ""current_slope"", ""temperature_delta_mean"", ""temperature_slope""]",vibration_slope,1,3,True,True,0.25,0.75,False,1.0,0.0
synthetic,overvoltage_011_w480,1,0,overvoltage,overvoltage,4,"[""current_z_last"", ""temperature_z_last"", ""vibration_z_last"", ""current_delta_mean""]",vibration_slope,1,2,True,True,0.25,0.5,False,1.0,0.0
synthetic,overvoltage_011_w480,1,1,sensor_drift,overvoltage,4,"[""current_z_last"", ""temperature_z_last"", ""vibration_z_last"", ""vibration_slope""]",vibration_slope,2,2,True,True,0.5,0.5,True,0.75,0.25
synthetic,overvoltage_011_w480,1,2,overvoltage,overvoltage,4,"[""current_z_last"", ""temperature_z_last"", ""vibration_z_last"", ""current_delta_mean""]",vibration_slope,1,2,True,True,0.25,0.5,False,1.0,0.0
synthetic,overvoltage_011_w480,1,3,sensor_drift,overvoltage,4,"[""current_z_last"", ""temperature_z_last"", ""vibration_z_last"", ""current_delta_mean""]",vibration_slope,1,2,True,True,0.25,0.5,False,1.0,0.0
synthetic,overvoltage_011_w480,1,4,overvoltage,overvoltage,4,"[""current_z_last"", ""temperature_z_last"", ""vibration_z_last"", ""current_delta_mean""]",vibration_slope,1,2,True,True,0.25,0.5,False,1.0,0.0
synthetic,overvoltage_022_w300,1,0,overvoltage,overvoltage,4,"[""current_delta_mean"", ""current_slope"", ""temperature_z_last"", ""vibration_z_last""]",current_slope,2,2,True,True,0.5,0.5,True,1.0,0.0
synthetic,overvoltage_022_w300,1,1,overvoltage,overvoltage,4,"[""current_delta_mean"", ""current_slope"", ""temperature_z_last"", ""vibration_z_last""]",current_slope,2,2,True,True,0.5,0.5,True,1.0,0.0
synthetic,overvoltage_022_w300,1,2,overvoltage,overvoltage,4,"[""current_delta_mean"", ""current_slope"", ""temperature_z_last"", ""vibration_z_last""]",current_slope,2,2,True,True,0.5,0.5,True,1.0,0.0
synthetic,overvoltage_022_w300,1,3,overvoltage,overvoltage,4,"[""current_delta_mean"", ""current_slope"", ""temperature_z_last"", ""vibration_z_last""]",current_slope,2,2,True,True,0.5,0.5,True,1.0,0.0
synthetic,overvoltage_022_w300,1,4,overvoltage,overvoltage,4,"[""current_delta_mean"", ""current_slope"", ""temperature_z_last"", ""vibration_z_last""]",current_slope,2,2,True,True,0.5,0.5,True,1.0,0.0
synthetic,overvoltage_027_w300,1,0,overvoltage,overvoltage,4,"[""current_delta_mean"", ""current_slope"", ""temperature_z_last"", ""temperature_slope""]",vibration_slope,1,2,True,True,0.25,0.5,False,1.0,0.0
synthetic,overvoltage_027_w300,1,1,overvoltage,overvoltage,4,"[""current_delta_mean"", ""current_slope"", ""temperature_z_last"", ""temperature_slope""]",vibration_slope,1,2,True,True,0.25,0.5,False,1.0,0.0
synthetic,overvoltage_027_w300,1,2,overvoltage,overvoltage,4,"[""current_delta_mean"", ""current_slope"", ""temperature_z_last"", ""temperature_slope""]",vibration_slope,1,2,True,True,0.25,0.5,False,1.0,0.0
synthetic,overvoltage_027_w300,1,3,overvoltage,overvoltage,4,"[""current_delta_mean"", ""current_slope"", ""temperature_z_last"", ""temperature_slope""]",vibration_slope,1,2,True,True,0.25,0.5,False,1.0,0.0
synthetic,overvoltage_027_w300,1,4,overvoltage,overvoltage,4,"[""current_delta_mean"", ""current_slope"", ""temperature_z_last"", ""temperature_slope""]",vibration_slope,1,2,True,True,0.25,0.5,False,1.0,0.0
synthetic,overvoltage_032_w480,1,0,overvoltage,overvoltage,3,"[""current_z_last"", ""temperature_z_last"", ""vibration_z_last""]",current_z_last,1,1,True,True,0.3333333333333333,0.3333333333333333,True,0.3333333333333333,0.6666666666666666
synthetic,overvoltage_032_w480,1,1,overvoltage,overvoltage,3,"[""current_z_last"", ""temperature_z_last"", ""vibration_z_last""]",current_z_last,1,1,True,True,0.3333333333333333,0.3333333333333333,True,0.3333333333333333,0.6666666666666666
synthetic,overvoltage_032_w480,1,2,overvoltage,overvoltage,3,"[""current_z_last"", ""temperature_z_last"", ""vibration_z_last""]",current_z_last,1,1,True,True,0.3333333333333333,0.3333333333333333,True,0.3333333333333333,0.6666666666666666
synthetic,overvoltage_032_w480,1,3,overvoltage,overvoltage,3,"[""current_z_last"", ""temperature_z_last"", ""vibration_z_last""]",current_z_last,1,1,True,True,0.3333333333333333,0.3333333333333333,True,0.6666666666666666,0.3333333333333333
synthetic,overvoltage_032_w480,1,4,overvoltage,overvoltage,3,"[""current_z_last"", ""temperature_z_last"", ""vibration_z_last""]",current_z_last,1,1,True,True,0.3333333333333333,0.3333333333333333,True,0.3333333333333333,0.6666666666666666
synthetic,overvoltage_033_w480,1,0,overvoltage,overvoltage,4,"[""temperature_z_last"", ""current_z_last"", ""vibration_z_last"", ""temperature_slope""]",vibration_slope,1,1,True,True,0.25,0.25,False,0.75,0.25
synthetic,overvoltage_033_w480,1,1,overvoltage,overvoltage,4,"[""temperature_z_last"", ""current_z_last"", ""current_delta_mean"", ""vibration_delta_mean""]",vibration_slope,2,3,True,True,0.5,0.75,False,1.0,0.0
synthetic,overvoltage_033_w480,1,2,overvoltage,overvoltage,4,"[""current_z_last"", ""temperature_z_last"", ""vibration_z_last"", ""current_delta_mean""]",vibration_slope,1,2,True,True,0.25,0.5,False,1.0,0.0
synthetic,overvoltage_033_w480,1,3,overvoltage,overvoltage,4,"[""current_z_last"", ""temperature_z_last"", ""current_delta_mean"", ""vibration_delta_mean""]",vibration_slope,2,3,True,True,0.5,0.75,False,1.0,0.0
synthetic,overvoltage_033_w480,1,4,overvoltage,overvoltage,4,"[""current_z_last"", ""temperature_z_last"", ""current_delta_mean"", ""vibration_delta_mean""]",vibration_slope,2,3,True,True,0.5,0.75,False,1.0,0.0
synthetic,overvoltage_038_w300,1,0,overvoltage,overvoltage,4,"[""current_delta_mean"", ""current_slope"", ""temperature_z_last"", ""temperature_slope""]",current_slope,2,2,True,True,0.5,0.5,True,1.0,0.0
synthetic,overvoltage_038_w300,1,1,overvoltage,overvoltage,4,"[""current_delta_mean"", ""current_slope"", ""temperature_z_last"", ""temperature_slope""]",current_slope,2,2,True,True,0.5,0.5,True,1.0,0.0
synthetic,overvoltage_038_w300,1,2,overvoltage,overvoltage,4,"[""current_delta_mean"", ""current_slope"", ""temperature_z_last"", ""temperature_slope""]",current_slope,2,2,True,True,0.5,0.5,True,1.0,0.0
synthetic,overvoltage_038_w300,1,3,overvoltage,overvoltage,3,"[""current_delta_mean"", ""current_slope"", ""temperature_z_last""]",current_slope,2,2,True,True,0.6666666666666666,0.6666666666666666,True,1.0,0.0
synthetic,overvoltage_038_w300,1,4,overvoltage,overvoltage,4,"[""current_delta_mean"", ""current_slope"", ""temperature_z_last"", ""temperature_slope""]",current_slope,2,2,True,True,0.5,0.5,True,1.0,0.0
synthetic,overvoltage_038_w360,1,0,overvoltage,overvoltage,4,"[""current_z_last"", ""temperature_delta_mean"", ""temperature_slope"", ""temperature_z_last""]",current_z_last,1,1,True,True,0.25,0.25,True,1.0,0.0
synthetic,overvoltage_038_w360,1,1,overvoltage,overvoltage,3,"[""current_z_last"", ""temperature_delta_mean"", ""temperature_slope""]",current_z_last,1,1,True,True,0.3333333333333333,0.3333333333333333,True,1.0,0.0
synthetic,overvoltage_038_w360,1,2,overvoltage,overvoltage,4,"[""current_z_last"", ""temperature_z_last"", ""temperature_delta_mean"", ""temperature_slope""]",current_z_last,1,1,True,True,0.25,0.25,True,1.0,0.0
synthetic,overvoltage_038_w360,1,3,overvoltage,overvoltage,4,"[""current_z_last"", ""temperature_z_last"", ""temperature_delta_mean"", ""temperature_slope""]",current_z_last,1,1,True,True,0.25,0.25,True,1.0,0.0
synthetic,overvoltage_038_w360,1,4,overvoltage,overvoltage,4,"[""current_z_last"", ""temperature_delta_mean"", ""temperature_slope"", ""temperature_z_last""]",current_z_last,1,1,True,True,0.25,0.25,True,1.0,0.0
synthetic,overvoltage_038_w480,1,0,overvoltage,overvoltage,3,"[""current_z_last"", ""vibration_z_last"", ""temperature_z_last""]",vibration_delta_mean,1,1,True,True,0.3333333333333333,0.3333333333333333,False,0.6666666666666666,0.3333333333333333
synthetic,overvoltage_038_w480,1,1,overvoltage,overvoltage,4,"[""current_z_last"", ""vibration_z_last"", ""temperature_z_last"", ""current_delta_mean""]",vibration_delta_mean,1,2,True,True,0.25,0.5,False,1.0,0.0
synthetic,overvoltage_038_w480,1,2,overvoltage,overvoltage,3,"[""current_z_last"", ""vibration_z_last"", ""temperature_z_last""]",vibration_delta_mean,1,1,True,True,0.3333333333333333,0.3333333333333333,False,0.6666666666666666,0.3333333333333333
synthetic,overvoltage_038_w480,1,3,overvoltage,overvoltage,3,"[""current_z_last"", ""vibration_z_last"", ""temperature_z_last""]",vibration_delta_mean,1,1,True,True,0.3333333333333333,0.3333333333333333,False,0.6666666666666666,0.3333333333333333
synthetic,overvoltage_038_w480,1,4,overvoltage,overvoltage,4,"[""current_z_last"", ""vibration_z_last"", ""temperature_z_last"", ""current_delta_mean""]",vibration_delta_mean,1,2,True,True,0.25,0.5,False,1.0,0.0
synthetic,overvoltage_040_w420,1,0,overvoltage,overvoltage,4,"[""current_delta_mean"", ""current_slope"", ""temperature_delta_mean"", ""temperature_slope""]",vibration_slope,1,3,True,True,0.25,0.75,False,1.0,0.0
synthetic,overvoltage_040_w420,1,1,overvoltage,overvoltage,4,"[""current_delta_mean"", ""current_slope"", ""temperature_delta_mean"", ""temperature_slope""]",vibration_slope,1,3,True,True,0.25,0.75,False,1.0,0.0
synthetic,overvoltage_040_w420,1,2,overvoltage,overvoltage,4,"[""current_delta_mean"", ""current_slope"", ""temperature_delta_mean"", ""temperature_slope""]",vibration_slope,1,3,True,True,0.25,0.75,False,1.0,0.0
synthetic,overvoltage_040_w420,1,3,overvoltage,overvoltage,4,"[""current_delta_mean"", ""current_slope"", ""temperature_delta_mean"", ""temperature_slope""]",vibration_slope,1,3,True,True,0.25,0.75,False,1.0,0.0
synthetic,overvoltage_040_w420,1,4,overvoltage,overvoltage,4,"[""current_delta_mean"", ""current_slope"", ""temperature_delta_mean"", ""temperature_slope""]",vibration_slope,1,3,True,True,0.25,0.75,False,1.0,0.0
synthetic,overvoltage_040_w480,1,0,overvoltage,overvoltage,3,"[""current_z_last"", ""vibration_z_last"", ""current_delta_mean""]",vibration_slope,1,2,True,True,0.3333333333333333,0.6666666666666666,False,1.0,0.0
synthetic,overvoltage_040_w480,1,1,overvoltage,overvoltage,3,"[""current_z_last"", ""vibration_z_last"", ""current_delta_mean""]",vibration_slope,1,2,True,True,0.3333333333333333,0.6666666666666666,False,0.6666666666666666,0.3333333333333333
synthetic,overvoltage_040_w480,1,2,overvoltage,overvoltage,3,"[""current_z_last"", ""vibration_z_last"", ""current_delta_mean""]",vibration_slope,1,2,True,True,0.3333333333333333,0.6666666666666666,False,0.6666666666666666,0.3333333333333333
synthetic,overvoltage_040_w480,1,3,overvoltage,overvoltage,4,"[""current_z_last"", ""vibration_z_last"", ""current_delta_mean"", ""temperature_z_last""]",vibration_slope,1,2,True,True,0.25,0.5,False,1.0,0.0
synthetic,overvoltage_040_w480,1,4,overvoltage,overvoltage,4,"[""current_z_last"", ""vibration_z_last"", ""vibration_slope"", ""current_delta_mean""]",vibration_slope,2,3,True,True,0.5,0.75,True,0.5,0.5
synthetic,overvoltage_041_w480,1,0,overvoltage,overvoltage,3,"[""current_z_last"", ""vibration_z_last"", ""vibration_delta_mean""]",vibration_slope,2,2,True,True,0.6666666666666666,0.6666666666666666,False,0.3333333333333333,0.6666666666666666
synthetic,overvoltage_041_w480,1,1,overvoltage,overvoltage,3,"[""current_z_last"", ""vibration_z_last"", ""vibration_delta_mean""]",vibration_slope,2,2,True,True,0.6666666666666666,0.6666666666666666,False,0.3333333333333333,0.6666666666666666
synthetic,overvoltage_041_w480,1,2,overvoltage,overvoltage,3,"[""current_z_last"", ""vibration_z_last"", ""vibration_delta_mean""]",vibration_slope,2,2,True,True,0.6666666666666666,0.6666666666666666,False,0.6666666666666666,0.3333333333333333
synthetic,overvoltage_041_w480,1,3,overvoltage,overvoltage,4,"[""current_z_last"", ""vibration_z_last"", ""vibration_delta_mean"", ""vibration_slope""]",vibration_slope,3,3,True,True,0.75,0.75,True,0.5,0.5
synthetic,overvoltage_041_w480,1,4,overvoltage,overvoltage,3,"[""current_z_last"", ""vibration_z_last"", ""vibration_delta_mean""]",vibration_slope,2,2,True,True,0.6666666666666666,0.6666666666666666,False,1.0,0.0
synthetic,overvoltage_049_w480,1,0,overvoltage,overvoltage,3,"[""current_z_last"", ""temperature_z_last"", ""vibration_z_last""]",vibration_slope,1,1,True,True,0.3333333333333333,0.3333333333333333,False,1.0,0.0
synthetic,overvoltage_049_w480,1,1,overvoltage,overvoltage,3,"[""current_z_last"", ""temperature_z_last"", ""vibration_z_last""]",vibration_slope,1,1,True,True,0.3333333333333333,0.3333333333333333,False,1.0,0.0
synthetic,overvoltage_049_w480,1,2,overvoltage,overvoltage,4,"[""current_z_last"", ""temperature_z_last"", ""vibration_z_last"", ""current_delta_mean""]",vibration_slope,1,2,True,True,0.25,0.5,False,1.0,0.0
synthetic,overvoltage_049_w480,1,3,overvoltage,overvoltage,3,"[""current_z_last"", ""temperature_z_last"", ""vibration_z_last""]",vibration_slope,1,1,True,True,0.3333333333333333,0.3333333333333333,False,1.0,0.0
synthetic,overvoltage_049_w480,1,4,overvoltage,overvoltage,3,"[""current_z_last"", ""temperature_z_last"", ""vibration_z_last""]",vibration_slope,1,1,True,True,0.3333333333333333,0.3333333333333333,False,1.0,0.0
synthetic,winding_short_001_w420,2,0,winding_short,winding_short,4,"[""current_delta_mean"", ""current_slope"", ""vibration_z_last"", ""vibration_delta_mean""]",vibration_delta_mean,2,3,True,True,0.5,0.75,True,1.0,0.0
synthetic,winding_short_001_w420,2,1,winding_short,winding_short,4,"[""current_delta_mean"", ""current_slope"", ""vibration_z_last"", ""temperature_delta_mean""]",vibration_delta_mean,1,2,True,True,0.25,0.5,False,1.0,0.0
synthetic,winding_short_001_w420,2,2,winding_short,winding_short,4,"[""current_delta_mean"", ""current_slope"", ""vibration_z_last"", ""vibration_delta_mean""]",vibration_delta_mean,2,3,True,True,0.5,0.75,True,1.0,0.0
synthetic,winding_short_001_w420,2,3,winding_short,winding_short,4,"[""current_delta_mean"", ""current_slope"", ""vibration_z_last"", ""vibration_delta_mean""]",vibration_delta_mean,2,3,True,True,0.5,0.75,True,1.0,0.0
synthetic,winding_short_001_w420,2,4,winding_short,winding_short,4,"[""current_delta_mean"", ""current_slope"", ""vibration_z_last"", ""vibration_delta_mean""]",vibration_delta_mean,2,3,True,True,0.5,0.75,True,1.0,0.0
synthetic,winding_short_001_w480,2,0,winding_short,winding_short,4,"[""temperature_delta_mean"", ""temperature_slope"", ""current_z_last"", ""vibration_slope""]",vibration_delta_mean,2,3,True,True,0.5,0.75,False,1.0,0.0
synthetic,winding_short_001_w480,2,1,winding_short,winding_short,4,"[""temperature_slope"", ""temperature_delta_mean"", ""current_z_last"", ""vibration_slope""]",vibration_delta_mean,2,3,True,True,0.5,0.75,False,1.0,0.0
synthetic,winding_short_001_w480,2,2,winding_short,winding_short,4,"[""temperature_slope"", ""temperature_delta_mean"", ""current_z_last"", ""vibration_slope""]",vibration_delta_mean,2,3,True,True,0.5,0.75,False,1.0,0.0
synthetic,winding_short_001_w480,2,3,winding_short,winding_short,4,"[""temperature_delta_mean"", ""temperature_slope"", ""current_z_last"", ""vibration_slope""]",vibration_delta_mean,2,3,True,True,0.5,0.75,False,1.0,0.0
synthetic,winding_short_001_w480,2,4,winding_short,winding_short,4,"[""temperature_delta_mean"", ""temperature_slope"", ""current_z_last"", ""vibration_delta_mean""]",vibration_delta_mean,2,3,True,True,0.5,0.75,True,1.0,0.0
synthetic,winding_short_003_w360,2,0,winding_short,winding_short,4,"[""temperature_delta_mean"", ""temperature_slope"", ""vibration_delta_mean"", ""vibration_slope""]",vibration_delta_mean,3,4,True,True,0.75,1.0,True,1.0,0.0
synthetic,winding_short_003_w360,2,1,winding_short,winding_short,4,"[""temperature_delta_mean"", ""temperature_slope"", ""vibration_slope"", ""vibration_delta_mean""]",vibration_delta_mean,3,4,True,True,0.75,1.0,True,1.0,0.0
synthetic,winding_short_003_w360,2,2,winding_short,winding_short,4,"[""temperature_delta_mean"", ""temperature_slope"", ""vibration_delta_mean"", ""vibration_slope""]",vibration_delta_mean,3,4,True,True,0.75,1.0,True,1.0,0.0
synthetic,winding_short_003_w360,2,3,winding_short,winding_short,4,"[""temperature_delta_mean"", ""temperature_slope"", ""vibration_slope"", ""vibration_delta_mean""]",vibration_delta_mean,3,4,True,True,0.75,1.0,True,1.0,0.0
synthetic,winding_short_003_w360,2,4,winding_short,winding_short,4,"[""temperature_delta_mean"", ""temperature_slope"", ""vibration_slope"", ""vibration_z_last""]",vibration_delta_mean,2,3,True,True,0.5,0.75,False,1.0,0.0
synthetic,winding_short_003_w480,2,0,winding_short,winding_short,4,"[""temperature_delta_mean"", ""temperature_slope"", ""current_z_last"", ""vibration_delta_mean""]",vibration_delta_mean,2,3,True,True,0.5,0.75,True,1.0,0.0
synthetic,winding_short_003_w480,2,1,winding_short,winding_short,4,"[""temperature_delta_mean"", ""temperature_slope"", ""current_z_last"", ""vibration_delta_mean""]",vibration_delta_mean,2,3,True,True,0.5,0.75,True,1.0,0.0
synthetic,winding_short_003_w480,2,2,winding_short,winding_short,4,"[""temperature_delta_mean"", ""temperature_slope"", ""current_z_last"", ""vibration_delta_mean""]",vibration_delta_mean,2,3,True,True,0.5,0.75,True,1.0,0.0
synthetic,winding_short_003_w480,2,3,winding_short,winding_short,4,"[""temperature_delta_mean"", ""temperature_slope"", ""current_z_last"", ""vibration_delta_mean""]",vibration_delta_mean,2,3,True,True,0.5,0.75,True,1.0,0.0
synthetic,winding_short_003_w480,2,4,winding_short,winding_short,4,"[""temperature_delta_mean"", ""temperature_slope"", ""current_z_last"", ""vibration_delta_mean""]",vibration_delta_mean,2,3,True,True,0.5,0.75,True,1.0,0.0
synthetic,winding_short_005_w300,2,0,winding_short,winding_short,4,"[""current_delta_mean"", ""current_slope"", ""temperature_delta_mean"", ""temperature_slope""]",vibration_delta_mean,1,3,True,True,0.25,0.75,False,1.0,0.0
synthetic,winding_short_005_w300,2,1,winding_short,winding_short,4,"[""current_delta_mean"", ""current_slope"", ""temperature_delta_mean"", ""temperature_slope""]",vibration_delta_mean,1,3,True,True,0.25,0.75,False,1.0,0.0
synthetic,winding_short_005_w300,2,2,winding_short,winding_short,4,"[""current_delta_mean"", ""current_slope"", ""temperature_delta_mean"", ""temperature_slope""]",vibration_delta_mean,1,3,True,True,0.25,0.75,False,1.0,0.0
synthetic,winding_short_005_w300,2,3,winding_short,winding_short,4,"[""current_delta_mean"", ""current_slope"", ""temperature_delta_mean"", ""temperature_slope""]",vibration_delta_mean,1,3,True,True,0.25,0.75,False,1.0,0.0
synthetic,winding_short_005_w300,2,4,winding_short,winding_short,4,"[""current_delta_mean"", ""temperature_delta_mean"", ""temperature_slope"", ""vibration_z_last""]",vibration_delta_mean,1,2,True,True,0.25,0.5,False,1.0,0.0
synthetic,winding_short_005_w360,2,0,winding_short,winding_short,4,"[""temperature_delta_mean"", ""temperature_slope"", ""current_z_last"", ""vibration_delta_mean""]",vibration_delta_mean,2,3,True,True,0.5,0.75,True,1.0,0.0
synthetic,winding_short_005_w360,2,1,winding_short,winding_short,4,"[""temperature_slope"", ""temperature_delta_mean"", ""current_z_last"", ""temperature_z_last""]",vibration_delta_mean,1,2,True,True,0.25,0.5,False,1.0,0.0
synthetic,winding_short_005_w360,2,2,winding_short,winding_short,4,"[""temperature_delta_mean"", ""temperature_slope"", ""current_z_last"", ""vibration_delta_mean""]",vibration_delta_mean,2,3,True,True,0.5,0.75,True,1.0,0.0
synthetic,winding_short_005_w360,2,3,winding_short,winding_short,4,"[""temperature_delta_mean"", ""temperature_slope"", ""current_z_last"", ""temperature_z_last""]",vibration_delta_mean,1,2,True,True,0.25,0.5,False,1.0,0.0
synthetic,winding_short_005_w360,2,4,winding_short,winding_short,4,"[""temperature_delta_mean"", ""temperature_slope"", ""current_z_last"", ""vibration_delta_mean""]",vibration_delta_mean,2,3,True,True,0.5,0.75,True,1.0,0.0
synthetic,winding_short_005_w420,2,0,winding_short,winding_short,4,"[""current_delta_mean"", ""current_slope"", ""vibration_z_last"", ""vibration_delta_mean""]",vibration_delta_mean,2,3,True,True,0.5,0.75,True,1.0,0.0
synthetic,winding_short_005_w420,2,1,winding_short,winding_short,4,"[""current_delta_mean"", ""current_slope"", ""vibration_z_last"", ""vibration_delta_mean""]",vibration_delta_mean,2,3,True,True,0.5,0.75,True,1.0,0.0
synthetic,winding_short_005_w420,2,2,winding_short,winding_short,4,"[""current_delta_mean"", ""current_slope"", ""vibration_z_last"", ""vibration_delta_mean""]",vibration_delta_mean,2,3,True,True,0.5,0.75,True,1.0,0.0
synthetic,winding_short_005_w420,2,3,winding_short,winding_short,4,"[""current_delta_mean"", ""current_slope"", ""vibration_z_last"", ""vibration_delta_mean""]",vibration_delta_mean,2,3,True,True,0.5,0.75,True,1.0,0.0
synthetic,winding_short_005_w420,2,4,winding_short,winding_short,4,"[""current_delta_mean"", ""current_slope"", ""vibration_z_last"", ""vibration_delta_mean""]",vibration_delta_mean,2,3,True,True,0.5,0.75,True,1.0,0.0
synthetic,winding_short_018_w360,2,0,winding_short,winding_short,4,"[""temperature_slope"", ""temperature_delta_mean"", ""current_z_last"", ""vibration_z_last""]",vibration_delta_mean,1,2,True,True,0.25,0.5,False,1.0,0.0
synthetic,winding_short_018_w360,2,1,winding_short,winding_short,4,"[""temperature_slope"", ""temperature_delta_mean"", ""current_z_last"", ""vibration_z_last""]",vibration_delta_mean,1,2,True,True,0.25,0.5,False,1.0,0.0
synthetic,winding_short_018_w360,2,2,winding_short,winding_short,4,"[""temperature_slope"", ""temperature_delta_mean"", ""current_z_last"", ""vibration_z_last""]",vibration_delta_mean,1,2,True,True,0.25,0.5,False,1.0,0.0
synthetic,winding_short_018_w360,2,3,winding_short,winding_short,4,"[""temperature_slope"", ""temperature_delta_mean"", ""current_z_last"", ""vibration_z_last""]",vibration_delta_mean,1,2,True,True,0.25,0.5,False,1.0,0.0
synthetic,winding_short_018_w360,2,4,winding_short,winding_short,4,"[""temperature_delta_mean"", ""temperature_slope"", ""current_z_last"", ""vibration_z_last""]",vibration_delta_mean,1,2,True,True,0.25,0.5,False,1.0,0.0
synthetic,winding_short_025_w300,2,0,winding_short,winding_short,4,"[""current_delta_mean"", ""current_slope"", ""temperature_delta_mean"", ""temperature_slope""]",vibration_delta_mean,1,3,True,True,0.25,0.75,False,1.0,0.0
synthetic,winding_short_025_w300,2,1,winding_short,winding_short,4,"[""current_delta_mean"", ""current_slope"", ""temperature_delta_mean"", ""temperature_slope""]",vibration_delta_mean,1,3,True,True,0.25,0.75,False,1.0,0.0
synthetic,winding_short_025_w300,2,2,winding_short,winding_short,4,"[""current_delta_mean"", ""current_slope"", ""temperature_delta_mean"", ""temperature_slope""]",vibration_delta_mean,1,3,True,True,0.25,0.75,False,1.0,0.0
synthetic,winding_short_025_w300,2,3,winding_short,winding_short,4,"[""current_delta_mean"", ""current_slope"", ""temperature_delta_mean"", ""temperature_slope""]",vibration_delta_mean,1,3,True,True,0.25,0.75,False,1.0,0.0
synthetic,winding_short_025_w300,2,4,winding_short,winding_short,4,"[""current_delta_mean"", ""current_slope"", ""temperature_slope"", ""vibration_delta_mean""]",vibration_delta_mean,2,3,True,True,0.5,0.75,True,1.0,0.0
synthetic,winding_short_025_w420,2,0,winding_short,winding_short,4,"[""current_delta_mean"", ""current_slope"", ""vibration_z_last"", ""vibration_slope""]",vibration_delta_mean,2,3,True,True,0.5,0.75,False,1.0,0.0
synthetic,winding_short_025_w420,2,1,winding_short,winding_short,4,"[""current_delta_mean"", ""current_slope"", ""vibration_z_last"", ""vibration_slope""]",vibration_delta_mean,2,3,True,True,0.5,0.75,False,1.0,0.0
synthetic,winding_short_025_w420,2,2,winding_short,winding_short,4,"[""current_delta_mean"", ""current_slope"", ""vibration_z_last"", ""vibration_slope""]",vibration_delta_mean,2,3,True,True,0.5,0.75,False,1.0,0.0
synthetic,winding_short_025_w420,2,3,winding_short,winding_short,4,"[""current_delta_mean"", ""current_slope"", ""vibration_z_last"", ""vibration_slope""]",vibration_delta_mean,2,3,True,True,0.5,0.75,False,1.0,0.0
synthetic,winding_short_025_w420,2,4,winding_short,winding_short,4,"[""current_delta_mean"", ""current_slope"", ""vibration_z_last"", ""vibration_slope""]",vibration_delta_mean,2,3,True,True,0.5,0.75,False,1.0,0.0
synthetic,winding_short_031_w300,2,0,winding_short,winding_short,4,"[""current_delta_mean"", ""temperature_delta_mean"", ""temperature_slope"", ""vibration_z_last""]",vibration_delta_mean,1,2,True,True,0.25,0.5,False,1.0,0.0
synthetic,winding_short_031_w300,2,1,winding_short,winding_short,4,"[""current_delta_mean"", ""current_slope"", ""temperature_delta_mean"", ""vibration_z_last""]",vibration_delta_mean,0,2,False,True,0.0,0.5,False,1.0,0.0
synthetic,winding_short_031_w300,2,2,winding_short,winding_short,4,"[""current_delta_mean"", ""current_slope"", ""temperature_delta_mean"", ""vibration_z_last""]",vibration_delta_mean,0,2,False,True,0.0,0.5,False,1.0,0.0
synthetic,winding_short_031_w300,2,3,winding_short,winding_short,4,"[""temperature_delta_mean"", ""temperature_slope"", ""current_delta_mean"", ""vibration_z_last""]",vibration_delta_mean,1,2,True,True,0.25,0.5,False,1.0,0.0
synthetic,winding_short_031_w300,2,4,winding_short,winding_short,4,"[""current_delta_mean"", ""temperature_delta_mean"", ""temperature_slope"", ""vibration_z_last""]",vibration_delta_mean,1,2,True,True,0.25,0.5,False,1.0,0.0
synthetic,winding_short_031_w420,2,0,winding_short,winding_short,4,"[""current_delta_mean"", ""current_slope"", ""vibration_z_last"", ""vibration_delta_mean""]",vibration_delta_mean,2,3,True,True,0.5,0.75,True,1.0,0.0
synthetic,winding_short_031_w420,2,1,winding_short,winding_short,4,"[""current_delta_mean"", ""current_slope"", ""vibration_delta_mean"", ""vibration_z_last""]",vibration_delta_mean,2,3,True,True,0.5,0.75,True,1.0,0.0
synthetic,winding_short_031_w420,2,2,winding_short,winding_short,4,"[""current_delta_mean"", ""current_slope"", ""vibration_delta_mean"", ""vibration_z_last""]",vibration_delta_mean,2,3,True,True,0.5,0.75,True,1.0,0.0
synthetic,winding_short_031_w420,2,3,winding_short,winding_short,4,"[""current_delta_mean"", ""current_slope"", ""vibration_delta_mean"", ""vibration_z_last""]",vibration_delta_mean,2,3,True,True,0.5,0.75,True,1.0,0.0
synthetic,winding_short_031_w420,2,4,winding_short,winding_short,4,"[""current_delta_mean"", ""current_slope"", ""vibration_delta_mean"", ""vibration_slope""]",vibration_delta_mean,3,4,True,True,0.75,1.0,True,1.0,0.0
synthetic,winding_short_031_w480,2,0,winding_short,winding_short,4,"[""current_z_last"", ""temperature_slope"", ""temperature_delta_mean"", ""vibration_z_last""]",vibration_delta_mean,1,2,True,True,0.25,0.5,False,1.0,0.0
synthetic,winding_short_031_w480,2,1,winding_short,winding_short,4,"[""current_z_last"", ""temperature_slope"", ""temperature_delta_mean"", ""vibration_z_last""]",vibration_delta_mean,1,2,True,True,0.25,0.5,False,1.0,0.0
synthetic,winding_short_031_w480,2,2,winding_short,winding_short,4,"[""current_z_last"", ""temperature_slope"", ""temperature_delta_mean"", ""vibration_z_last""]",vibration_delta_mean,1,2,True,True,0.25,0.5,False,1.0,0.0
synthetic,winding_short_031_w480,2,3,winding_short,winding_short,4,"[""current_z_last"", ""temperature_slope"", ""temperature_delta_mean"", ""vibration_z_last""]",vibration_delta_mean,1,2,True,True,0.25,0.5,False,1.0,0.0
synthetic,winding_short_031_w480,2,4,winding_short,winding_short,4,"[""current_z_last"", ""temperature_slope"", ""temperature_delta_mean"", ""vibration_z_last""]",vibration_delta_mean,1,2,True,True,0.25,0.5,False,1.0,0.0
synthetic,winding_short_032_w420,2,0,winding_short,winding_short,4,"[""current_delta_mean"", ""current_slope"", ""vibration_z_last"", ""vibration_slope""]",vibration_delta_mean,2,3,True,True,0.5,0.75,False,1.0,0.0
synthetic,winding_short_032_w420,2,1,winding_short,winding_short,4,"[""current_delta_mean"", ""current_slope"", ""vibration_z_last"", ""vibration_slope""]",vibration_delta_mean,2,3,True,True,0.5,0.75,False,1.0,0.0
synthetic,winding_short_032_w420,2,2,winding_short,winding_short,4,"[""current_delta_mean"", ""current_slope"", ""vibration_z_last"", ""vibration_slope""]",vibration_delta_mean,2,3,True,True,0.5,0.75,False,1.0,0.0
synthetic,winding_short_032_w420,2,3,winding_short,winding_short,4,"[""current_delta_mean"", ""current_slope"", ""vibration_z_last"", ""vibration_slope""]",vibration_delta_mean,2,3,True,True,0.5,0.75,False,1.0,0.0
synthetic,winding_short_032_w420,2,4,winding_short,winding_short,4,"[""current_delta_mean"", ""current_slope"", ""vibration_z_last"", ""vibration_slope""]",vibration_delta_mean,2,3,True,True,0.5,0.75,False,1.0,0.0
synthetic,winding_short_036_w360,2,0,winding_short,winding_short,4,"[""temperature_delta_mean"", ""temperature_slope"", ""current_z_last"", ""vibration_slope""]",vibration_delta_mean,2,3,True,True,0.5,0.75,False,1.0,0.0
synthetic,winding_short_036_w360,2,1,winding_short,winding_short,4,"[""temperature_delta_mean"", ""temperature_slope"", ""current_z_last"", ""vibration_slope""]",vibration_delta_mean,2,3,True,True,0.5,0.75,False,1.0,0.0
synthetic,winding_short_036_w360,2,2,winding_short,winding_short,4,"[""temperature_delta_mean"", ""temperature_slope"", ""current_z_last"", ""vibration_slope""]",vibration_delta_mean,2,3,True,True,0.5,0.75,False,1.0,0.0
synthetic,winding_short_036_w360,2,3,winding_short,winding_short,4,"[""temperature_delta_mean"", ""temperature_slope"", ""current_z_last"", ""vibration_slope""]",vibration_delta_mean,2,3,True,True,0.5,0.75,False,1.0,0.0
synthetic,winding_short_036_w360,2,4,winding_short,winding_short,4,"[""temperature_delta_mean"", ""temperature_slope"", ""current_z_last"", ""vibration_slope""]",vibration_delta_mean,2,3,True,True,0.5,0.75,False,1.0,0.0
synthetic,winding_short_036_w480,2,0,winding_short,winding_short,4,"[""current_z_last"", ""temperature_delta_mean"", ""temperature_slope"", ""vibration_delta_mean""]",vibration_delta_mean,2,3,True,True,0.5,0.75,True,1.0,0.0
synthetic,winding_short_036_w480,2,1,winding_short,winding_short,4,"[""current_z_last"", ""temperature_delta_mean"", ""temperature_slope"", ""vibration_delta_mean""]",vibration_delta_mean,2,3,True,True,0.5,0.75,True,1.0,0.0
synthetic,winding_short_036_w480,2,2,winding_short,winding_short,4,"[""current_z_last"", ""temperature_delta_mean"", ""temperature_slope"", ""vibration_delta_mean""]",vibration_delta_mean,2,3,True,True,0.5,0.75,True,1.0,0.0
synthetic,winding_short_036_w480,2,3,winding_short,winding_short,4,"[""current_z_last"", ""temperature_slope"", ""temperature_delta_mean"", ""vibration_delta_mean""]",vibration_delta_mean,2,3,True,True,0.5,0.75,True,1.0,0.0
synthetic,winding_short_036_w480,2,4,winding_short,winding_short,4,"[""current_z_last"", ""temperature_delta_mean"", ""temperature_slope"", ""vibration_delta_mean""]",vibration_delta_mean,2,3,True,True,0.5,0.75,True,1.0,0.0
synthetic,winding_short_041_w420,2,0,winding_short,winding_short,4,"[""current_delta_mean"", ""current_slope"", ""vibration_z_last"", ""vibration_slope""]",vibration_delta_mean,2,3,True,True,0.5,0.75,False,1.0,0.0
synthetic,winding_short_041_w420,2,1,winding_short,winding_short,4,"[""current_delta_mean"", ""current_slope"", ""vibration_z_last"", ""vibration_slope""]",vibration_delta_mean,2,3,True,True,0.5,0.75,False,1.0,0.0
synthetic,winding_short_041_w420,2,2,winding_short,winding_short,4,"[""current_delta_mean"", ""current_slope"", ""vibration_z_last"", ""vibration_slope""]",vibration_delta_mean,2,3,True,True,0.5,0.75,False,1.0,0.0
synthetic,winding_short_041_w420,2,3,winding_short,winding_short,4,"[""current_delta_mean"", ""current_slope"", ""vibration_z_last"", ""vibration_slope""]",vibration_delta_mean,2,3,True,True,0.5,0.75,False,1.0,0.0
synthetic,winding_short_041_w420,2,4,winding_short,winding_short,3,"[""current_delta_mean"", ""current_slope"", ""vibration_z_last""]",vibration_delta_mean,1,2,True,True,0.3333333333333333,0.6666666666666666,False,1.0,0.0
synthetic,winding_short_043_w360,2,0,winding_short,winding_short,4,"[""temperature_delta_mean"", ""temperature_slope"", ""current_z_last"", ""vibration_delta_mean""]",vibration_delta_mean,2,3,True,True,0.5,0.75,True,1.0,0.0
synthetic,winding_short_043_w360,2,1,winding_short,winding_short,4,"[""temperature_delta_mean"", ""temperature_slope"", ""current_z_last"", ""vibration_delta_mean""]",vibration_delta_mean,2,3,True,True,0.5,0.75,True,1.0,0.0
synthetic,winding_short_043_w360,2,2,winding_short,winding_short,4,"[""temperature_delta_mean"", ""temperature_slope"", ""current_z_last"", ""vibration_delta_mean""]",vibration_delta_mean,2,3,True,True,0.5,0.75,True,1.0,0.0
synthetic,winding_short_043_w360,2,3,winding_short,winding_short,4,"[""temperature_delta_mean"", ""temperature_slope"", ""current_z_last"", ""vibration_delta_mean""]",vibration_delta_mean,2,3,True,True,0.5,0.75,True,1.0,0.0
synthetic,winding_short_043_w360,2,4,winding_short,winding_short,4,"[""temperature_delta_mean"", ""temperature_slope"", ""current_z_last"", ""vibration_delta_mean""]",vibration_delta_mean,2,3,True,True,0.5,0.75,True,1.0,0.0
synthetic,winding_short_043_w420,2,0,winding_short,winding_short,4,"[""current_delta_mean"", ""current_slope"", ""vibration_delta_mean"", ""vibration_slope""]",vibration_delta_mean,3,4,True,True,0.75,1.0,True,1.0,0.0
synthetic,winding_short_043_w420,2,1,winding_short,winding_short,4,"[""current_delta_mean"", ""current_slope"", ""vibration_delta_mean"", ""vibration_slope""]",vibration_delta_mean,3,4,True,True,0.75,1.0,True,1.0,0.0
synthetic,winding_short_043_w420,2,2,winding_short,winding_short,4,"[""current_delta_mean"", ""current_slope"", ""vibration_delta_mean"", ""vibration_slope""]",vibration_delta_mean,3,4,True,True,0.75,1.0,True,1.0,0.0
synthetic,winding_short_043_w420,2,3,winding_short,winding_short,4,"[""current_delta_mean"", ""current_slope"", ""vibration_delta_mean"", ""vibration_slope""]",vibration_delta_mean,3,4,True,True,0.75,1.0,True,1.0,0.0
synthetic,winding_short_043_w420,2,4,winding_short,winding_short,4,"[""current_delta_mean"", ""current_slope"", ""vibration_delta_mean"", ""vibration_slope""]",vibration_delta_mean,3,4,True,True,0.75,1.0,True,1.0,0.0
synthetic,bearing_friction_002_w480,2,0,bearing_friction,bearing_friction,4,"[""vibration_delta_mean"", ""vibration_slope"", ""current_delta_mean"", ""current_slope""]",vibration_slope,3,4,True,True,0.75,1.0,True,1.0,0.0
synthetic,bearing_friction_002_w480,2,1,bearing_friction,bearing_friction,4,"[""vibration_delta_mean"", ""vibration_slope"", ""current_delta_mean"", ""current_slope""]",vibration_slope,3,4,True,True,0.75,1.0,True,1.0,0.0
synthetic,bearing_friction_002_w480,2,2,bearing_friction,bearing_friction,4,"[""vibration_delta_mean"", ""vibration_slope"", ""current_delta_mean"", ""current_slope""]",vibration_slope,3,4,True,True,0.75,1.0,True,1.0,0.0
synthetic,bearing_friction_002_w480,2,3,bearing_friction,bearing_friction,4,"[""vibration_delta_mean"", ""vibration_slope"", ""current_delta_mean"", ""current_slope""]",vibration_slope,3,4,True,True,0.75,1.0,True,1.0,0.0
synthetic,bearing_friction_002_w480,2,4,bearing_friction,bearing_friction,4,"[""vibration_delta_mean"", ""vibration_slope"", ""current_delta_mean"", ""current_slope""]",vibration_slope,3,4,True,True,0.75,1.0,True,1.0,0.0
synthetic,bearing_friction_007_w300,2,0,bearing_friction,bearing_friction,4,"[""vibration_delta_mean"", ""vibration_slope"", ""temperature_slope"", ""temperature_delta_mean""]",vibration_slope,2,4,True,True,0.5,1.0,True,1.0,0.0
synthetic,bearing_friction_007_w300,2,1,bearing_friction,bearing_friction,4,"[""vibration_delta_mean"", ""vibration_slope"", ""temperature_slope"", ""vibration_z_last""]",vibration_slope,3,4,True,True,0.75,1.0,True,1.0,0.0
synthetic,bearing_friction_007_w300,2,2,bearing_friction,bearing_friction,4,"[""vibration_delta_mean"", ""vibration_slope"", ""vibration_z_last"", ""temperature_slope""]",vibration_slope,3,4,True,True,0.75,1.0,True,1.0,0.0
synthetic,bearing_friction_007_w300,2,3,bearing_friction,bearing_friction,4,"[""vibration_delta_mean"", ""vibration_slope"", ""vibration_z_last"", ""temperature_slope""]",vibration_slope,3,4,True,True,0.75,1.0,True,1.0,0.0
synthetic,bearing_friction_007_w300,2,4,bearing_friction,bearing_friction,4,"[""vibration_delta_mean"", ""vibration_slope"", ""vibration_z_last"", ""temperature_slope""]",vibration_slope,3,4,True,True,0.75,1.0,True,1.0,0.0
synthetic,bearing_friction_007_w360,2,0,bearing_friction,bearing_friction,4,"[""vibration_delta_mean"", ""vibration_z_last"", ""vibration_slope"", ""current_delta_mean""]",vibration_slope,3,3,True,True,0.75,0.75,True,1.0,0.0
synthetic,bearing_friction_007_w360,2,1,bearing_friction,bearing_friction,4,"[""vibration_delta_mean"", ""vibration_z_last"", ""vibration_slope"", ""current_delta_mean""]",vibration_slope,3,3,True,True,0.75,0.75,True,1.0,0.0
synthetic,bearing_friction_007_w360,2,2,bearing_friction,bearing_friction,4,"[""vibration_delta_mean"", ""vibration_z_last"", ""vibration_slope"", ""current_delta_mean""]",vibration_slope,3,3,True,True,0.75,0.75,True,1.0,0.0
synthetic,bearing_friction_007_w360,2,3,bearing_friction,bearing_friction,4,"[""vibration_delta_mean"", ""vibration_z_last"", ""vibration_slope"", ""current_delta_mean""]",vibration_slope,3,3,True,True,0.75,0.75,True,1.0,0.0
synthetic,bearing_friction_007_w360,2,4,bearing_friction,bearing_friction,4,"[""vibration_delta_mean"", ""vibration_z_last"", ""vibration_slope"", ""current_delta_mean""]",vibration_slope,3,3,True,True,0.75,0.75,True,1.0,0.0
synthetic,bearing_friction_007_w420,2,0,bearing_friction,bearing_friction,3,"[""vibration_delta_mean"", ""vibration_slope"", ""temperature_delta_mean""]",vibration_delta_mean,2,2,True,True,0.6666666666666666,0.6666666666666666,True,1.0,0.0
synthetic,bearing_friction_007_w420,2,1,bearing_friction,bearing_friction,4,"[""vibration_delta_mean"", ""vibration_z_last"", ""vibration_slope"", ""temperature_delta_mean""]",vibration_delta_mean,3,3,True,True,0.75,0.75,True,1.0,0.0
synthetic,bearing_friction_007_w420,2,2,bearing_friction,bearing_friction,4,"[""vibration_delta_mean"", ""vibration_slope"", ""temperature_delta_mean"", ""temperature_slope""]",vibration_delta_mean,2,2,True,True,0.5,0.5,True,1.0,0.0
synthetic,bearing_friction_007_w420,2,3,bearing_friction,bearing_friction,4,"[""vibration_delta_mean"", ""vibration_slope"", ""vibration_z_last"", ""temperature_delta_mean""]",vibration_delta_mean,3,3,True,True,0.75,0.75,True,1.0,0.0
synthetic,bearing_friction_007_w420,2,4,bearing_friction,bearing_friction,4,"[""vibration_delta_mean"", ""vibration_slope"", ""temperature_delta_mean"", ""temperature_slope""]",vibration_delta_mean,2,2,True,True,0.5,0.5,True,1.0,0.0
synthetic,bearing_friction_010_w300,2,0,bearing_friction,bearing_friction,4,"[""vibration_delta_mean"", ""vibration_slope"", ""vibration_z_last"", ""temperature_delta_mean""]",vibration_delta_mean,3,4,True,True,0.75,1.0,True,1.0,0.0
synthetic,bearing_friction_010_w300,2,1,bearing_friction,bearing_friction,4,"[""vibration_delta_mean"", ""vibration_slope"", ""temperature_slope"", ""current_z_last""]",vibration_delta_mean,2,3,True,True,0.5,0.75,True,1.0,0.0
synthetic,bearing_friction_010_w300,2,2,bearing_friction,bearing_friction,4,"[""vibration_delta_mean"", ""vibration_slope"", ""temperature_slope"", ""current_z_last""]",vibration_delta_mean,2,3,True,True,0.5,0.75,True,1.0,0.0
synthetic,bearing_friction_010_w300,2,3,bearing_friction,bearing_friction,4,"[""vibration_delta_mean"", ""vibration_slope"", ""vibration_z_last"", ""temperature_slope""]",vibration_delta_mean,3,4,True,True,0.75,1.0,True,1.0,0.0
synthetic,bearing_friction_010_w300,2,4,bearing_friction,bearing_friction,4,"[""vibration_delta_mean"", ""vibration_slope"", ""vibration_z_last"", ""temperature_slope""]",vibration_delta_mean,3,4,True,True,0.75,1.0,True,1.0,0.0
synthetic,bearing_friction_018_w300,2,0,bearing_friction,bearing_friction,4,"[""vibration_delta_mean"", ""vibration_slope"", ""temperature_slope"", ""temperature_delta_mean""]",vibration_slope,2,4,True,True,0.5,1.0,True,1.0,0.0
synthetic,bearing_friction_018_w300,2,1,bearing_friction,bearing_friction,4,"[""vibration_delta_mean"", ""vibration_slope"", ""vibration_z_last"", ""temperature_delta_mean""]",vibration_slope,3,4,True,True,0.75,1.0,True,1.0,0.0
synthetic,bearing_friction_018_w300,2,2,bearing_friction,bearing_friction,4,"[""vibration_delta_mean"", ""vibration_slope"", ""temperature_slope"", ""current_delta_mean""]",vibration_slope,2,3,True,True,0.5,0.75,True,1.0,0.0
synthetic,bearing_friction_018_w300,2,3,bearing_friction,bearing_friction,3,"[""vibration_delta_mean"", ""vibration_slope"", ""temperature_delta_mean""]",vibration_slope,2,3,True,True,0.6666666666666666,1.0,True,1.0,0.0
synthetic,bearing_friction_018_w300,2,4,bearing_friction,bearing_friction,4,"[""vibration_delta_mean"", ""vibration_slope"", ""temperature_slope"", ""current_delta_mean""]",vibration_slope,2,3,True,True,0.5,0.75,True,1.0,0.0
synthetic,bearing_friction_018_w360,2,0,bearing_friction,bearing_friction,4,"[""vibration_delta_mean"", ""vibration_slope"", ""current_delta_mean"", ""current_slope""]",vibration_slope,2,2,True,True,0.5,0.5,True,1.0,0.0
synthetic,bearing_friction_018_w360,2,1,bearing_friction,bearing_friction,4,"[""vibration_delta_mean"", ""vibration_slope"", ""current_delta_mean"", ""current_slope""]",vibration_slope,2,2,True,True,0.5,0.5,True,1.0,0.0
synthetic,bearing_friction_018_w360,2,2,bearing_friction,bearing_friction,4,"[""vibration_delta_mean"", ""vibration_slope"", ""current_delta_mean"", ""current_slope""]",vibration_slope,2,2,True,True,0.5,0.5,True,1.0,0.0
synthetic,bearing_friction_018_w360,2,3,bearing_friction,bearing_friction,4,"[""vibration_delta_mean"", ""vibration_slope"", ""current_delta_mean"", ""current_slope""]",vibration_slope,2,2,True,True,0.5,0.5,True,1.0,0.0
synthetic,bearing_friction_018_w360,2,4,bearing_friction,bearing_friction,4,"[""vibration_delta_mean"", ""vibration_slope"", ""current_delta_mean"", ""current_slope""]",vibration_slope,2,2,True,True,0.5,0.5,True,1.0,0.0
synthetic,bearing_friction_020_w360,2,0,bearing_friction,bearing_friction,3,"[""vibration_delta_mean"", ""vibration_slope"", ""current_delta_mean""]",vibration_slope,2,2,True,True,0.6666666666666666,0.6666666666666666,True,1.0,0.0
synthetic,bearing_friction_020_w360,2,1,bearing_friction,bearing_friction,4,"[""vibration_delta_mean"", ""vibration_slope"", ""vibration_z_last"", ""current_delta_mean""]",vibration_slope,3,3,True,True,0.75,0.75,True,1.0,0.0
synthetic,bearing_friction_020_w360,2,2,bearing_friction,bearing_friction,4,"[""vibration_delta_mean"", ""vibration_z_last"", ""vibration_slope"", ""current_delta_mean""]",vibration_slope,3,3,True,True,0.75,0.75,True,1.0,0.0
synthetic,bearing_friction_020_w360,2,3,bearing_friction,bearing_friction,4,"[""vibration_delta_mean"", ""vibration_slope"", ""vibration_z_last"", ""current_delta_mean""]",vibration_slope,3,3,True,True,0.75,0.75,True,1.0,0.0
synthetic,bearing_friction_020_w360,2,4,bearing_friction,bearing_friction,4,"[""vibration_delta_mean"", ""vibration_z_last"", ""vibration_slope"", ""current_delta_mean""]",vibration_slope,3,3,True,True,0.75,0.75,True,1.0,0.0
synthetic,bearing_friction_020_w480,2,0,bearing_friction,bearing_friction,4,"[""vibration_delta_mean"", ""vibration_slope"", ""current_delta_mean"", ""temperature_z_last""]",vibration_delta_mean,2,3,True,True,0.5,0.75,True,1.0,0.0
synthetic,bearing_friction_020_w480,2,1,bearing_friction,bearing_friction,4,"[""vibration_delta_mean"", ""vibration_slope"", ""current_delta_mean"", ""temperature_z_last""]",vibration_delta_mean,2,3,True,True,0.5,0.75,True,1.0,0.0
synthetic,bearing_friction_020_w480,2,2,bearing_friction,bearing_friction,4,"[""vibration_delta_mean"", ""vibration_z_last"", ""vibration_slope"", ""current_delta_mean""]",vibration_delta_mean,3,4,True,True,0.75,1.0,True,1.0,0.0
synthetic,bearing_friction_020_w480,2,3,bearing_friction,bearing_friction,4,"[""vibration_delta_mean"", ""vibration_slope"", ""current_delta_mean"", ""temperature_z_last""]",vibration_delta_mean,2,3,True,True,0.5,0.75,True,1.0,0.0
synthetic,bearing_friction_020_w480,2,4,bearing_friction,bearing_friction,4,"[""vibration_delta_mean"", ""vibration_slope"", ""current_delta_mean"", ""temperature_z_last""]",vibration_delta_mean,2,3,True,True,0.5,0.75,True,1.0,0.0
synthetic,bearing_friction_022_w300,2,0,bearing_friction,bearing_friction,4,"[""vibration_delta_mean"", ""vibration_z_last"", ""vibration_slope"", ""temperature_slope""]",vibration_delta_mean,3,4,True,True,0.75,1.0,True,1.0,0.0
synthetic,bearing_friction_022_w300,2,1,bearing_friction,bearing_friction,4,"[""vibration_delta_mean"", ""vibration_slope"", ""vibration_z_last"", ""temperature_slope""]",vibration_delta_mean,3,4,True,True,0.75,1.0,True,1.0,0.0
synthetic,bearing_friction_022_w300,2,2,bearing_friction,bearing_friction,4,"[""vibration_delta_mean"", ""vibration_z_last"", ""vibration_slope"", ""temperature_slope""]",vibration_delta_mean,3,4,True,True,0.75,1.0,True,1.0,0.0
synthetic,bearing_friction_022_w300,2,3,bearing_friction,bearing_friction,4,"[""vibration_delta_mean"", ""vibration_slope"", ""vibration_z_last"", ""temperature_slope""]",vibration_delta_mean,3,4,True,True,0.75,1.0,True,1.0,0.0
synthetic,bearing_friction_022_w300,2,4,bearing_friction,bearing_friction,4,"[""vibration_delta_mean"", ""vibration_z_last"", ""vibration_slope"", ""temperature_slope""]",vibration_delta_mean,3,4,True,True,0.75,1.0,True,1.0,0.0
synthetic,bearing_friction_022_w420,2,0,bearing_friction,bearing_friction,4,"[""vibration_delta_mean"", ""vibration_slope"", ""temperature_delta_mean"", ""temperature_slope""]",vibration_delta_mean,2,2,True,True,0.5,0.5,True,1.0,0.0
synthetic,bearing_friction_022_w420,2,1,bearing_friction,bearing_friction,4,"[""vibration_delta_mean"", ""vibration_slope"", ""temperature_delta_mean"", ""temperature_slope""]",vibration_delta_mean,2,2,True,True,0.5,0.5,True,1.0,0.0
synthetic,bearing_friction_022_w420,2,2,bearing_friction,bearing_friction,4,"[""vibration_delta_mean"", ""vibration_slope"", ""temperature_delta_mean"", ""temperature_slope""]",vibration_delta_mean,2,2,True,True,0.5,0.5,True,1.0,0.0
synthetic,bearing_friction_022_w420,2,3,bearing_friction,bearing_friction,4,"[""vibration_delta_mean"", ""vibration_slope"", ""temperature_delta_mean"", ""temperature_slope""]",vibration_delta_mean,2,2,True,True,0.5,0.5,True,1.0,0.0
synthetic,bearing_friction_022_w420,2,4,bearing_friction,bearing_friction,4,"[""vibration_delta_mean"", ""vibration_slope"", ""temperature_delta_mean"", ""temperature_slope""]",vibration_delta_mean,2,2,True,True,0.5,0.5,True,1.0,0.0
synthetic,bearing_friction_035_w300,2,0,bearing_friction,bearing_friction,4,"[""vibration_delta_mean"", ""vibration_slope"", ""temperature_delta_mean"", ""temperature_slope""]",vibration_slope,2,4,True,True,0.5,1.0,True,1.0,0.0
synthetic,bearing_friction_035_w300,2,1,bearing_friction,bearing_friction,4,"[""vibration_delta_mean"", ""vibration_slope"", ""vibration_z_last"", ""temperature_delta_mean""]",vibration_slope,3,4,True,True,0.75,1.0,True,1.0,0.0
synthetic,bearing_friction_035_w300,2,2,bearing_friction,bearing_friction,4,"[""vibration_delta_mean"", ""vibration_slope"", ""vibration_z_last"", ""temperature_delta_mean""]",vibration_slope,3,4,True,True,0.75,1.0,True,1.0,0.0
synthetic,bearing_friction_035_w300,2,3,bearing_friction,bearing_friction,4,"[""vibration_delta_mean"", ""vibration_slope"", ""vibration_z_last"", ""temperature_slope""]",vibration_slope,3,4,True,True,0.75,1.0,True,1.0,0.0
synthetic,bearing_friction_035_w300,2,4,bearing_friction,bearing_friction,4,"[""vibration_delta_mean"", ""vibration_slope"", ""temperature_delta_mean"", ""vibration_z_last""]",vibration_slope,3,4,True,True,0.75,1.0,True,1.0,0.0
synthetic,bearing_friction_035_w360,2,0,bearing_friction,bearing_friction,4,"[""vibration_delta_mean"", ""vibration_slope"", ""current_delta_mean"", ""temperature_slope""]",vibration_delta_mean,2,3,True,True,0.5,0.75,True,1.0,0.0
synthetic,bearing_friction_035_w360,2,1,bearing_friction,bearing_friction,4,"[""vibration_delta_mean"", ""vibration_slope"", ""current_delta_mean"", ""current_z_last""]",vibration_delta_mean,2,2,True,True,0.5,0.5,True,1.0,0.0
synthetic,bearing_friction_035_w360,2,2,bearing_friction,bearing_friction,4,"[""vibration_delta_mean"", ""vibration_slope"", ""current_delta_mean"", ""temperature_slope""]",vibration_delta_mean,2,3,True,True,0.5,0.75,True,1.0,0.0
synthetic,bearing_friction_035_w360,2,3,bearing_friction,bearing_friction,4,"[""vibration_delta_mean"", ""vibration_z_last"", ""vibration_slope"", ""current_delta_mean""]",vibration_delta_mean,3,3,True,True,0.75,0.75,True,1.0,0.0
synthetic,bearing_friction_035_w360,2,4,bearing_friction,bearing_friction,4,"[""vibration_delta_mean"", ""vibration_slope"", ""current_delta_mean"", ""vibration_z_last""]",vibration_delta_mean,3,3,True,True,0.75,0.75,True,1.0,0.0
synthetic,bearing_friction_035_w420,2,0,bearing_friction,bearing_friction,4,"[""vibration_delta_mean"", ""vibration_slope"", ""temperature_delta_mean"", ""current_z_last""]",vibration_delta_mean,2,3,True,True,0.5,0.75,True,1.0,0.0
synthetic,bearing_friction_035_w420,2,1,bearing_friction,bearing_friction,4,"[""vibration_delta_mean"", ""vibration_slope"", ""temperature_delta_mean"", ""current_z_last""]",vibration_delta_mean,2,3,True,True,0.5,0.75,True,1.0,0.0
synthetic,bearing_friction_035_w420,2,2,bearing_friction,bearing_friction,4,"[""vibration_delta_mean"", ""vibration_z_last"", ""vibration_slope"", ""temperature_delta_mean""]",vibration_delta_mean,3,3,True,True,0.75,0.75,True,1.0,0.0
synthetic,bearing_friction_035_w420,2,3,bearing_friction,bearing_friction,4,"[""vibration_delta_mean"", ""vibration_slope"", ""temperature_delta_mean"", ""temperature_slope""]",vibration_delta_mean,2,2,True,True,0.5,0.5,True,1.0,0.0
synthetic,bearing_friction_035_w420,2,4,bearing_friction,bearing_friction,4,"[""vibration_delta_mean"", ""vibration_slope"", ""temperature_delta_mean"", ""current_z_last""]",vibration_delta_mean,2,3,True,True,0.5,0.75,True,1.0,0.0
synthetic,bearing_friction_038_w360,2,0,bearing_friction,bearing_friction,4,"[""vibration_delta_mean"", ""vibration_slope"", ""current_delta_mean"", ""current_slope""]",vibration_delta_mean,2,2,True,True,0.5,0.5,True,1.0,0.0
synthetic,bearing_friction_038_w360,2,1,bearing_friction,bearing_friction,4,"[""vibration_delta_mean"", ""vibration_z_last"", ""vibration_slope"", ""current_delta_mean""]",vibration_delta_mean,3,3,True,True,0.75,0.75,True,1.0,0.0
synthetic,bearing_friction_038_w360,2,2,bearing_friction,bearing_friction,3,"[""vibration_delta_mean"", ""vibration_slope"", ""current_delta_mean""]",vibration_delta_mean,2,2,True,True,0.6666666666666666,0.6666666666666666,True,1.0,0.0
synthetic,bearing_friction_038_w360,2,3,bearing_friction,bearing_friction,4,"[""vibration_delta_mean"", ""vibration_z_last"", ""vibration_slope"", ""current_delta_mean""]",vibration_delta_mean,3,3,True,True,0.75,0.75,True,1.0,0.0
synthetic,bearing_friction_038_w360,2,4,bearing_friction,bearing_friction,3,"[""vibration_delta_mean"", ""vibration_slope"", ""current_delta_mean""]",vibration_delta_mean,2,2,True,True,0.6666666666666666,0.6666666666666666,True,1.0,0.0
synthetic,bearing_friction_042_w300,2,0,bearing_friction,bearing_friction,4,"[""vibration_delta_mean"", ""vibration_slope"", ""vibration_z_last"", ""temperature_delta_mean""]",vibration_slope,3,4,True,True,0.75,1.0,True,1.0,0.0
synthetic,bearing_friction_042_w300,2,1,bearing_friction,bearing_friction,4,"[""vibration_delta_mean"", ""vibration_slope"", ""vibration_z_last"", ""temperature_delta_mean""]",vibration_slope,3,4,True,True,0.75,1.0,True,1.0,0.0
synthetic,bearing_friction_042_w300,2,2,bearing_friction,bearing_friction,4,"[""vibration_delta_mean"", ""vibration_slope"", ""vibration_z_last"", ""temperature_delta_mean""]",vibration_slope,3,4,True,True,0.75,1.0,True,1.0,0.0
synthetic,bearing_friction_042_w300,2,3,bearing_friction,bearing_friction,4,"[""vibration_delta_mean"", ""vibration_slope"", ""temperature_delta_mean"", ""current_delta_mean""]",vibration_slope,2,3,True,True,0.5,0.75,True,1.0,0.0
synthetic,bearing_friction_042_w300,2,4,bearing_friction,bearing_friction,4,"[""vibration_delta_mean"", ""vibration_slope"", ""vibration_z_last"", ""temperature_delta_mean""]",vibration_slope,3,4,True,True,0.75,1.0,True,1.0,0.0
synthetic,bearing_friction_042_w360,2,0,bearing_friction,bearing_friction,4,"[""vibration_delta_mean"", ""vibration_slope"", ""current_delta_mean"", ""temperature_delta_mean""]",vibration_delta_mean,2,3,True,True,0.5,0.75,True,1.0,0.0
synthetic,bearing_friction_042_w360,2,1,bearing_friction,bearing_friction,4,"[""vibration_delta_mean"", ""vibration_z_last"", ""vibration_slope"", ""current_delta_mean""]",vibration_delta_mean,3,3,True,True,0.75,0.75,True,1.0,0.0
synthetic,bearing_friction_042_w360,2,2,bearing_friction,bearing_friction,4,"[""vibration_delta_mean"", ""vibration_z_last"", ""vibration_slope"", ""current_delta_mean""]",vibration_delta_mean,3,3,True,True,0.75,0.75,True,1.0,0.0
synthetic,bearing_friction_042_w360,2,3,bearing_friction,bearing_friction,4,"[""vibration_delta_mean"", ""vibration_slope"", ""vibration_z_last"", ""current_delta_mean""]",vibration_delta_mean,3,3,True,True,0.75,0.75,True,1.0,0.0
synthetic,bearing_friction_042_w360,2,4,bearing_friction,bearing_friction,4,"[""vibration_delta_mean"", ""vibration_slope"", ""vibration_z_last"", ""current_delta_mean""]",vibration_delta_mean,3,3,True,True,0.75,0.75,True,1.0,0.0
synthetic,bearing_friction_044_w300,2,0,bearing_friction,bearing_friction,4,"[""vibration_delta_mean"", ""vibration_slope"", ""vibration_z_last"", ""temperature_slope""]",vibration_slope,3,4,True,True,0.75,1.0,True,1.0,0.0
synthetic,bearing_friction_044_w300,2,1,bearing_friction,bearing_friction,4,"[""vibration_delta_mean"", ""vibration_slope"", ""temperature_z_last"", ""current_delta_mean""]",vibration_slope,2,2,True,True,0.5,0.5,True,1.0,0.0
synthetic,bearing_friction_044_w300,2,2,bearing_friction,bearing_friction,4,"[""vibration_delta_mean"", ""vibration_slope"", ""vibration_z_last"", ""temperature_slope""]",vibration_slope,3,4,True,True,0.75,1.0,True,1.0,0.0
synthetic,bearing_friction_044_w300,2,3,bearing_friction,bearing_friction,4,"[""vibration_delta_mean"", ""vibration_slope"", ""temperature_slope"", ""temperature_z_last""]",vibration_slope,2,3,True,True,0.5,0.75,True,1.0,0.0
synthetic,bearing_friction_044_w300,2,4,bearing_friction,bearing_friction,4,"[""vibration_delta_mean"", ""vibration_slope"", ""temperature_slope"", ""temperature_z_last""]",vibration_slope,2,3,True,True,0.5,0.75,True,1.0,0.0
synthetic,bearing_friction_044_w360,2,0,bearing_friction,bearing_friction,4,"[""vibration_delta_mean"", ""vibration_z_last"", ""vibration_slope"", ""current_delta_mean""]",vibration_slope,3,3,True,True,0.75,0.75,True,1.0,0.0
synthetic,bearing_friction_044_w360,2,1,bearing_friction,bearing_friction,4,"[""vibration_delta_mean"", ""vibration_slope"", ""current_delta_mean"", ""current_slope""]",vibration_slope,2,3,True,True,0.5,0.75,True,1.0,0.0
synthetic,bearing_friction_044_w360,2,2,bearing_friction,bearing_friction,4,"[""vibration_delta_mean"", ""vibration_z_last"", ""vibration_slope"", ""current_delta_mean""]",vibration_slope,3,3,True,True,0.75,0.75,True,1.0,0.0
synthetic,bearing_friction_044_w360,2,3,bearing_friction,bearing_friction,4,"[""vibration_delta_mean"", ""vibration_z_last"", ""vibration_slope"", ""current_delta_mean""]",vibration_slope,3,3,True,True,0.75,0.75,True,1.0,0.0
synthetic,bearing_friction_044_w360,2,4,bearing_friction,bearing_friction,4,"[""vibration_delta_mean"", ""vibration_z_last"", ""vibration_slope"", ""current_delta_mean""]",vibration_slope,3,3,True,True,0.75,0.75,True,1.0,0.0
synthetic,bearing_friction_044_w420,2,0,bearing_friction,bearing_friction,4,"[""vibration_delta_mean"", ""vibration_slope"", ""temperature_delta_mean"", ""temperature_slope""]",vibration_delta_mean,2,2,True,True,0.5,0.5,True,1.0,0.0
synthetic,bearing_friction_044_w420,2,1,bearing_friction,bearing_friction,4,"[""vibration_delta_mean"", ""vibration_z_last"", ""vibration_slope"", ""temperature_delta_mean""]",vibration_delta_mean,3,3,True,True,0.75,0.75,True,1.0,0.0
synthetic,bearing_friction_044_w420,2,2,bearing_friction,bearing_friction,4,"[""vibration_delta_mean"", ""vibration_slope"", ""vibration_z_last"", ""temperature_delta_mean""]",vibration_delta_mean,3,3,True,True,0.75,0.75,True,1.0,0.0
synthetic,bearing_friction_044_w420,2,3,bearing_friction,bearing_friction,4,"[""vibration_delta_mean"", ""vibration_slope"", ""temperature_delta_mean"", ""temperature_slope""]",vibration_delta_mean,2,2,True,True,0.5,0.5,True,1.0,0.0
synthetic,bearing_friction_044_w420,2,4,bearing_friction,bearing_friction,4,"[""vibration_delta_mean"", ""vibration_slope"", ""temperature_delta_mean"", ""temperature_slope""]",vibration_delta_mean,2,2,True,True,0.5,0.5,True,1.0,0.0
synthetic,bearing_friction_044_w480,2,0,bearing_friction,bearing_friction,4,"[""vibration_delta_mean"", ""vibration_slope"", ""current_delta_mean"", ""current_slope""]",vibration_delta_mean,2,3,True,True,0.5,0.75,True,1.0,0.0
synthetic,bearing_friction_044_w480,2,1,bearing_friction,bearing_friction,4,"[""vibration_delta_mean"", ""vibration_slope"", ""current_delta_mean"", ""current_slope""]",vibration_delta_mean,2,3,True,True,0.5,0.75,True,1.0,0.0
synthetic,bearing_friction_044_w480,2,2,bearing_friction,bearing_friction,4,"[""vibration_delta_mean"", ""vibration_slope"", ""current_delta_mean"", ""current_slope""]",vibration_delta_mean,2,3,True,True,0.5,0.75,True,1.0,0.0
synthetic,bearing_friction_044_w480,2,3,bearing_friction,bearing_friction,4,"[""vibration_delta_mean"", ""vibration_slope"", ""current_delta_mean"", ""current_slope""]",vibration_delta_mean,2,3,True,True,0.5,0.75,True,1.0,0.0
synthetic,bearing_friction_044_w480,2,4,bearing_friction,bearing_friction,4,"[""vibration_delta_mean"", ""vibration_slope"", ""current_delta_mean"", ""current_slope""]",vibration_delta_mean,2,3,True,True,0.5,0.75,True,1.0,0.0
synthetic,overload_001_w300,2,0,overload,overload,4,"[""current_delta_mean"", ""current_slope"", ""temperature_delta_mean"", ""vibration_z_last""]",vibration_delta_mean,0,2,False,True,0.0,0.5,False,1.0,0.0
synthetic,overload_001_w300,2,1,overload,overload,4,"[""current_delta_mean"", ""current_slope"", ""temperature_delta_mean"", ""vibration_z_last""]",vibration_delta_mean,0,2,False,True,0.0,0.5,False,0.75,0.25
synthetic,overload_001_w300,2,2,overload,overload,4,"[""current_delta_mean"", ""current_slope"", ""temperature_delta_mean"", ""vibration_z_last""]",vibration_delta_mean,0,2,False,True,0.0,0.5,False,1.0,0.0
synthetic,overload_001_w300,2,3,overload,overload,4,"[""current_delta_mean"", ""current_slope"", ""temperature_delta_mean"", ""vibration_z_last""]",vibration_delta_mean,0,2,False,True,0.0,0.5,False,1.0,0.0
synthetic,overload_001_w300,2,4,overload,overload,4,"[""current_delta_mean"", ""current_slope"", ""temperature_delta_mean"", ""vibration_z_last""]",vibration_delta_mean,0,2,False,True,0.0,0.5,False,1.0,0.0
synthetic,overload_001_w420,2,0,overload,overload,4,"[""current_delta_mean"", ""current_slope"", ""temperature_delta_mean"", ""temperature_slope""]",vibration_delta_mean,0,2,False,True,0.0,0.5,False,1.0,0.0
synthetic,overload_001_w420,2,1,overload,overload,4,"[""current_delta_mean"", ""current_slope"", ""temperature_delta_mean"", ""temperature_slope""]",vibration_delta_mean,0,2,False,True,0.0,0.5,False,1.0,0.0
synthetic,overload_001_w420,2,2,overload,overload,4,"[""current_delta_mean"", ""current_slope"", ""temperature_delta_mean"", ""temperature_slope""]",vibration_delta_mean,0,2,False,True,0.0,0.5,False,1.0,0.0
synthetic,overload_001_w420,2,3,overload,overload,4,"[""current_delta_mean"", ""current_slope"", ""temperature_delta_mean"", ""temperature_slope""]",vibration_delta_mean,0,2,False,True,0.0,0.5,False,1.0,0.0
synthetic,overload_001_w420,2,4,overload,overload,4,"[""current_delta_mean"", ""current_slope"", ""temperature_delta_mean"", ""temperature_slope""]",vibration_delta_mean,0,2,False,True,0.0,0.5,False,1.0,0.0
synthetic,overload_003_w300,2,0,overload,overload,4,"[""current_delta_mean"", ""current_slope"", ""temperature_delta_mean"", ""vibration_z_last""]",vibration_slope,0,2,False,True,0.0,0.5,False,1.0,0.0
synthetic,overload_003_w300,2,1,overload,overload,4,"[""current_delta_mean"", ""current_slope"", ""temperature_delta_mean"", ""vibration_z_last""]",vibration_slope,0,2,False,True,0.0,0.5,False,1.0,0.0
synthetic,overload_003_w300,2,2,overload,overload,4,"[""current_delta_mean"", ""current_slope"", ""temperature_delta_mean"", ""vibration_z_last""]",vibration_slope,0,2,False,True,0.0,0.5,False,1.0,0.0
synthetic,overload_003_w300,2,3,overload,overload,4,"[""current_delta_mean"", ""current_slope"", ""temperature_delta_mean"", ""vibration_z_last""]",vibration_slope,0,2,False,True,0.0,0.5,False,1.0,0.0
synthetic,overload_003_w300,2,4,overload,overload,4,"[""current_delta_mean"", ""current_slope"", ""temperature_delta_mean"", ""vibration_z_last""]",vibration_slope,0,2,False,True,0.0,0.5,False,1.0,0.0
synthetic,overload_005_w300,2,0,overload,overload,4,"[""current_delta_mean"", ""current_slope"", ""current_z_last"", ""vibration_z_last""]",vibration_slope,1,3,True,True,0.25,0.75,False,1.0,0.0
synthetic,overload_005_w300,2,1,overload,overload,4,"[""current_delta_mean"", ""current_slope"", ""current_z_last"", ""vibration_z_last""]",vibration_slope,1,3,True,True,0.25,0.75,False,1.0,0.0
synthetic,overload_005_w300,2,2,overload,overload,4,"[""current_delta_mean"", ""current_slope"", ""current_z_last"", ""vibration_z_last""]",vibration_slope,1,3,True,True,0.25,0.75,False,1.0,0.0
synthetic,overload_005_w300,2,3,overload,overload,4,"[""current_delta_mean"", ""current_slope"", ""vibration_z_last"", ""temperature_delta_mean""]",vibration_slope,0,2,False,True,0.0,0.5,False,1.0,0.0
synthetic,overload_005_w300,2,4,overload,overload,4,"[""current_delta_mean"", ""current_slope"", ""vibration_z_last"", ""temperature_delta_mean""]",vibration_slope,0,2,False,True,0.0,0.5,False,1.0,0.0
synthetic,overload_005_w420,2,0,overload,overload,4,"[""current_delta_mean"", ""temperature_z_last"", ""temperature_delta_mean"", ""temperature_slope""]",vibration_delta_mean,1,2,True,True,0.25,0.5,False,1.0,0.0
synthetic,overload_005_w420,2,1,overload,overload,4,"[""current_delta_mean"", ""temperature_z_last"", ""temperature_delta_mean"", ""temperature_slope""]",vibration_delta_mean,1,2,True,True,0.25,0.5,False,1.0,0.0
synthetic,overload_005_w420,2,2,overload,overload,4,"[""current_delta_mean"", ""temperature_z_last"", ""temperature_delta_mean"", ""temperature_slope""]",vibration_delta_mean,1,2,True,True,0.25,0.5,False,1.0,0.0
synthetic,overload_005_w420,2,3,overload,overload,4,"[""temperature_z_last"", ""temperature_delta_mean"", ""temperature_slope"", ""current_delta_mean""]",vibration_delta_mean,1,2,True,True,0.25,0.5,False,1.0,0.0
synthetic,overload_005_w420,2,4,overload,overload,4,"[""current_delta_mean"", ""temperature_z_last"", ""temperature_delta_mean"", ""temperature_slope""]",vibration_delta_mean,1,2,True,True,0.25,0.5,False,1.0,0.0
synthetic,overload_006_w300,2,0,overload,overload,3,"[""current_delta_mean"", ""current_slope"", ""temperature_z_last""]",vibration_slope,1,2,True,True,0.3333333333333333,0.6666666666666666,False,1.0,0.0
synthetic,overload_006_w300,2,1,overload,overload,4,"[""current_delta_mean"", ""current_slope"", ""temperature_z_last"", ""vibration_z_last""]",vibration_slope,1,2,True,True,0.25,0.5,False,1.0,0.0
synthetic,overload_006_w300,2,2,overload,overload,4,"[""current_delta_mean"", ""current_slope"", ""temperature_z_last"", ""vibration_z_last""]",vibration_slope,1,2,True,True,0.25,0.5,False,1.0,0.0
synthetic,overload_006_w300,2,3,overload,overload,4,"[""current_delta_mean"", ""current_slope"", ""temperature_z_last"", ""vibration_z_last""]",vibration_slope,1,2,True,True,0.25,0.5,False,1.0,0.0
synthetic,overload_006_w300,2,4,overload,overload,4,"[""current_delta_mean"", ""current_slope"", ""temperature_z_last"", ""vibration_z_last""]",vibration_slope,1,2,True,True,0.25,0.5,False,1.0,0.0
synthetic,overload_007_w420,2,0,overload,overload,3,"[""current_delta_mean"", ""temperature_delta_mean"", ""temperature_slope""]",vibration_delta_mean,0,2,False,True,0.0,0.6666666666666666,False,1.0,0.0
synthetic,overload_007_w420,2,1,overload,overload,3,"[""current_delta_mean"", ""temperature_delta_mean"", ""temperature_slope""]",vibration_delta_mean,0,2,False,True,0.0,0.6666666666666666,False,1.0,0.0
synthetic,overload_007_w420,2,2,overload,overload,4,"[""current_delta_mean"", ""temperature_delta_mean"", ""temperature_slope"", ""temperature_z_last""]",vibration_delta_mean,0,2,False,True,0.0,0.5,False,1.0,0.0
synthetic,overload_007_w420,2,3,overload,overload,4,"[""current_delta_mean"", ""temperature_delta_mean"", ""temperature_slope"", ""temperature_z_last""]",vibration_delta_mean,0,2,False,True,0.0,0.5,False,1.0,0.0
synthetic,overload_007_w420,2,4,overload,overload,4,"[""current_delta_mean"", ""temperature_delta_mean"", ""temperature_slope"", ""temperature_z_last""]",vibration_delta_mean,0,2,False,True,0.0,0.5,False,1.0,0.0
synthetic,overload_013_w360,2,0,overload,overload,4,"[""current_delta_mean"", ""current_slope"", ""temperature_z_last"", ""vibration_delta_mean""]",vibration_slope,2,3,True,True,0.5,0.75,False,1.0,0.0
synthetic,overload_013_w360,2,1,overload,overload,4,"[""current_delta_mean"", ""current_slope"", ""temperature_z_last"", ""vibration_delta_mean""]",vibration_slope,2,3,True,True,0.5,0.75,False,1.0,0.0
synthetic,overload_013_w360,2,2,overload,overload,4,"[""current_delta_mean"", ""current_slope"", ""temperature_z_last"", ""vibration_delta_mean""]",vibration_slope,2,3,True,True,0.5,0.75,False,1.0,0.0
synthetic,overload_013_w360,2,3,overload,overload,4,"[""current_delta_mean"", ""current_slope"", ""temperature_z_last"", ""vibration_delta_mean""]",vibration_slope,2,3,True,True,0.5,0.75,False,1.0,0.0
synthetic,overload_013_w360,2,4,overload,overload,4,"[""current_delta_mean"", ""current_slope"", ""temperature_z_last"", ""vibration_delta_mean""]",vibration_slope,2,3,True,True,0.5,0.75,False,1.0,0.0
synthetic,overload_013_w420,2,0,overload,overload,4,"[""current_delta_mean"", ""current_slope"", ""temperature_delta_mean"", ""temperature_slope""]",vibration_slope,1,3,True,True,0.25,0.75,False,1.0,0.0
synthetic,overload_013_w420,2,1,overload,overload,4,"[""current_delta_mean"", ""current_slope"", ""temperature_delta_mean"", ""temperature_slope""]",vibration_slope,1,3,True,True,0.25,0.75,False,1.0,0.0
synthetic,overload_013_w420,2,2,overload,overload,4,"[""current_delta_mean"", ""current_slope"", ""temperature_delta_mean"", ""temperature_slope""]",vibration_slope,1,3,True,True,0.25,0.75,False,1.0,0.0
synthetic,overload_013_w420,2,3,overload,overload,4,"[""current_delta_mean"", ""current_slope"", ""temperature_delta_mean"", ""temperature_slope""]",vibration_slope,1,3,True,True,0.25,0.75,False,1.0,0.0
synthetic,overload_013_w420,2,4,overload,overload,4,"[""current_delta_mean"", ""current_slope"", ""temperature_delta_mean"", ""temperature_slope""]",vibration_slope,1,3,True,True,0.25,0.75,False,1.0,0.0
synthetic,overload_016_w300,2,0,overload,overload,4,"[""current_delta_mean"", ""current_slope"", ""temperature_z_last"", ""temperature_delta_mean""]",vibration_slope,1,2,True,True,0.25,0.5,False,1.0,0.0
synthetic,overload_016_w300,2,1,overload,overload,4,"[""current_delta_mean"", ""current_slope"", ""temperature_z_last"", ""temperature_delta_mean""]",vibration_slope,1,2,True,True,0.25,0.5,False,1.0,0.0
synthetic,overload_016_w300,2,2,overload,overload,4,"[""current_delta_mean"", ""current_slope"", ""temperature_delta_mean"", ""vibration_delta_mean""]",vibration_slope,2,3,True,True,0.5,0.75,False,1.0,0.0
synthetic,overload_016_w300,2,3,overload,overload,4,"[""current_delta_mean"", ""current_slope"", ""temperature_delta_mean"", ""temperature_z_last""]",vibration_slope,1,2,True,True,0.25,0.5,False,1.0,0.0
synthetic,overload_016_w300,2,4,overload,overload,4,"[""current_delta_mean"", ""current_slope"", ""temperature_delta_mean"", ""temperature_z_last""]",vibration_slope,1,2,True,True,0.25,0.5,False,1.0,0.0
synthetic,overload_034_w360,2,0,overload,overload,4,"[""current_delta_mean"", ""current_slope"", ""current_z_last"", ""vibration_z_last""]",vibration_slope,1,2,True,True,0.25,0.5,False,1.0,0.0
synthetic,overload_034_w360,2,1,overload,overload,4,"[""current_delta_mean"", ""current_slope"", ""vibration_z_last"", ""current_z_last""]",vibration_slope,1,2,True,True,0.25,0.5,False,1.0,0.0
synthetic,overload_034_w360,2,2,overload,overload,4,"[""current_delta_mean"", ""current_slope"", ""current_z_last"", ""vibration_z_last""]",vibration_slope,1,2,True,True,0.25,0.5,False,1.0,0.0
synthetic,overload_034_w360,2,3,overload,overload,4,"[""current_delta_mean"", ""current_slope"", ""current_z_last"", ""vibration_z_last""]",vibration_slope,1,2,True,True,0.25,0.5,False,1.0,0.0
synthetic,overload_034_w360,2,4,overload,overload,4,"[""current_delta_mean"", ""current_slope"", ""current_z_last"", ""vibration_z_last""]",vibration_slope,1,2,True,True,0.25,0.5,False,1.0,0.0
synthetic,overload_034_w420,2,0,overload,overload,4,"[""current_delta_mean"", ""current_slope"", ""temperature_delta_mean"", ""temperature_slope""]",vibration_delta_mean,1,2,True,True,0.25,0.5,False,1.0,0.0
synthetic,overload_034_w420,2,1,overload,overload,4,"[""current_delta_mean"", ""current_slope"", ""temperature_delta_mean"", ""temperature_slope""]",vibration_delta_mean,1,2,True,True,0.25,0.5,False,1.0,0.0
synthetic,overload_034_w420,2,2,overload,overload,4,"[""current_delta_mean"", ""current_slope"", ""temperature_delta_mean"", ""temperature_slope""]",vibration_delta_mean,1,2,True,True,0.25,0.5,False,1.0,0.0
synthetic,overload_034_w420,2,3,overload,overload,4,"[""current_delta_mean"", ""current_slope"", ""temperature_delta_mean"", ""temperature_slope""]",vibration_delta_mean,1,2,True,True,0.25,0.5,False,1.0,0.0
synthetic,overload_034_w420,2,4,overload,overload,4,"[""current_delta_mean"", ""current_slope"", ""temperature_delta_mean"", ""temperature_slope""]",vibration_delta_mean,1,2,True,True,0.25,0.5,False,1.0,0.0
synthetic,overload_035_w300,2,0,overload,overload,4,"[""current_delta_mean"", ""current_slope"", ""temperature_delta_mean"", ""vibration_z_last""]",vibration_slope,1,2,True,True,0.25,0.5,False,1.0,0.0
synthetic,overload_035_w300,2,1,overload,overload,4,"[""current_delta_mean"", ""current_slope"", ""temperature_delta_mean"", ""vibration_z_last""]",vibration_slope,1,2,True,True,0.25,0.5,False,1.0,0.0
synthetic,overload_035_w300,2,2,overload,overload,4,"[""current_delta_mean"", ""current_slope"", ""temperature_delta_mean"", ""vibration_z_last""]",vibration_slope,1,2,True,True,0.25,0.5,False,1.0,0.0
synthetic,overload_035_w300,2,3,overload,overload,4,"[""current_delta_mean"", ""current_slope"", ""temperature_delta_mean"", ""vibration_z_last""]",vibration_slope,1,2,True,True,0.25,0.5,False,1.0,0.0
synthetic,overload_035_w300,2,4,overload,overload,4,"[""current_delta_mean"", ""current_slope"", ""temperature_delta_mean"", ""vibration_z_last""]",vibration_slope,1,2,True,True,0.25,0.5,False,1.0,0.0
synthetic,overload_035_w360,2,0,overload,overload,3,"[""current_delta_mean"", ""current_z_last"", ""temperature_z_last""]",vibration_slope,0,1,False,True,0.0,0.3333333333333333,False,1.0,0.0
synthetic,overload_035_w360,2,1,overload,overload,4,"[""current_delta_mean"", ""current_z_last"", ""current_slope"", ""temperature_z_last""]",vibration_slope,1,2,True,True,0.25,0.5,False,1.0,0.0
synthetic,overload_035_w360,2,2,overload,overload,3,"[""current_delta_mean"", ""current_z_last"", ""temperature_z_last""]",vibration_slope,0,1,False,True,0.0,0.3333333333333333,False,1.0,0.0
synthetic,overload_035_w360,2,3,overload,overload,4,"[""current_delta_mean"", ""current_z_last"", ""temperature_z_last"", ""current_slope""]",vibration_slope,1,2,True,True,0.25,0.5,False,1.0,0.0
synthetic,overload_035_w360,2,4,overload,overload,3,"[""current_delta_mean"", ""current_z_last"", ""temperature_z_last""]",vibration_slope,0,1,False,True,0.0,0.3333333333333333,False,1.0,0.0
synthetic,overload_039_w420,2,0,overload,overload,4,"[""current_delta_mean"", ""current_slope"", ""temperature_delta_mean"", ""temperature_slope""]",vibration_slope,0,2,False,True,0.0,0.5,False,1.0,0.0
synthetic,overload_039_w420,2,1,overload,overload,4,"[""current_delta_mean"", ""current_slope"", ""temperature_delta_mean"", ""temperature_slope""]",vibration_slope,0,2,False,True,0.0,0.5,False,1.0,0.0
synthetic,overload_039_w420,2,2,overload,overload,4,"[""current_delta_mean"", ""current_slope"", ""temperature_delta_mean"", ""temperature_slope""]",vibration_slope,0,2,False,True,0.0,0.5,False,1.0,0.0
synthetic,overload_039_w420,2,3,overload,overload,4,"[""current_delta_mean"", ""current_slope"", ""temperature_delta_mean"", ""temperature_slope""]",vibration_slope,0,2,False,True,0.0,0.5,False,1.0,0.0
synthetic,overload_039_w420,2,4,overload,overload,4,"[""current_delta_mean"", ""current_slope"", ""temperature_delta_mean"", ""temperature_slope""]",vibration_slope,0,2,False,True,0.0,0.5,False,1.0,0.0
synthetic,overload_039_w480,2,0,overload,overload,4,"[""current_z_last"", ""current_delta_mean"", ""current_slope"", ""temperature_z_last""]",vibration_delta_mean,1,2,True,True,0.25,0.5,False,1.0,0.0
synthetic,overload_039_w480,2,1,overload,overload,4,"[""current_z_last"", ""current_delta_mean"", ""current_slope"", ""temperature_z_last""]",vibration_delta_mean,1,2,True,True,0.25,0.5,False,1.0,0.0
synthetic,overload_039_w480,2,2,overload,overload,4,"[""current_z_last"", ""current_delta_mean"", ""current_slope"", ""temperature_z_last""]",vibration_delta_mean,1,2,True,True,0.25,0.5,False,1.0,0.0
synthetic,overload_039_w480,2,3,overload,overload,4,"[""current_z_last"", ""current_delta_mean"", ""current_slope"", ""temperature_z_last""]",vibration_delta_mean,1,2,True,True,0.25,0.5,False,1.0,0.0
synthetic,overload_039_w480,2,4,overload,overload,4,"[""current_z_last"", ""current_delta_mean"", ""current_slope"", ""temperature_z_last""]",vibration_delta_mean,1,2,True,True,0.25,0.5,False,1.0,0.0
synthetic,overload_046_w300,2,0,overload,overload,4,"[""current_delta_mean"", ""current_slope"", ""current_z_last"", ""vibration_z_last""]",vibration_slope,1,3,True,True,0.25,0.75,False,1.0,0.0
synthetic,overload_046_w300,2,1,overload,overload,4,"[""current_delta_mean"", ""current_slope"", ""current_z_last"", ""vibration_z_last""]",vibration_slope,1,3,True,True,0.25,0.75,False,1.0,0.0
synthetic,overload_046_w300,2,2,overload,overload,4,"[""current_delta_mean"", ""current_slope"", ""current_z_last"", ""vibration_z_last""]",vibration_slope,1,3,True,True,0.25,0.75,False,1.0,0.0
synthetic,overload_046_w300,2,3,overload,overload,4,"[""current_delta_mean"", ""current_slope"", ""current_z_last"", ""vibration_z_last""]",vibration_slope,1,3,True,True,0.25,0.75,False,1.0,0.0
synthetic,overload_046_w300,2,4,overload,overload,4,"[""current_delta_mean"", ""current_slope"", ""current_z_last"", ""vibration_z_last""]",vibration_slope,1,3,True,True,0.25,0.75,False,1.0,0.0
synthetic,overload_046_w360,2,0,overload,overload,4,"[""current_delta_mean"", ""current_slope"", ""temperature_z_last"", ""temperature_delta_mean""]",vibration_slope,1,3,True,True,0.25,0.75,False,1.0,0.0
synthetic,overload_046_w360,2,1,overload,overload,4,"[""current_delta_mean"", ""current_slope"", ""temperature_z_last"", ""temperature_delta_mean""]",vibration_slope,1,3,True,True,0.25,0.75,False,1.0,0.0
synthetic,overload_046_w360,2,2,overload,overload,4,"[""current_delta_mean"", ""current_slope"", ""temperature_z_last"", ""temperature_delta_mean""]",vibration_slope,1,3,True,True,0.25,0.75,False,1.0,0.0
synthetic,overload_046_w360,2,3,overload,overload,3,"[""current_delta_mean"", ""current_slope"", ""temperature_z_last""]",vibration_slope,1,2,True,True,0.3333333333333333,0.6666666666666666,False,1.0,0.0
synthetic,overload_046_w360,2,4,overload,overload,4,"[""current_delta_mean"", ""current_slope"", ""temperature_z_last"", ""temperature_delta_mean""]",vibration_slope,1,3,True,True,0.25,0.75,False,1.0,0.0
synthetic,overload_046_w420,2,0,overload,overload,4,"[""current_delta_mean"", ""current_slope"", ""temperature_delta_mean"", ""temperature_slope""]",vibration_slope,1,2,True,True,0.25,0.5,False,1.0,0.0
synthetic,overload_046_w420,2,1,overload,overload,4,"[""current_delta_mean"", ""current_slope"", ""temperature_delta_mean"", ""temperature_slope""]",vibration_slope,1,2,True,True,0.25,0.5,False,1.0,0.0
synthetic,overload_046_w420,2,2,overload,overload,4,"[""current_delta_mean"", ""current_slope"", ""temperature_delta_mean"", ""temperature_slope""]",vibration_slope,1,2,True,True,0.25,0.5,False,1.0,0.0
synthetic,overload_046_w420,2,3,overload,overload,4,"[""current_delta_mean"", ""current_slope"", ""temperature_delta_mean"", ""temperature_slope""]",vibration_slope,1,2,True,True,0.25,0.5,False,1.0,0.0
synthetic,overload_046_w420,2,4,overload,overload,4,"[""current_delta_mean"", ""current_slope"", ""temperature_delta_mean"", ""vibration_z_last""]",vibration_slope,1,2,True,True,0.25,0.5,False,1.0,0.0
synthetic,sensor_drift_005_w480,2,0,sensor_drift,sensor_drift,4,"[""current_delta_mean"", ""current_z_last"", ""current_slope"", ""temperature_slope""]",vibration_slope,1,2,True,True,0.25,0.5,False,1.0,0.0
synthetic,sensor_drift_005_w480,2,1,sensor_drift,sensor_drift,4,"[""current_delta_mean"", ""current_z_last"", ""current_slope"", ""temperature_slope""]",vibration_slope,1,2,True,True,0.25,0.5,False,1.0,0.0
synthetic,sensor_drift_005_w480,2,2,sensor_drift,sensor_drift,4,"[""current_delta_mean"", ""current_z_last"", ""current_slope"", ""temperature_slope""]",vibration_slope,1,2,True,True,0.25,0.5,False,1.0,0.0
synthetic,sensor_drift_005_w480,2,3,sensor_drift,sensor_drift,4,"[""current_delta_mean"", ""current_z_last"", ""current_slope"", ""temperature_slope""]",vibration_slope,1,2,True,True,0.25,0.5,False,1.0,0.0
synthetic,sensor_drift_005_w480,2,4,sensor_drift,sensor_drift,4,"[""current_delta_mean"", ""current_z_last"", ""current_slope"", ""temperature_slope""]",vibration_slope,1,2,True,True,0.25,0.5,False,1.0,0.0
synthetic,sensor_drift_024_w360,2,0,sensor_drift,sensor_drift,4,"[""current_delta_mean"", ""current_slope"", ""temperature_z_last"", ""temperature_slope""]",vibration_slope,1,1,True,True,0.25,0.25,False,1.0,0.0
synthetic,sensor_drift_024_w360,2,1,sensor_drift,sensor_drift,4,"[""current_delta_mean"", ""current_slope"", ""current_z_last"", ""temperature_z_last""]",vibration_slope,1,2,True,True,0.25,0.5,False,1.0,0.0
synthetic,sensor_drift_024_w360,2,2,sensor_drift,sensor_drift,4,"[""current_delta_mean"", ""current_slope"", ""temperature_z_last"", ""vibration_delta_mean""]",vibration_slope,2,2,True,True,0.5,0.5,False,1.0,0.0
synthetic,sensor_drift_024_w360,2,3,sensor_drift,sensor_drift,4,"[""current_delta_mean"", ""current_slope"", ""current_z_last"", ""temperature_z_last""]",vibration_slope,1,2,True,True,0.25,0.5,False,1.0,0.0
synthetic,sensor_drift_024_w360,2,4,sensor_drift,sensor_drift,4,"[""current_delta_mean"", ""current_slope"", ""current_z_last"", ""temperature_z_last""]",vibration_slope,1,2,True,True,0.25,0.5,False,1.0,0.0
synthetic,sensor_drift_024_w480,2,0,sensor_drift,sensor_drift,4,"[""current_delta_mean"", ""current_z_last"", ""current_slope"", ""temperature_slope""]",vibration_slope,1,2,True,True,0.25,0.5,False,1.0,0.0
synthetic,sensor_drift_024_w480,2,1,sensor_drift,sensor_drift,4,"[""current_delta_mean"", ""current_z_last"", ""current_slope"", ""temperature_slope""]",vibration_slope,1,2,True,True,0.25,0.5,False,1.0,0.0
synthetic,sensor_drift_024_w480,2,2,sensor_drift,sensor_drift,4,"[""current_delta_mean"", ""current_z_last"", ""current_slope"", ""temperature_slope""]",vibration_slope,1,2,True,True,0.25,0.5,False,1.0,0.0
synthetic,sensor_drift_024_w480,2,3,sensor_drift,sensor_drift,4,"[""current_delta_mean"", ""current_z_last"", ""current_slope"", ""temperature_slope""]",vibration_slope,1,2,True,True,0.25,0.5,False,1.0,0.0
synthetic,sensor_drift_024_w480,2,4,sensor_drift,sensor_drift,4,"[""current_delta_mean"", ""current_z_last"", ""current_slope"", ""temperature_slope""]",vibration_slope,1,2,True,True,0.25,0.5,False,1.0,0.0
synthetic,sensor_drift_027_w300,2,0,sensor_drift,sensor_drift,4,"[""vibration_delta_mean"", ""vibration_slope"", ""vibration_z_last"", ""current_z_last""]",vibration_delta_mean,2,2,True,True,0.5,0.5,True,1.0,0.0
synthetic,sensor_drift_027_w300,2,1,sensor_drift,sensor_drift,4,"[""vibration_delta_mean"", ""vibration_slope"", ""vibration_z_last"", ""current_z_last""]",vibration_delta_mean,2,2,True,True,0.5,0.5,True,1.0,0.0
synthetic,sensor_drift_027_w300,2,2,sensor_drift,sensor_drift,4,"[""vibration_delta_mean"", ""vibration_slope"", ""temperature_z_last"", ""current_z_last""]",vibration_delta_mean,2,2,True,True,0.5,0.5,True,0.75,0.25
synthetic,sensor_drift_027_w300,2,3,sensor_drift,sensor_drift,4,"[""vibration_delta_mean"", ""vibration_slope"", ""vibration_z_last"", ""current_z_last""]",vibration_delta_mean,2,2,True,True,0.5,0.5,True,1.0,0.0
synthetic,sensor_drift_027_w300,2,4,sensor_drift,sensor_drift,4,"[""vibration_delta_mean"", ""vibration_slope"", ""vibration_z_last"", ""current_z_last""]",vibration_delta_mean,2,2,True,True,0.5,0.5,True,1.0,0.0
synthetic,sensor_drift_027_w360,2,0,sensor_drift,sensor_drift,4,"[""current_delta_mean"", ""current_slope"", ""current_z_last"", ""temperature_z_last""]",vibration_slope,1,2,True,True,0.25,0.5,False,1.0,0.0
synthetic,sensor_drift_027_w360,2,1,sensor_drift,sensor_drift,4,"[""current_delta_mean"", ""current_slope"", ""temperature_z_last"", ""vibration_delta_mean""]",vibration_slope,2,2,True,True,0.5,0.5,False,1.0,0.0
synthetic,sensor_drift_027_w360,2,2,sensor_drift,sensor_drift,4,"[""current_delta_mean"", ""current_slope"", ""temperature_z_last"", ""current_z_last""]",vibration_slope,1,2,True,True,0.25,0.5,False,1.0,0.0
synthetic,sensor_drift_027_w360,2,3,sensor_drift,sensor_drift,4,"[""current_delta_mean"", ""current_slope"", ""temperature_z_last"", ""current_z_last""]",vibration_slope,1,2,True,True,0.25,0.5,False,1.0,0.0
synthetic,sensor_drift_027_w360,2,4,sensor_drift,sensor_drift,4,"[""current_delta_mean"", ""current_slope"", ""temperature_z_last"", ""current_z_last""]",vibration_slope,1,2,True,True,0.25,0.5,False,1.0,0.0
synthetic,sensor_drift_029_w300,2,0,sensor_drift,sensor_drift,4,"[""current_z_last"", ""temperature_z_last"", ""vibration_z_last"", ""vibration_slope""]",vibration_slope,2,2,True,True,0.5,0.5,True,1.0,0.0
synthetic,sensor_drift_029_w300,2,1,sensor_drift,sensor_drift,3,"[""current_z_last"", ""temperature_z_last"", ""vibration_z_last""]",vibration_slope,1,1,True,True,0.3333333333333333,0.3333333333333333,False,1.0,0.0
synthetic,sensor_drift_029_w300,2,2,sensor_drift,sensor_drift,3,"[""current_z_last"", ""temperature_z_last"", ""vibration_z_last""]",vibration_slope,1,1,True,True,0.3333333333333333,0.3333333333333333,False,1.0,0.0
synthetic,sensor_drift_029_w300,2,3,sensor_drift,sensor_drift,4,"[""current_z_last"", ""temperature_z_last"", ""vibration_z_last"", ""vibration_slope""]",vibration_slope,2,2,True,True,0.5,0.5,True,1.0,0.0
synthetic,sensor_drift_029_w300,2,4,sensor_drift,sensor_drift,4,"[""current_z_last"", ""temperature_z_last"", ""vibration_z_last"", ""vibration_slope""]",vibration_slope,2,2,True,True,0.5,0.5,True,1.0,0.0
synthetic,sensor_drift_029_w420,2,0,sensor_drift,sensor_drift,4,"[""temperature_z_last"", ""temperature_delta_mean"", ""temperature_slope"", ""current_z_last""]",vibration_slope,0,2,False,True,0.0,0.5,False,1.0,0.0
synthetic,sensor_drift_029_w420,2,1,sensor_drift,sensor_drift,4,"[""temperature_z_last"", ""temperature_delta_mean"", ""temperature_slope"", ""current_z_last""]",vibration_slope,0,2,False,True,0.0,0.5,False,1.0,0.0
synthetic,sensor_drift_029_w420,2,2,sensor_drift,sensor_drift,4,"[""temperature_z_last"", ""temperature_delta_mean"", ""temperature_slope"", ""current_z_last""]",vibration_slope,0,2,False,True,0.0,0.5,False,1.0,0.0
synthetic,sensor_drift_029_w420,2,3,sensor_drift,sensor_drift,4,"[""temperature_z_last"", ""temperature_delta_mean"", ""temperature_slope"", ""current_z_last""]",vibration_slope,0,2,False,True,0.0,0.5,False,1.0,0.0
synthetic,sensor_drift_029_w420,2,4,sensor_drift,sensor_drift,4,"[""temperature_z_last"", ""temperature_delta_mean"", ""temperature_slope"", ""current_z_last""]",vibration_slope,0,2,False,True,0.0,0.5,False,1.0,0.0
synthetic,sensor_drift_029_w480,2,0,sensor_drift,sensor_drift,4,"[""current_delta_mean"", ""current_slope"", ""vibration_z_last"", ""temperature_z_last""]",vibration_slope,1,1,True,True,0.25,0.25,False,1.0,0.0
synthetic,sensor_drift_029_w480,2,1,sensor_drift,sensor_drift,4,"[""current_slope"", ""current_delta_mean"", ""vibration_z_last"", ""temperature_z_last""]",vibration_slope,1,1,True,True,0.25,0.25,False,1.0,0.0
synthetic,sensor_drift_029_w480,2,2,sensor_drift,sensor_drift,4,"[""current_delta_mean"", ""current_slope"", ""vibration_z_last"", ""temperature_z_last""]",vibration_slope,1,1,True,True,0.25,0.25,False,1.0,0.0
synthetic,sensor_drift_029_w480,2,3,sensor_drift,sensor_drift,4,"[""current_delta_mean"", ""current_slope"", ""vibration_z_last"", ""temperature_z_last""]",vibration_slope,1,1,True,True,0.25,0.25,False,1.0,0.0
synthetic,sensor_drift_029_w480,2,4,sensor_drift,sensor_drift,4,"[""current_delta_mean"", ""current_slope"", ""vibration_z_last"", ""temperature_z_last""]",vibration_slope,1,1,True,True,0.25,0.25,False,1.0,0.0
synthetic,sensor_drift_032_w360,2,0,sensor_drift,sensor_drift,4,"[""current_delta_mean"", ""current_slope"", ""temperature_z_last"", ""vibration_z_last""]",vibration_slope,1,1,True,True,0.25,0.25,False,1.0,0.0
synthetic,sensor_drift_032_w360,2,1,sensor_drift,sensor_drift,4,"[""current_delta_mean"", ""current_slope"", ""vibration_z_last"", ""temperature_z_last""]",vibration_slope,1,1,True,True,0.25,0.25,False,1.0,0.0
synthetic,sensor_drift_032_w360,2,2,sensor_drift,sensor_drift,4,"[""current_delta_mean"", ""current_slope"", ""temperature_z_last"", ""vibration_z_last""]",vibration_slope,1,1,True,True,0.25,0.25,False,1.0,0.0
synthetic,sensor_drift_032_w360,2,3,sensor_drift,sensor_drift,4,"[""current_delta_mean"", ""current_slope"", ""temperature_z_last"", ""vibration_z_last""]",vibration_slope,1,1,True,True,0.25,0.25,False,1.0,0.0
synthetic,sensor_drift_032_w360,2,4,sensor_drift,sensor_drift,4,"[""current_delta_mean"", ""current_slope"", ""temperature_z_last"", ""vibration_z_last""]",vibration_slope,1,1,True,True,0.25,0.25,False,1.0,0.0
synthetic,sensor_drift_038_w300,2,0,sensor_drift,sensor_drift,4,"[""current_z_last"", ""vibration_z_last"", ""temperature_z_last"", ""vibration_slope""]",vibration_slope,2,2,True,True,0.5,0.5,True,1.0,0.0
synthetic,sensor_drift_038_w300,2,1,sensor_drift,sensor_drift,4,"[""current_z_last"", ""temperature_z_last"", ""vibration_z_last"", ""vibration_slope""]",vibration_slope,2,2,True,True,0.5,0.5,True,1.0,0.0
synthetic,sensor_drift_038_w300,2,2,sensor_drift,sensor_drift,4,"[""current_z_last"", ""temperature_z_last"", ""vibration_z_last"", ""vibration_slope""]",vibration_slope,2,2,True,True,0.5,0.5,True,1.0,0.0
synthetic,sensor_drift_038_w300,2,3,sensor_drift,sensor_drift,4,"[""current_z_last"", ""vibration_z_last"", ""temperature_z_last"", ""vibration_slope""]",vibration_slope,2,2,True,True,0.5,0.5,True,1.0,0.0
synthetic,sensor_drift_038_w300,2,4,sensor_drift,sensor_drift,4,"[""current_z_last"", ""vibration_z_last"", ""temperature_z_last"", ""vibration_slope""]",vibration_slope,2,2,True,True,0.5,0.5,True,1.0,0.0
synthetic,sensor_drift_038_w420,2,0,sensor_drift,sensor_drift,4,"[""temperature_delta_mean"", ""temperature_slope"", ""temperature_z_last"", ""current_z_last""]",vibration_slope,0,2,False,True,0.0,0.5,False,1.0,0.0
synthetic,sensor_drift_038_w420,2,1,sensor_drift,sensor_drift,4,"[""temperature_delta_mean"", ""temperature_slope"", ""temperature_z_last"", ""current_z_last""]",vibration_slope,0,2,False,True,0.0,0.5,False,1.0,0.0
synthetic,sensor_drift_038_w420,2,2,sensor_drift,sensor_drift,4,"[""temperature_delta_mean"", ""temperature_slope"", ""temperature_z_last"", ""current_z_last""]",vibration_slope,0,2,False,True,0.0,0.5,False,1.0,0.0
synthetic,sensor_drift_038_w420,2,3,sensor_drift,sensor_drift,4,"[""temperature_delta_mean"", ""temperature_slope"", ""temperature_z_last"", ""current_z_last""]",vibration_slope,0,2,False,True,0.0,0.5,False,1.0,0.0
synthetic,sensor_drift_038_w420,2,4,sensor_drift,sensor_drift,4,"[""temperature_delta_mean"", ""temperature_slope"", ""temperature_z_last"", ""current_z_last""]",vibration_slope,0,2,False,True,0.0,0.5,False,1.0,0.0
synthetic,sensor_drift_038_w480,2,0,sensor_drift,sensor_drift,4,"[""current_delta_mean"", ""current_slope"", ""temperature_slope"", ""current_z_last""]",vibration_slope,1,2,True,True,0.25,0.5,False,1.0,0.0
synthetic,sensor_drift_038_w480,2,1,sensor_drift,sensor_drift,4,"[""current_delta_mean"", ""current_slope"", ""temperature_slope"", ""vibration_z_last""]",vibration_slope,1,1,True,True,0.25,0.25,False,1.0,0.0
synthetic,sensor_drift_038_w480,2,2,sensor_drift,sensor_drift,4,"[""current_delta_mean"", ""current_slope"", ""temperature_slope"", ""vibration_slope""]",vibration_slope,2,2,True,True,0.5,0.5,True,1.0,0.0
synthetic,sensor_drift_038_w480,2,3,sensor_drift,sensor_drift,4,"[""current_delta_mean"", ""current_slope"", ""temperature_slope"", ""vibration_slope""]",vibration_slope,2,2,True,True,0.5,0.5,True,1.0,0.0
synthetic,sensor_drift_038_w480,2,4,sensor_drift,sensor_drift,4,"[""current_delta_mean"", ""current_slope"", ""temperature_slope"", ""vibration_z_last""]",vibration_slope,1,1,True,True,0.25,0.25,False,1.0,0.0
synthetic,sensor_drift_043_w360,2,0,sensor_drift,sensor_drift,4,"[""current_delta_mean"", ""current_slope"", ""current_z_last"", ""temperature_z_last""]",vibration_slope,1,2,True,True,0.25,0.5,False,1.0,0.0
synthetic,sensor_drift_043_w360,2,1,sensor_drift,sensor_drift,4,"[""current_delta_mean"", ""current_slope"", ""current_z_last"", ""temperature_z_last""]",vibration_slope,1,2,True,True,0.25,0.5,False,1.0,0.0
synthetic,sensor_drift_043_w360,2,2,sensor_drift,sensor_drift,4,"[""current_delta_mean"", ""current_slope"", ""temperature_z_last"", ""vibration_z_last""]",vibration_slope,1,1,True,True,0.25,0.25,False,1.0,0.0
synthetic,sensor_drift_043_w360,2,3,sensor_drift,sensor_drift,4,"[""current_delta_mean"", ""current_slope"", ""current_z_last"", ""temperature_z_last""]",vibration_slope,1,2,True,True,0.25,0.5,False,1.0,0.0
synthetic,sensor_drift_043_w360,2,4,sensor_drift,sensor_drift,4,"[""current_delta_mean"", ""current_slope"", ""temperature_z_last"", ""vibration_z_last""]",vibration_slope,1,1,True,True,0.25,0.25,False,1.0,0.0
synthetic,sensor_drift_044_w300,2,0,sensor_drift,sensor_drift,4,"[""current_z_last"", ""vibration_delta_mean"", ""vibration_slope"", ""temperature_z_last""]",vibration_slope,2,3,True,True,0.5,0.75,True,1.0,0.0
synthetic,sensor_drift_044_w300,2,1,sensor_drift,sensor_drift,4,"[""current_z_last"", ""vibration_delta_mean"", ""vibration_slope"", ""temperature_z_last""]",vibration_slope,2,3,True,True,0.5,0.75,True,1.0,0.0
synthetic,sensor_drift_044_w300,2,2,sensor_drift,sensor_drift,4,"[""current_z_last"", ""vibration_delta_mean"", ""vibration_slope"", ""temperature_z_last""]",vibration_slope,2,3,True,True,0.5,0.75,True,1.0,0.0
synthetic,sensor_drift_044_w300,2,3,sensor_drift,sensor_drift,4,"[""current_z_last"", ""vibration_delta_mean"", ""vibration_slope"", ""temperature_z_last""]",vibration_slope,2,3,True,True,0.5,0.75,True,1.0,0.0
synthetic,sensor_drift_044_w300,2,4,sensor_drift,sensor_drift,4,"[""current_z_last"", ""vibration_delta_mean"", ""vibration_slope"", ""temperature_z_last""]",vibration_slope,2,3,True,True,0.5,0.75,True,1.0,0.0
synthetic,sensor_drift_044_w360,2,0,sensor_drift,sensor_drift,4,"[""current_delta_mean"", ""current_z_last"", ""current_slope"", ""temperature_z_last""]",vibration_slope,1,2,True,True,0.25,0.5,False,1.0,0.0
synthetic,sensor_drift_044_w360,2,1,sensor_drift,sensor_drift,4,"[""current_delta_mean"", ""current_z_last"", ""current_slope"", ""temperature_z_last""]",vibration_slope,1,2,True,True,0.25,0.5,False,1.0,0.0
synthetic,sensor_drift_044_w360,2,2,sensor_drift,sensor_drift,4,"[""current_delta_mean"", ""current_z_last"", ""current_slope"", ""temperature_z_last""]",vibration_slope,1,2,True,True,0.25,0.5,False,1.0,0.0
synthetic,sensor_drift_044_w360,2,3,sensor_drift,sensor_drift,4,"[""current_delta_mean"", ""current_z_last"", ""current_slope"", ""temperature_z_last""]",vibration_slope,1,2,True,True,0.25,0.5,False,1.0,0.0
synthetic,sensor_drift_044_w360,2,4,sensor_drift,sensor_drift,4,"[""current_delta_mean"", ""current_z_last"", ""current_slope"", ""temperature_z_last""]",vibration_slope,1,2,True,True,0.25,0.5,False,1.0,0.0
synthetic,sensor_drift_044_w480,2,0,sensor_drift,sensor_drift,4,"[""current_delta_mean"", ""current_slope"", ""temperature_slope"", ""temperature_z_last""]",vibration_delta_mean,1,3,True,True,0.25,0.75,False,1.0,0.0
synthetic,sensor_drift_044_w480,2,1,sensor_drift,sensor_drift,4,"[""current_delta_mean"", ""current_slope"", ""temperature_slope"", ""temperature_z_last""]",vibration_delta_mean,1,3,True,True,0.25,0.75,False,1.0,0.0
synthetic,sensor_drift_044_w480,2,2,sensor_drift,sensor_drift,4,"[""current_delta_mean"", ""current_slope"", ""temperature_z_last"", ""vibration_z_last""]",vibration_delta_mean,1,2,True,True,0.25,0.5,False,0.75,0.25
synthetic,sensor_drift_044_w480,2,3,sensor_drift,sensor_drift,4,"[""current_delta_mean"", ""current_slope"", ""temperature_slope"", ""temperature_z_last""]",vibration_delta_mean,1,3,True,True,0.25,0.75,False,1.0,0.0
synthetic,sensor_drift_044_w480,2,4,sensor_drift,sensor_drift,4,"[""current_delta_mean"", ""current_slope"", ""temperature_z_last"", ""vibration_z_last""]",vibration_delta_mean,1,2,True,True,0.25,0.5,False,0.75,0.25
synthetic,sensor_drift_045_w300,2,0,sensor_drift,sensor_drift,4,"[""current_z_last"", ""vibration_z_last"", ""vibration_delta_mean"", ""vibration_slope""]",vibration_slope,3,3,True,True,0.75,0.75,True,1.0,0.0
synthetic,sensor_drift_045_w300,2,1,sensor_drift,sensor_drift,4,"[""current_z_last"", ""vibration_delta_mean"", ""vibration_z_last"", ""vibration_slope""]",vibration_slope,3,3,True,True,0.75,0.75,True,1.0,0.0
synthetic,sensor_drift_045_w300,2,2,sensor_drift,sensor_drift,4,"[""current_z_last"", ""vibration_z_last"", ""vibration_delta_mean"", ""vibration_slope""]",vibration_slope,3,3,True,True,0.75,0.75,True,1.0,0.0
synthetic,sensor_drift_045_w300,2,3,sensor_drift,sensor_drift,3,"[""current_z_last"", ""vibration_z_last"", ""vibration_delta_mean""]",vibration_slope,2,2,True,True,0.6666666666666666,0.6666666666666666,False,1.0,0.0
synthetic,sensor_drift_045_w300,2,4,sensor_drift,sensor_drift,4,"[""current_z_last"", ""vibration_z_last"", ""vibration_delta_mean"", ""vibration_slope""]",vibration_slope,3,3,True,True,0.75,0.75,True,1.0,0.0
synthetic,sensor_drift_046_w420,2,0,sensor_drift,sensor_drift,4,"[""temperature_slope"", ""temperature_delta_mean"", ""vibration_z_last"", ""current_z_last""]",vibration_delta_mean,0,2,False,True,0.0,0.5,False,1.0,0.0
synthetic,sensor_drift_046_w420,2,1,sensor_drift,sensor_drift,4,"[""temperature_delta_mean"", ""temperature_slope"", ""vibration_z_last"", ""current_z_last""]",vibration_delta_mean,0,2,False,True,0.0,0.5,False,1.0,0.0
synthetic,sensor_drift_046_w420,2,2,sensor_drift,sensor_drift,4,"[""temperature_delta_mean"", ""temperature_slope"", ""vibration_z_last"", ""current_z_last""]",vibration_delta_mean,0,2,False,True,0.0,0.5,False,1.0,0.0
synthetic,sensor_drift_046_w420,2,3,sensor_drift,sensor_drift,4,"[""temperature_delta_mean"", ""temperature_slope"", ""vibration_z_last"", ""current_z_last""]",vibration_delta_mean,0,2,False,True,0.0,0.5,False,1.0,0.0
synthetic,sensor_drift_046_w420,2,4,sensor_drift,sensor_drift,4,"[""temperature_slope"", ""temperature_delta_mean"", ""vibration_z_last"", ""current_z_last""]",vibration_delta_mean,0,2,False,True,0.0,0.5,False,1.0,0.0
synthetic,sensor_drift_046_w480,2,0,sensor_drift,sensor_drift,4,"[""current_delta_mean"", ""current_z_last"", ""current_slope"", ""temperature_slope""]",vibration_slope,1,2,True,True,0.25,0.5,False,1.0,0.0
synthetic,sensor_drift_046_w480,2,1,sensor_drift,sensor_drift,4,"[""current_delta_mean"", ""current_z_last"", ""current_slope"", ""temperature_slope""]",vibration_slope,1,2,True,True,0.25,0.5,False,1.0,0.0
synthetic,sensor_drift_046_w480,2,2,sensor_drift,sensor_drift,4,"[""current_delta_mean"", ""current_slope"", ""current_z_last"", ""temperature_slope""]",vibration_slope,1,2,True,True,0.25,0.5,False,1.0,0.0
synthetic,sensor_drift_046_w480,2,3,sensor_drift,sensor_drift,4,"[""current_delta_mean"", ""current_slope"", ""current_z_last"", ""temperature_slope""]",vibration_slope,1,2,True,True,0.25,0.5,False,1.0,0.0
synthetic,sensor_drift_046_w480,2,4,sensor_drift,sensor_drift,4,"[""current_delta_mean"", ""current_slope"", ""current_z_last"", ""temperature_slope""]",vibration_slope,1,2,True,True,0.25,0.5,False,1.0,0.0
synthetic,sensor_drift_047_w360,2,0,sensor_drift,sensor_drift,4,"[""current_delta_mean"", ""current_slope"", ""temperature_z_last"", ""vibration_z_last""]",vibration_slope,0,1,False,True,0.0,0.25,False,1.0,0.0
synthetic,sensor_drift_047_w360,2,1,sensor_drift,sensor_drift,4,"[""current_delta_mean"", ""current_slope"", ""temperature_z_last"", ""vibration_z_last""]",vibration_slope,0,1,False,True,0.0,0.25,False,1.0,0.0
synthetic,sensor_drift_047_w360,2,2,sensor_drift,sensor_drift,4,"[""current_delta_mean"", ""current_slope"", ""temperature_z_last"", ""vibration_z_last""]",vibration_slope,0,1,False,True,0.0,0.25,False,1.0,0.0
synthetic,sensor_drift_047_w360,2,3,sensor_drift,sensor_drift,4,"[""current_delta_mean"", ""current_slope"", ""temperature_z_last"", ""vibration_z_last""]",vibration_slope,0,1,False,True,0.0,0.25,False,1.0,0.0
synthetic,sensor_drift_047_w360,2,4,sensor_drift,sensor_drift,4,"[""current_delta_mean"", ""current_slope"", ""temperature_z_last"", ""vibration_z_last""]",vibration_slope,0,1,False,True,0.0,0.25,False,1.0,0.0
synthetic,overvoltage_004_w360,2,0,overvoltage,overvoltage,4,"[""current_z_last"", ""temperature_delta_mean"", ""temperature_slope"", ""temperature_z_last""]",current_z_last,1,1,True,True,0.25,0.25,True,1.0,0.0
synthetic,overvoltage_004_w360,2,1,overvoltage,overvoltage,3,"[""current_z_last"", ""temperature_delta_mean"", ""temperature_slope""]",current_z_last,1,1,True,True,0.3333333333333333,0.3333333333333333,True,1.0,0.0
synthetic,overvoltage_004_w360,2,2,overvoltage,overvoltage,4,"[""current_z_last"", ""temperature_delta_mean"", ""temperature_slope"", ""temperature_z_last""]",current_z_last,1,1,True,True,0.25,0.25,True,1.0,0.0
synthetic,overvoltage_004_w360,2,3,overvoltage,overvoltage,4,"[""current_z_last"", ""temperature_delta_mean"", ""temperature_slope"", ""temperature_z_last""]",current_z_last,1,1,True,True,0.25,0.25,True,1.0,0.0
synthetic,overvoltage_004_w360,2,4,overvoltage,overvoltage,4,"[""current_z_last"", ""temperature_delta_mean"", ""temperature_slope"", ""temperature_z_last""]",current_z_last,1,1,True,True,0.25,0.25,True,1.0,0.0
synthetic,overvoltage_004_w480,2,0,overvoltage,overvoltage,3,"[""current_z_last"", ""temperature_z_last"", ""vibration_z_last""]",vibration_slope,1,1,True,True,0.3333333333333333,0.3333333333333333,False,0.6666666666666666,0.3333333333333333
synthetic,overvoltage_004_w480,2,1,overvoltage,overvoltage,3,"[""current_z_last"", ""temperature_z_last"", ""vibration_z_last""]",vibration_slope,1,1,True,True,0.3333333333333333,0.3333333333333333,False,0.6666666666666666,0.3333333333333333
synthetic,overvoltage_004_w480,2,2,overvoltage,overvoltage,3,"[""current_z_last"", ""temperature_z_last"", ""vibration_z_last""]",vibration_slope,1,1,True,True,0.3333333333333333,0.3333333333333333,False,0.6666666666666666,0.3333333333333333
synthetic,overvoltage_004_w480,2,3,overvoltage,overvoltage,3,"[""current_z_last"", ""temperature_z_last"", ""vibration_z_last""]",vibration_slope,1,1,True,True,0.3333333333333333,0.3333333333333333,False,0.6666666666666666,0.3333333333333333
synthetic,overvoltage_004_w480,2,4,overvoltage,overvoltage,3,"[""current_z_last"", ""temperature_z_last"", ""vibration_z_last""]",vibration_slope,1,1,True,True,0.3333333333333333,0.3333333333333333,False,0.6666666666666666,0.3333333333333333
synthetic,overvoltage_006_w360,2,0,overvoltage,overvoltage,4,"[""current_z_last"", ""temperature_delta_mean"", ""temperature_slope"", ""vibration_z_last""]",vibration_slope,1,1,True,True,0.25,0.25,False,1.0,0.0
synthetic,overvoltage_006_w360,2,1,overvoltage,overvoltage,3,"[""current_z_last"", ""temperature_delta_mean"", ""vibration_z_last""]",vibration_slope,1,1,True,True,0.3333333333333333,0.3333333333333333,False,1.0,0.0
synthetic,overvoltage_006_w360,2,2,overvoltage,overvoltage,4,"[""current_z_last"", ""temperature_delta_mean"", ""temperature_slope"", ""vibration_z_last""]",vibration_slope,1,1,True,True,0.25,0.25,False,1.0,0.0
synthetic,overvoltage_006_w360,2,3,overvoltage,overvoltage,3,"[""current_z_last"", ""temperature_delta_mean"", ""vibration_z_last""]",vibration_slope,1,1,True,True,0.3333333333333333,0.3333333333333333,False,1.0,0.0
synthetic,overvoltage_006_w360,2,4,overvoltage,overvoltage,4,"[""current_z_last"", ""temperature_delta_mean"", ""temperature_slope"", ""vibration_z_last""]",vibration_slope,1,1,True,True,0.25,0.25,False,1.0,0.0
synthetic,overvoltage_007_w360,2,0,overvoltage,overvoltage,3,"[""current_z_last"", ""temperature_z_last"", ""temperature_slope""]",vibration_slope,1,1,True,True,0.3333333333333333,0.3333333333333333,False,1.0,0.0
synthetic,overvoltage_007_w360,2,1,overvoltage,overvoltage,3,"[""current_z_last"", ""temperature_z_last"", ""temperature_slope""]",vibration_slope,1,1,True,True,0.3333333333333333,0.3333333333333333,False,1.0,0.0
synthetic,overvoltage_007_w360,2,2,overvoltage,overvoltage,3,"[""current_z_last"", ""temperature_z_last"", ""temperature_slope""]",vibration_slope,1,1,True,True,0.3333333333333333,0.3333333333333333,False,1.0,0.0
synthetic,overvoltage_007_w360,2,3,overvoltage,overvoltage,3,"[""current_z_last"", ""temperature_delta_mean"", ""temperature_z_last""]",vibration_slope,1,1,True,True,0.3333333333333333,0.3333333333333333,False,1.0,0.0
synthetic,overvoltage_007_w360,2,4,overvoltage,overvoltage,3,"[""current_z_last"", ""temperature_z_last"", ""temperature_delta_mean""]",vibration_slope,1,1,True,True,0.3333333333333333,0.3333333333333333,False,1.0,0.0
synthetic,overvoltage_007_w420,2,0,overvoltage,overvoltage,4,"[""current_delta_mean"", ""current_slope"", ""temperature_delta_mean"", ""temperature_slope""]",current_slope,1,3,True,True,0.25,0.75,True,1.0,0.0
synthetic,overvoltage_007_w420,2,1,overvoltage,overvoltage,4,"[""current_delta_mean"", ""current_slope"", ""temperature_delta_mean"", ""temperature_slope""]",current_slope,1,3,True,True,0.25,0.75,True,1.0,0.0
synthetic,overvoltage_007_w420,2,2,overvoltage,overvoltage,4,"[""current_delta_mean"", ""current_slope"", ""temperature_delta_mean"", ""temperature_slope""]",current_slope,1,3,True,True,0.25,0.75,True,1.0,0.0
synthetic,overvoltage_007_w420,2,3,overvoltage,overvoltage,4,"[""current_delta_mean"", ""current_slope"", ""temperature_delta_mean"", ""temperature_slope""]",current_slope,1,3,True,True,0.25,0.75,True,1.0,0.0
synthetic,overvoltage_007_w420,2,4,overvoltage,overvoltage,4,"[""current_delta_mean"", ""current_slope"", ""temperature_delta_mean"", ""temperature_slope""]",current_slope,1,3,True,True,0.25,0.75,True,1.0,0.0
synthetic,overvoltage_008_w300,2,0,overvoltage,overvoltage,4,"[""current_delta_mean"", ""current_slope"", ""temperature_slope"", ""temperature_z_last""]",vibration_slope,1,3,True,True,0.25,0.75,False,1.0,0.0
synthetic,overvoltage_008_w300,2,1,overvoltage,overvoltage,4,"[""current_delta_mean"", ""current_slope"", ""temperature_slope"", ""temperature_z_last""]",vibration_slope,1,3,True,True,0.25,0.75,False,1.0,0.0
synthetic,overvoltage_008_w300,2,2,overvoltage,overvoltage,4,"[""current_delta_mean"", ""current_slope"", ""temperature_slope"", ""temperature_z_last""]",vibration_slope,1,3,True,True,0.25,0.75,False,1.0,0.0
synthetic,overvoltage_008_w300,2,3,overvoltage,overvoltage,4,"[""current_delta_mean"", ""current_slope"", ""temperature_slope"", ""temperature_z_last""]",vibration_slope,1,3,True,True,0.25,0.75,False,1.0,0.0
synthetic,overvoltage_008_w300,2,4,overvoltage,overvoltage,4,"[""current_delta_mean"", ""current_slope"", ""temperature_slope"", ""temperature_z_last""]",vibration_slope,1,3,True,True,0.25,0.75,False,0.75,0.25
synthetic,overvoltage_008_w480,2,0,overvoltage,overvoltage,4,"[""current_z_last"", ""temperature_z_last"", ""vibration_z_last"", ""current_delta_mean""]",vibration_slope,1,2,True,True,0.25,0.5,False,1.0,0.0
synthetic,overvoltage_008_w480,2,1,overvoltage,overvoltage,4,"[""current_z_last"", ""temperature_z_last"", ""vibration_z_last"", ""current_delta_mean""]",vibration_slope,1,2,True,True,0.25,0.5,False,0.75,0.25
synthetic,overvoltage_008_w480,2,2,overvoltage,overvoltage,4,"[""current_z_last"", ""temperature_z_last"", ""vibration_z_last"", ""current_delta_mean""]",vibration_slope,1,2,True,True,0.25,0.5,False,1.0,0.0
synthetic,overvoltage_008_w480,2,3,overvoltage,overvoltage,4,"[""current_z_last"", ""temperature_z_last"", ""vibration_z_last"", ""current_delta_mean""]",vibration_slope,1,2,True,True,0.25,0.5,False,1.0,0.0
synthetic,overvoltage_008_w480,2,4,overvoltage,overvoltage,4,"[""current_z_last"", ""temperature_z_last"", ""vibration_z_last"", ""current_delta_mean""]",vibration_slope,1,2,True,True,0.25,0.5,False,1.0,0.0
synthetic,overvoltage_011_w360,2,0,overvoltage,overvoltage,4,"[""current_z_last"", ""temperature_delta_mean"", ""temperature_slope"", ""vibration_z_last""]",vibration_slope,1,1,True,True,0.25,0.25,False,1.0,0.0
synthetic,overvoltage_011_w360,2,1,overvoltage,overvoltage,4,"[""current_z_last"", ""temperature_delta_mean"", ""temperature_slope"", ""vibration_z_last""]",vibration_slope,1,1,True,True,0.25,0.25,False,1.0,0.0
synthetic,overvoltage_011_w360,2,2,overvoltage,overvoltage,4,"[""current_z_last"", ""temperature_delta_mean"", ""temperature_slope"", ""vibration_z_last""]",vibration_slope,1,1,True,True,0.25,0.25,False,1.0,0.0
synthetic,overvoltage_011_w360,2,3,overvoltage,overvoltage,4,"[""current_z_last"", ""temperature_delta_mean"", ""temperature_slope"", ""vibration_z_last""]",vibration_slope,1,1,True,True,0.25,0.25,False,1.0,0.0
synthetic,overvoltage_011_w360,2,4,overvoltage,overvoltage,4,"[""current_z_last"", ""temperature_delta_mean"", ""vibration_z_last"", ""temperature_z_last""]",vibration_slope,1,1,True,True,0.25,0.25,False,1.0,0.0
synthetic,overvoltage_011_w420,2,0,overvoltage,overvoltage,4,"[""current_delta_mean"", ""current_slope"", ""temperature_delta_mean"", ""temperature_slope""]",vibration_slope,1,3,True,True,0.25,0.75,False,1.0,0.0
synthetic,overvoltage_011_w420,2,1,overvoltage,overvoltage,4,"[""current_delta_mean"", ""current_slope"", ""temperature_delta_mean"", ""temperature_slope""]",vibration_slope,1,3,True,True,0.25,0.75,False,1.0,0.0
synthetic,overvoltage_011_w420,2,2,overvoltage,overvoltage,4,"[""current_delta_mean"", ""current_slope"", ""temperature_delta_mean"", ""temperature_slope""]",vibration_slope,1,3,True,True,0.25,0.75,False,1.0,0.0
synthetic,overvoltage_011_w420,2,3,overvoltage,overvoltage,4,"[""current_delta_mean"", ""current_slope"", ""temperature_delta_mean"", ""temperature_slope""]",vibration_slope,1,3,True,True,0.25,0.75,False,1.0,0.0
synthetic,overvoltage_011_w420,2,4,overvoltage,overvoltage,4,"[""current_delta_mean"", ""current_slope"", ""temperature_delta_mean"", ""temperature_slope""]",vibration_slope,1,3,True,True,0.25,0.75,False,1.0,0.0
synthetic,overvoltage_011_w480,2,0,overvoltage,overvoltage,4,"[""current_z_last"", ""temperature_z_last"", ""vibration_z_last"", ""current_delta_mean""]",vibration_slope,1,2,True,True,0.25,0.5,False,1.0,0.0
synthetic,overvoltage_011_w480,2,1,overvoltage,overvoltage,4,"[""current_z_last"", ""temperature_z_last"", ""vibration_z_last"", ""current_delta_mean""]",vibration_slope,1,2,True,True,0.25,0.5,False,1.0,0.0
synthetic,overvoltage_011_w480,2,2,overvoltage,overvoltage,4,"[""current_z_last"", ""temperature_z_last"", ""vibration_z_last"", ""current_delta_mean""]",vibration_slope,1,2,True,True,0.25,0.5,False,1.0,0.0
synthetic,overvoltage_011_w480,2,3,overvoltage,overvoltage,4,"[""current_z_last"", ""temperature_z_last"", ""vibration_z_last"", ""current_slope""]",vibration_slope,1,2,True,True,0.25,0.5,False,1.0,0.0
synthetic,overvoltage_011_w480,2,4,sensor_drift,overvoltage,4,"[""current_z_last"", ""temperature_z_last"", ""vibration_z_last"", ""current_delta_mean""]",vibration_slope,1,2,True,True,0.25,0.5,False,1.0,0.0
synthetic,overvoltage_022_w300,2,0,overvoltage,overvoltage,4,"[""current_delta_mean"", ""current_slope"", ""temperature_z_last"", ""vibration_z_last""]",current_slope,2,2,True,True,0.5,0.5,True,1.0,0.0
synthetic,overvoltage_022_w300,2,1,overvoltage,overvoltage,4,"[""current_delta_mean"", ""current_slope"", ""temperature_z_last"", ""vibration_z_last""]",current_slope,2,2,True,True,0.5,0.5,True,1.0,0.0
synthetic,overvoltage_022_w300,2,2,overvoltage,overvoltage,4,"[""current_delta_mean"", ""current_slope"", ""temperature_z_last"", ""vibration_z_last""]",current_slope,2,2,True,True,0.5,0.5,True,1.0,0.0
synthetic,overvoltage_022_w300,2,3,overvoltage,overvoltage,4,"[""current_delta_mean"", ""current_slope"", ""temperature_z_last"", ""vibration_z_last""]",current_slope,2,2,True,True,0.5,0.5,True,1.0,0.0
synthetic,overvoltage_022_w300,2,4,overvoltage,overvoltage,3,"[""current_delta_mean"", ""current_slope"", ""temperature_z_last""]",current_slope,2,2,True,True,0.6666666666666666,0.6666666666666666,True,1.0,0.0
synthetic,overvoltage_027_w300,2,0,overvoltage,overvoltage,4,"[""current_delta_mean"", ""current_slope"", ""temperature_z_last"", ""temperature_slope""]",vibration_slope,1,2,True,True,0.25,0.5,False,1.0,0.0
synthetic,overvoltage_027_w300,2,1,overvoltage,overvoltage,4,"[""current_delta_mean"", ""current_slope"", ""temperature_z_last"", ""temperature_slope""]",vibration_slope,1,2,True,True,0.25,0.5,False,1.0,0.0
synthetic,overvoltage_027_w300,2,2,overvoltage,overvoltage,4,"[""current_delta_mean"", ""current_slope"", ""temperature_z_last"", ""temperature_slope""]",vibration_slope,1,2,True,True,0.25,0.5,False,1.0,0.0
synthetic,overvoltage_027_w300,2,3,overvoltage,overvoltage,4,"[""current_delta_mean"", ""current_slope"", ""temperature_z_last"", ""temperature_slope""]",vibration_slope,1,2,True,True,0.25,0.5,False,1.0,0.0
synthetic,overvoltage_027_w300,2,4,overvoltage,overvoltage,4,"[""current_delta_mean"", ""current_slope"", ""temperature_z_last"", ""temperature_slope""]",vibration_slope,1,2,True,True,0.25,0.5,False,1.0,0.0
synthetic,overvoltage_032_w480,2,0,overvoltage,overvoltage,3,"[""current_z_last"", ""temperature_z_last"", ""vibration_z_last""]",current_z_last,1,1,True,True,0.3333333333333333,0.3333333333333333,True,0.3333333333333333,0.6666666666666666
synthetic,overvoltage_032_w480,2,1,overvoltage,overvoltage,3,"[""current_z_last"", ""temperature_z_last"", ""vibration_z_last""]",current_z_last,1,1,True,True,0.3333333333333333,0.3333333333333333,True,0.3333333333333333,0.6666666666666666
synthetic,overvoltage_032_w480,2,2,overvoltage,overvoltage,3,"[""current_z_last"", ""temperature_z_last"", ""vibration_z_last""]",current_z_last,1,1,True,True,0.3333333333333333,0.3333333333333333,True,0.3333333333333333,0.6666666666666666
synthetic,overvoltage_032_w480,2,3,overvoltage,overvoltage,3,"[""current_z_last"", ""temperature_z_last"", ""vibration_z_last""]",current_z_last,1,1,True,True,0.3333333333333333,0.3333333333333333,True,0.3333333333333333,0.6666666666666666
synthetic,overvoltage_032_w480,2,4,overvoltage,overvoltage,3,"[""current_z_last"", ""temperature_z_last"", ""vibration_z_last""]",current_z_last,1,1,True,True,0.3333333333333333,0.3333333333333333,True,0.3333333333333333,0.6666666666666666
synthetic,overvoltage_033_w480,2,0,overvoltage,overvoltage,3,"[""current_z_last"", ""temperature_z_last"", ""vibration_delta_mean""]",vibration_slope,2,2,True,True,0.6666666666666666,0.6666666666666666,False,1.0,0.0
synthetic,overvoltage_033_w480,2,1,overvoltage,overvoltage,3,"[""current_z_last"", ""temperature_z_last"", ""vibration_delta_mean""]",vibration_slope,2,2,True,True,0.6666666666666666,0.6666666666666666,False,1.0,0.0
synthetic,overvoltage_033_w480,2,2,overvoltage,overvoltage,3,"[""current_z_last"", ""temperature_z_last"", ""vibration_delta_mean""]",vibration_slope,2,2,True,True,0.6666666666666666,0.6666666666666666,False,1.0,0.0
synthetic,overvoltage_033_w480,2,3,overvoltage,overvoltage,3,"[""temperature_z_last"", ""current_z_last"", ""vibration_delta_mean""]",vibration_slope,2,2,True,True,0.6666666666666666,0.6666666666666666,False,1.0,0.0
synthetic,overvoltage_033_w480,2,4,overvoltage,overvoltage,4,"[""current_z_last"", ""temperature_z_last"", ""current_delta_mean"", ""vibration_z_last""]",vibration_slope,1,2,True,True,0.25,0.5,False,1.0,0.0
synthetic,overvoltage_038_w300,2,0,overvoltage,overvoltage,4,"[""current_delta_mean"", ""current_slope"", ""temperature_z_last"", ""temperature_slope""]",current_slope,2,2,True,True,0.5,0.5,True,1.0,0.0
synthetic,overvoltage_038_w300,2,1,overvoltage,overvoltage,4,"[""current_delta_mean"", ""current_slope"", ""temperature_z_last"", ""temperature_slope""]",current_slope,2,2,True,True,0.5,0.5,True,1.0,0.0
synthetic,overvoltage_038_w300,2,2,overvoltage,overvoltage,4,"[""current_delta_mean"", ""current_slope"", ""temperature_z_last"", ""temperature_slope""]",current_slope,2,2,True,True,0.5,0.5,True,1.0,0.0
synthetic,overvoltage_038_w300,2,3,overvoltage,overvoltage,4,"[""current_delta_mean"", ""current_slope"", ""temperature_z_last"", ""temperature_slope""]",current_slope,2,2,True,True,0.5,0.5,True,1.0,0.0
synthetic,overvoltage_038_w300,2,4,overvoltage,overvoltage,4,"[""current_delta_mean"", ""current_slope"", ""temperature_z_last"", ""temperature_slope""]",current_slope,2,2,True,True,0.5,0.5,True,1.0,0.0
synthetic,overvoltage_038_w360,2,0,overvoltage,overvoltage,4,"[""current_z_last"", ""temperature_delta_mean"", ""temperature_z_last"", ""temperature_slope""]",current_z_last,1,1,True,True,0.25,0.25,True,1.0,0.0
synthetic,overvoltage_038_w360,2,1,overvoltage,overvoltage,4,"[""current_z_last"", ""temperature_delta_mean"", ""temperature_z_last"", ""temperature_slope""]",current_z_last,1,1,True,True,0.25,0.25,True,1.0,0.0
synthetic,overvoltage_038_w360,2,2,overvoltage,overvoltage,4,"[""current_z_last"", ""temperature_z_last"", ""temperature_delta_mean"", ""temperature_slope""]",current_z_last,1,1,True,True,0.25,0.25,True,1.0,0.0
synthetic,overvoltage_038_w360,2,3,overvoltage,overvoltage,4,"[""current_z_last"", ""temperature_delta_mean"", ""temperature_slope"", ""temperature_z_last""]",current_z_last,1,1,True,True,0.25,0.25,True,1.0,0.0
synthetic,overvoltage_038_w360,2,4,overvoltage,overvoltage,3,"[""current_z_last"", ""temperature_delta_mean"", ""temperature_z_last""]",current_z_last,1,1,True,True,0.3333333333333333,0.3333333333333333,True,1.0,0.0
synthetic,overvoltage_038_w480,2,0,overvoltage,overvoltage,4,"[""current_z_last"", ""vibration_z_last"", ""temperature_z_last"", ""current_delta_mean""]",vibration_delta_mean,1,2,True,True,0.25,0.5,False,1.0,0.0
synthetic,overvoltage_038_w480,2,1,overvoltage,overvoltage,3,"[""current_z_last"", ""vibration_z_last"", ""temperature_z_last""]",vibration_delta_mean,1,1,True,True,0.3333333333333333,0.3333333333333333,False,0.6666666666666666,0.3333333333333333
synthetic,overvoltage_038_w480,2,2,overvoltage,overvoltage,4,"[""current_z_last"", ""temperature_z_last"", ""vibration_z_last"", ""current_delta_mean""]",vibration_delta_mean,1,2,True,True,0.25,0.5,False,1.0,0.0
synthetic,overvoltage_038_w480,2,3,overvoltage,overvoltage,3,"[""current_z_last"", ""vibration_z_last"", ""temperature_z_last""]",vibration_delta_mean,1,1,True,True,0.3333333333333333,0.3333333333333333,False,0.6666666666666666,0.3333333333333333
synthetic,overvoltage_038_w480,2,4,overvoltage,overvoltage,4,"[""current_z_last"", ""vibration_z_last"", ""temperature_z_last"", ""current_delta_mean""]",vibration_delta_mean,1,2,True,True,0.25,0.5,False,0.75,0.25
synthetic,overvoltage_040_w420,2,0,overvoltage,overvoltage,4,"[""current_delta_mean"", ""current_slope"", ""temperature_delta_mean"", ""temperature_slope""]",vibration_slope,1,3,True,True,0.25,0.75,False,1.0,0.0
synthetic,overvoltage_040_w420,2,1,overvoltage,overvoltage,4,"[""current_delta_mean"", ""current_slope"", ""temperature_delta_mean"", ""temperature_slope""]",vibration_slope,1,3,True,True,0.25,0.75,False,1.0,0.0
synthetic,overvoltage_040_w420,2,2,overvoltage,overvoltage,4,"[""current_delta_mean"", ""current_slope"", ""temperature_delta_mean"", ""temperature_slope""]",vibration_slope,1,3,True,True,0.25,0.75,False,1.0,0.0
synthetic,overvoltage_040_w420,2,3,overvoltage,overvoltage,4,"[""current_delta_mean"", ""current_slope"", ""temperature_delta_mean"", ""temperature_slope""]",vibration_slope,1,3,True,True,0.25,0.75,False,1.0,0.0
synthetic,overvoltage_040_w420,2,4,overvoltage,overvoltage,4,"[""current_delta_mean"", ""current_slope"", ""temperature_delta_mean"", ""temperature_slope""]",vibration_slope,1,3,True,True,0.25,0.75,False,1.0,0.0
synthetic,overvoltage_040_w480,2,0,overvoltage,overvoltage,4,"[""current_z_last"", ""vibration_z_last"", ""current_delta_mean"", ""temperature_z_last""]",vibration_slope,1,2,True,True,0.25,0.5,False,1.0,0.0
synthetic,overvoltage_040_w480,2,1,overvoltage,overvoltage,4,"[""current_z_last"", ""vibration_z_last"", ""current_delta_mean"", ""temperature_z_last""]",vibration_slope,1,2,True,True,0.25,0.5,False,1.0,0.0
synthetic,overvoltage_040_w480,2,2,overvoltage,overvoltage,4,"[""current_z_last"", ""vibration_z_last"", ""current_delta_mean"", ""temperature_z_last""]",vibration_slope,1,2,True,True,0.25,0.5,False,1.0,0.0
synthetic,overvoltage_040_w480,2,3,overvoltage,overvoltage,3,"[""current_z_last"", ""vibration_z_last"", ""current_delta_mean""]",vibration_slope,1,2,True,True,0.3333333333333333,0.6666666666666666,False,1.0,0.0
synthetic,overvoltage_040_w480,2,4,overvoltage,overvoltage,4,"[""current_z_last"", ""vibration_z_last"", ""current_delta_mean"", ""temperature_z_last""]",vibration_slope,1,2,True,True,0.25,0.5,False,1.0,0.0
synthetic,overvoltage_041_w480,2,0,overvoltage,overvoltage,3,"[""current_z_last"", ""vibration_z_last"", ""vibration_delta_mean""]",vibration_slope,2,2,True,True,0.6666666666666666,0.6666666666666666,False,1.0,0.0
synthetic,overvoltage_041_w480,2,1,overvoltage,overvoltage,3,"[""current_z_last"", ""vibration_z_last"", ""vibration_delta_mean""]",vibration_slope,2,2,True,True,0.6666666666666666,0.6666666666666666,False,0.6666666666666666,0.3333333333333333
synthetic,overvoltage_041_w480,2,2,overvoltage,overvoltage,4,"[""current_z_last"", ""vibration_z_last"", ""vibration_delta_mean"", ""temperature_z_last""]",vibration_slope,2,2,True,True,0.5,0.5,False,1.0,0.0
synthetic,overvoltage_041_w480,2,3,overvoltage,overvoltage,4,"[""current_z_last"", ""vibration_delta_mean"", ""vibration_slope"", ""temperature_z_last""]",vibration_slope,3,3,True,True,0.75,0.75,True,0.5,0.5
synthetic,overvoltage_041_w480,2,4,overvoltage,overvoltage,3,"[""current_z_last"", ""vibration_z_last"", ""current_delta_mean""]",vibration_slope,1,2,True,True,0.3333333333333333,0.6666666666666666,False,1.0,0.0
synthetic,overvoltage_049_w480,2,0,overvoltage,overvoltage,3,"[""current_z_last"", ""temperature_z_last"", ""vibration_z_last""]",vibration_slope,1,1,True,True,0.3333333333333333,0.3333333333333333,False,1.0,0.0
synthetic,overvoltage_049_w480,2,1,overvoltage,overvoltage,3,"[""current_z_last"", ""temperature_z_last"", ""vibration_z_last""]",vibration_slope,1,1,True,True,0.3333333333333333,0.3333333333333333,False,1.0,0.0
synthetic,overvoltage_049_w480,2,2,overvoltage,overvoltage,3,"[""current_z_last"", ""temperature_z_last"", ""vibration_z_last""]",vibration_slope,1,1,True,True,0.3333333333333333,0.3333333333333333,False,1.0,0.0
synthetic,overvoltage_049_w480,2,3,overvoltage,overvoltage,3,"[""current_z_last"", ""temperature_z_last"", ""current_delta_mean""]",vibration_slope,1,2,True,True,0.3333333333333333,0.6666666666666666,False,1.0,0.0
synthetic,overvoltage_049_w480,2,4,overvoltage,overvoltage,3,"[""current_z_last"", ""temperature_z_last"", ""vibration_z_last""]",vibration_slope,1,1,True,True,0.3333333333333333,0.3333333333333333,False,1.0,0.0
synthetic,winding_short_001_w420,3,0,winding_short,winding_short,4,"[""current_delta_mean"", ""current_slope"", ""vibration_z_last"", ""vibration_delta_mean""]",vibration_delta_mean,2,3,True,True,0.5,0.75,True,1.0,0.0
synthetic,winding_short_001_w420,3,1,winding_short,winding_short,3,"[""current_delta_mean"", ""current_slope"", ""vibration_z_last""]",vibration_delta_mean,1,2,True,True,0.3333333333333333,0.6666666666666666,False,1.0,0.0
synthetic,winding_short_001_w420,3,2,winding_short,winding_short,4,"[""current_delta_mean"", ""current_slope"", ""vibration_z_last"", ""vibration_delta_mean""]",vibration_delta_mean,2,3,True,True,0.5,0.75,True,1.0,0.0
synthetic,winding_short_001_w420,3,3,winding_short,winding_short,4,"[""current_delta_mean"", ""current_slope"", ""vibration_z_last"", ""vibration_delta_mean""]",vibration_delta_mean,2,3,True,True,0.5,0.75,True,1.0,0.0
synthetic,winding_short_001_w420,3,4,winding_short,winding_short,4,"[""current_delta_mean"", ""current_slope"", ""vibration_z_last"", ""vibration_delta_mean""]",vibration_delta_mean,2,3,True,True,0.5,0.75,True,1.0,0.0
synthetic,winding_short_001_w480,3,0,winding_short,winding_short,4,"[""temperature_delta_mean"", ""temperature_slope"", ""current_z_last"", ""vibration_z_last""]",vibration_delta_mean,1,2,True,True,0.25,0.5,False,1.0,0.0
synthetic,winding_short_001_w480,3,1,winding_short,winding_short,4,"[""temperature_delta_mean"", ""temperature_slope"", ""current_z_last"", ""vibration_delta_mean""]",vibration_delta_mean,2,3,True,True,0.5,0.75,True,1.0,0.0
synthetic,winding_short_001_w480,3,2,winding_short,winding_short,4,"[""temperature_delta_mean"", ""temperature_slope"", ""current_z_last"", ""vibration_slope""]",vibration_delta_mean,2,3,True,True,0.5,0.75,False,1.0,0.0
synthetic,winding_short_001_w480,3,3,winding_short,winding_short,4,"[""temperature_delta_mean"", ""temperature_slope"", ""current_z_last"", ""vibration_slope""]",vibration_delta_mean,2,3,True,True,0.5,0.75,False,1.0,0.0
synthetic,winding_short_001_w480,3,4,winding_short,winding_short,4,"[""temperature_slope"", ""temperature_delta_mean"", ""current_z_last"", ""vibration_slope""]",vibration_delta_mean,2,3,True,True,0.5,0.75,False,1.0,0.0
synthetic,winding_short_003_w360,3,0,winding_short,winding_short,4,"[""temperature_delta_mean"", ""temperature_slope"", ""vibration_slope"", ""vibration_delta_mean""]",vibration_delta_mean,3,4,True,True,0.75,1.0,True,1.0,0.0
synthetic,winding_short_003_w360,3,1,winding_short,winding_short,3,"[""temperature_slope"", ""temperature_delta_mean"", ""vibration_slope""]",vibration_delta_mean,2,3,True,True,0.6666666666666666,1.0,False,1.0,0.0
synthetic,winding_short_003_w360,3,2,winding_short,winding_short,4,"[""temperature_delta_mean"", ""temperature_slope"", ""vibration_slope"", ""vibration_delta_mean""]",vibration_delta_mean,3,4,True,True,0.75,1.0,True,1.0,0.0
synthetic,winding_short_003_w360,3,3,winding_short,winding_short,4,"[""temperature_delta_mean"", ""temperature_slope"", ""vibration_slope"", ""vibration_delta_mean""]",vibration_delta_mean,3,4,True,True,0.75,1.0,True,1.0,0.0
synthetic,winding_short_003_w360,3,4,winding_short,winding_short,4,"[""temperature_delta_mean"", ""temperature_slope"", ""vibration_slope"", ""vibration_delta_mean""]",vibration_delta_mean,3,4,True,True,0.75,1.0,True,1.0,0.0
synthetic,winding_short_003_w480,3,0,winding_short,winding_short,4,"[""temperature_delta_mean"", ""temperature_slope"", ""current_z_last"", ""vibration_delta_mean""]",vibration_delta_mean,2,3,True,True,0.5,0.75,True,1.0,0.0
synthetic,winding_short_003_w480,3,1,winding_short,winding_short,4,"[""temperature_delta_mean"", ""temperature_slope"", ""current_z_last"", ""vibration_delta_mean""]",vibration_delta_mean,2,3,True,True,0.5,0.75,True,1.0,0.0
synthetic,winding_short_003_w480,3,2,winding_short,winding_short,4,"[""temperature_delta_mean"", ""temperature_slope"", ""current_z_last"", ""vibration_delta_mean""]",vibration_delta_mean,2,3,True,True,0.5,0.75,True,1.0,0.0
synthetic,winding_short_003_w480,3,3,winding_short,winding_short,4,"[""temperature_delta_mean"", ""temperature_slope"", ""current_z_last"", ""vibration_delta_mean""]",vibration_delta_mean,2,3,True,True,0.5,0.75,True,1.0,0.0
synthetic,winding_short_003_w480,3,4,winding_short,winding_short,4,"[""temperature_delta_mean"", ""temperature_slope"", ""current_z_last"", ""vibration_delta_mean""]",vibration_delta_mean,2,3,True,True,0.5,0.75,True,1.0,0.0
synthetic,winding_short_005_w300,3,0,winding_short,winding_short,4,"[""current_delta_mean"", ""current_slope"", ""temperature_delta_mean"", ""temperature_slope""]",vibration_delta_mean,1,3,True,True,0.25,0.75,False,1.0,0.0
synthetic,winding_short_005_w300,3,1,winding_short,winding_short,4,"[""current_delta_mean"", ""current_slope"", ""temperature_delta_mean"", ""temperature_slope""]",vibration_delta_mean,1,3,True,True,0.25,0.75,False,1.0,0.0
synthetic,winding_short_005_w300,3,2,winding_short,winding_short,4,"[""current_delta_mean"", ""current_slope"", ""temperature_delta_mean"", ""temperature_slope""]",vibration_delta_mean,1,3,True,True,0.25,0.75,False,1.0,0.0
synthetic,winding_short_005_w300,3,3,winding_short,winding_short,4,"[""current_delta_mean"", ""current_slope"", ""temperature_delta_mean"", ""temperature_slope""]",vibration_delta_mean,1,3,True,True,0.25,0.75,False,1.0,0.0
synthetic,winding_short_005_w300,3,4,winding_short,winding_short,4,"[""current_delta_mean"", ""current_slope"", ""temperature_delta_mean"", ""temperature_slope""]",vibration_delta_mean,1,3,True,True,0.25,0.75,False,1.0,0.0
synthetic,winding_short_005_w360,3,0,winding_short,winding_short,4,"[""temperature_slope"", ""temperature_delta_mean"", ""current_z_last"", ""vibration_delta_mean""]",vibration_delta_mean,2,3,True,True,0.5,0.75,True,1.0,0.0
synthetic,winding_short_005_w360,3,1,winding_short,winding_short,4,"[""temperature_delta_mean"", ""temperature_slope"", ""current_z_last"", ""vibration_delta_mean""]",vibration_delta_mean,2,3,True,True,0.5,0.75,True,1.0,0.0
synthetic,winding_short_005_w360,3,2,winding_short,winding_short,4,"[""temperature_delta_mean"", ""temperature_slope"", ""current_z_last"", ""temperature_z_last""]",vibration_delta_mean,1,2,True,True,0.25,0.5,False,1.0,0.0
synthetic,winding_short_005_w360,3,3,winding_short,winding_short,4,"[""temperature_delta_mean"", ""temperature_slope"", ""current_z_last"", ""temperature_z_last""]",vibration_delta_mean,1,2,True,True,0.25,0.5,False,1.0,0.0
synthetic,winding_short_005_w360,3,4,winding_short,winding_short,4,"[""temperature_delta_mean"", ""temperature_slope"", ""current_z_last"", ""vibration_delta_mean""]",vibration_delta_mean,2,3,True,True,0.5,0.75,True,1.0,0.0
synthetic,winding_short_005_w420,3,0,winding_short,winding_short,4,"[""current_delta_mean"", ""current_slope"", ""vibration_z_last"", ""vibration_delta_mean""]",vibration_delta_mean,2,3,True,True,0.5,0.75,True,1.0,0.0
synthetic,winding_short_005_w420,3,1,winding_short,winding_short,4,"[""current_delta_mean"", ""current_slope"", ""vibration_delta_mean"", ""vibration_z_last""]",vibration_delta_mean,2,3,True,True,0.5,0.75,True,1.0,0.0
synthetic,winding_short_005_w420,3,2,winding_short,winding_short,4,"[""current_delta_mean"", ""current_slope"", ""vibration_z_last"", ""vibration_delta_mean""]",vibration_delta_mean,2,3,True,True,0.5,0.75,True,1.0,0.0
synthetic,winding_short_005_w420,3,3,winding_short,winding_short,4,"[""current_delta_mean"", ""current_slope"", ""vibration_z_last"", ""vibration_delta_mean""]",vibration_delta_mean,2,3,True,True,0.5,0.75,True,1.0,0.0
synthetic,winding_short_005_w420,3,4,winding_short,winding_short,4,"[""current_delta_mean"", ""current_slope"", ""vibration_z_last"", ""vibration_delta_mean""]",vibration_delta_mean,2,3,True,True,0.5,0.75,True,1.0,0.0
synthetic,winding_short_018_w360,3,0,winding_short,winding_short,4,"[""temperature_delta_mean"", ""temperature_slope"", ""current_z_last"", ""vibration_z_last""]",vibration_delta_mean,1,2,True,True,0.25,0.5,False,1.0,0.0
synthetic,winding_short_018_w360,3,1,winding_short,winding_short,4,"[""temperature_slope"", ""temperature_delta_mean"", ""current_z_last"", ""vibration_z_last""]",vibration_delta_mean,1,2,True,True,0.25,0.5,False,1.0,0.0
synthetic,winding_short_018_w360,3,2,winding_short,winding_short,4,"[""temperature_slope"", ""temperature_delta_mean"", ""current_z_last"", ""vibration_z_last""]",vibration_delta_mean,1,2,True,True,0.25,0.5,False,1.0,0.0
synthetic,winding_short_018_w360,3,3,winding_short,winding_short,4,"[""temperature_slope"", ""temperature_delta_mean"", ""current_z_last"", ""vibration_z_last""]",vibration_delta_mean,1,2,True,True,0.25,0.5,False,1.0,0.0
synthetic,winding_short_018_w360,3,4,winding_short,winding_short,4,"[""temperature_slope"", ""temperature_delta_mean"", ""current_z_last"", ""vibration_z_last""]",vibration_delta_mean,1,2,True,True,0.25,0.5,False,1.0,0.0
synthetic,winding_short_025_w300,3,0,winding_short,winding_short,4,"[""current_delta_mean"", ""current_slope"", ""temperature_delta_mean"", ""temperature_slope""]",vibration_delta_mean,1,3,True,True,0.25,0.75,False,1.0,0.0
synthetic,winding_short_025_w300,3,1,winding_short,winding_short,4,"[""current_delta_mean"", ""temperature_slope"", ""current_slope"", ""vibration_delta_mean""]",vibration_delta_mean,2,3,True,True,0.5,0.75,True,1.0,0.0
synthetic,winding_short_025_w300,3,2,winding_short,winding_short,4,"[""current_delta_mean"", ""current_slope"", ""temperature_delta_mean"", ""temperature_slope""]",vibration_delta_mean,1,3,True,True,0.25,0.75,False,1.0,0.0
synthetic,winding_short_025_w300,3,3,winding_short,winding_short,4,"[""current_delta_mean"", ""current_slope"", ""temperature_delta_mean"", ""temperature_slope""]",vibration_delta_mean,1,3,True,True,0.25,0.75,False,1.0,0.0
synthetic,winding_short_025_w300,3,4,winding_short,winding_short,4,"[""current_delta_mean"", ""current_slope"", ""temperature_delta_mean"", ""temperature_slope""]",vibration_delta_mean,1,3,True,True,0.25,0.75,False,1.0,0.0
synthetic,winding_short_025_w420,3,0,winding_short,winding_short,4,"[""current_delta_mean"", ""current_slope"", ""vibration_z_last"", ""vibration_slope""]",vibration_delta_mean,2,3,True,True,0.5,0.75,False,1.0,0.0
synthetic,winding_short_025_w420,3,1,winding_short,winding_short,4,"[""current_delta_mean"", ""current_slope"", ""vibration_z_last"", ""vibration_slope""]",vibration_delta_mean,2,3,True,True,0.5,0.75,False,1.0,0.0
synthetic,winding_short_025_w420,3,2,winding_short,winding_short,4,"[""current_delta_mean"", ""current_slope"", ""vibration_z_last"", ""vibration_slope""]",vibration_delta_mean,2,3,True,True,0.5,0.75,False,1.0,0.0
synthetic,winding_short_025_w420,3,3,winding_short,winding_short,4,"[""current_delta_mean"", ""current_slope"", ""vibration_z_last"", ""vibration_slope""]",vibration_delta_mean,2,3,True,True,0.5,0.75,False,1.0,0.0
synthetic,winding_short_025_w420,3,4,winding_short,winding_short,4,"[""current_delta_mean"", ""current_slope"", ""vibration_z_last"", ""vibration_slope""]",vibration_delta_mean,2,3,True,True,0.5,0.75,False,1.0,0.0
synthetic,winding_short_031_w300,3,0,winding_short,winding_short,4,"[""current_delta_mean"", ""temperature_delta_mean"", ""current_slope"", ""vibration_z_last""]",vibration_delta_mean,0,2,False,True,0.0,0.5,False,1.0,0.0
synthetic,winding_short_031_w300,3,1,winding_short,winding_short,4,"[""current_delta_mean"", ""current_slope"", ""temperature_delta_mean"", ""vibration_z_last""]",vibration_delta_mean,0,2,False,True,0.0,0.5,False,1.0,0.0
synthetic,winding_short_031_w300,3,2,winding_short,winding_short,3,"[""current_delta_mean"", ""temperature_delta_mean"", ""vibration_z_last""]",vibration_delta_mean,0,1,False,True,0.0,0.3333333333333333,False,1.0,0.0
synthetic,winding_short_031_w300,3,3,winding_short,winding_short,4,"[""current_delta_mean"", ""current_slope"", ""temperature_delta_mean"", ""vibration_z_last""]",vibration_delta_mean,0,2,False,True,0.0,0.5,False,1.0,0.0
synthetic,winding_short_031_w300,3,4,winding_short,winding_short,4,"[""current_delta_mean"", ""temperature_delta_mean"", ""current_slope"", ""vibration_z_last""]",vibration_delta_mean,0,2,False,True,0.0,0.5,False,1.0,0.0
synthetic,winding_short_031_w420,3,0,winding_short,winding_short,4,"[""current_delta_mean"", ""current_slope"", ""vibration_delta_mean"", ""vibration_slope""]",vibration_delta_mean,3,4,True,True,0.75,1.0,True,1.0,0.0
synthetic,winding_short_031_w420,3,1,winding_short,winding_short,4,"[""current_delta_mean"", ""current_slope"", ""vibration_delta_mean"", ""vibration_slope""]",vibration_delta_mean,3,4,True,True,0.75,1.0,True,1.0,0.0
synthetic,winding_short_031_w420,3,2,winding_short,winding_short,4,"[""current_delta_mean"", ""current_slope"", ""vibration_delta_mean"", ""vibration_slope""]",vibration_delta_mean,3,4,True,True,0.75,1.0,True,1.0,0.0
synthetic,winding_short_031_w420,3,3,winding_short,winding_short,4,"[""current_delta_mean"", ""current_slope"", ""vibration_delta_mean"", ""vibration_z_last""]",vibration_delta_mean,2,3,True,True,0.5,0.75,True,1.0,0.0
synthetic,winding_short_031_w420,3,4,winding_short,winding_short,4,"[""current_delta_mean"", ""current_slope"", ""vibration_delta_mean"", ""vibration_slope""]",vibration_delta_mean,3,4,True,True,0.75,1.0,True,1.0,0.0
synthetic,winding_short_031_w480,3,0,winding_short,winding_short,4,"[""current_z_last"", ""temperature_slope"", ""temperature_delta_mean"", ""vibration_z_last""]",vibration_delta_mean,1,2,True,True,0.25,0.5,False,1.0,0.0
synthetic,winding_short_031_w480,3,1,winding_short,winding_short,4,"[""current_z_last"", ""temperature_slope"", ""temperature_delta_mean"", ""vibration_z_last""]",vibration_delta_mean,1,2,True,True,0.25,0.5,False,1.0,0.0
synthetic,winding_short_031_w480,3,2,winding_short,winding_short,4,"[""current_z_last"", ""temperature_slope"", ""temperature_delta_mean"", ""vibration_z_last""]",vibration_delta_mean,1,2,True,True,0.25,0.5,False,1.0,0.0
synthetic,winding_short_031_w480,3,3,winding_short,winding_short,4,"[""current_z_last"", ""temperature_slope"", ""temperature_delta_mean"", ""vibration_z_last""]",vibration_delta_mean,1,2,True,True,0.25,0.5,False,1.0,0.0
synthetic,winding_short_031_w480,3,4,winding_short,winding_short,4,"[""current_z_last"", ""temperature_slope"", ""temperature_delta_mean"", ""vibration_z_last""]",vibration_delta_mean,1,2,True,True,0.25,0.5,False,1.0,0.0
synthetic,winding_short_032_w420,3,0,winding_short,winding_short,4,"[""current_delta_mean"", ""current_slope"", ""vibration_z_last"", ""vibration_slope""]",vibration_delta_mean,2,3,True,True,0.5,0.75,False,1.0,0.0
synthetic,winding_short_032_w420,3,1,winding_short,winding_short,4,"[""current_delta_mean"", ""current_slope"", ""vibration_z_last"", ""vibration_slope""]",vibration_delta_mean,2,3,True,True,0.5,0.75,False,1.0,0.0
synthetic,winding_short_032_w420,3,2,winding_short,winding_short,4,"[""current_delta_mean"", ""current_slope"", ""vibration_z_last"", ""vibration_slope""]",vibration_delta_mean,2,3,True,True,0.5,0.75,False,1.0,0.0
synthetic,winding_short_032_w420,3,3,winding_short,winding_short,4,"[""current_delta_mean"", ""current_slope"", ""vibration_z_last"", ""vibration_slope""]",vibration_delta_mean,2,3,True,True,0.5,0.75,False,1.0,0.0
synthetic,winding_short_032_w420,3,4,winding_short,winding_short,4,"[""current_delta_mean"", ""current_slope"", ""vibration_z_last"", ""vibration_slope""]",vibration_delta_mean,2,3,True,True,0.5,0.75,False,1.0,0.0
synthetic,winding_short_036_w360,3,0,winding_short,winding_short,4,"[""temperature_delta_mean"", ""temperature_slope"", ""current_z_last"", ""vibration_slope""]",vibration_delta_mean,2,3,True,True,0.5,0.75,False,1.0,0.0
synthetic,winding_short_036_w360,3,1,winding_short,winding_short,4,"[""temperature_delta_mean"", ""temperature_slope"", ""current_z_last"", ""vibration_slope""]",vibration_delta_mean,2,3,True,True,0.5,0.75,False,1.0,0.0
synthetic,winding_short_036_w360,3,2,winding_short,winding_short,4,"[""temperature_delta_mean"", ""temperature_slope"", ""current_z_last"", ""vibration_slope""]",vibration_delta_mean,2,3,True,True,0.5,0.75,False,1.0,0.0
synthetic,winding_short_036_w360,3,3,winding_short,winding_short,4,"[""temperature_delta_mean"", ""temperature_slope"", ""current_z_last"", ""vibration_slope""]",vibration_delta_mean,2,3,True,True,0.5,0.75,False,1.0,0.0
synthetic,winding_short_036_w360,3,4,winding_short,winding_short,4,"[""temperature_delta_mean"", ""temperature_slope"", ""current_z_last"", ""vibration_slope""]",vibration_delta_mean,2,3,True,True,0.5,0.75,False,1.0,0.0
synthetic,winding_short_036_w480,3,0,winding_short,winding_short,4,"[""current_z_last"", ""temperature_slope"", ""temperature_delta_mean"", ""vibration_delta_mean""]",vibration_delta_mean,2,3,True,True,0.5,0.75,True,1.0,0.0
synthetic,winding_short_036_w480,3,1,winding_short,winding_short,4,"[""current_z_last"", ""temperature_delta_mean"", ""temperature_slope"", ""vibration_delta_mean""]",vibration_delta_mean,2,3,True,True,0.5,0.75,True,1.0,0.0
synthetic,winding_short_036_w480,3,2,winding_short,winding_short,4,"[""current_z_last"", ""temperature_delta_mean"", ""temperature_slope"", ""vibration_delta_mean""]",vibration_delta_mean,2,3,True,True,0.5,0.75,True,1.0,0.0
synthetic,winding_short_036_w480,3,3,winding_short,winding_short,4,"[""current_z_last"", ""temperature_delta_mean"", ""temperature_slope"", ""vibration_delta_mean""]",vibration_delta_mean,2,3,True,True,0.5,0.75,True,1.0,0.0
synthetic,winding_short_036_w480,3,4,winding_short,winding_short,4,"[""current_z_last"", ""temperature_delta_mean"", ""temperature_slope"", ""vibration_delta_mean""]",vibration_delta_mean,2,3,True,True,0.5,0.75,True,1.0,0.0
synthetic,winding_short_041_w420,3,0,winding_short,winding_short,4,"[""current_delta_mean"", ""current_slope"", ""vibration_z_last"", ""vibration_slope""]",vibration_delta_mean,2,3,True,True,0.5,0.75,False,1.0,0.0
synthetic,winding_short_041_w420,3,1,winding_short,winding_short,4,"[""current_delta_mean"", ""current_slope"", ""vibration_z_last"", ""vibration_slope""]",vibration_delta_mean,2,3,True,True,0.5,0.75,False,1.0,0.0
synthetic,winding_short_041_w420,3,2,winding_short,winding_short,4,"[""current_delta_mean"", ""current_slope"", ""vibration_z_last"", ""vibration_slope""]",vibration_delta_mean,2,3,True,True,0.5,0.75,False,1.0,0.0
synthetic,winding_short_041_w420,3,3,winding_short,winding_short,4,"[""current_delta_mean"", ""current_slope"", ""vibration_z_last"", ""vibration_slope""]",vibration_delta_mean,2,3,True,True,0.5,0.75,False,1.0,0.0
synthetic,winding_short_041_w420,3,4,winding_short,winding_short,4,"[""current_delta_mean"", ""current_slope"", ""vibration_z_last"", ""vibration_slope""]",vibration_delta_mean,2,3,True,True,0.5,0.75,False,1.0,0.0
synthetic,winding_short_043_w360,3,0,winding_short,winding_short,4,"[""temperature_delta_mean"", ""temperature_slope"", ""current_z_last"", ""vibration_delta_mean""]",vibration_delta_mean,2,3,True,True,0.5,0.75,True,1.0,0.0
synthetic,winding_short_043_w360,3,1,winding_short,winding_short,4,"[""temperature_delta_mean"", ""temperature_slope"", ""current_z_last"", ""vibration_delta_mean""]",vibration_delta_mean,2,3,True,True,0.5,0.75,True,1.0,0.0
synthetic,winding_short_043_w360,3,2,winding_short,winding_short,4,"[""temperature_delta_mean"", ""temperature_slope"", ""current_z_last"", ""vibration_delta_mean""]",vibration_delta_mean,2,3,True,True,0.5,0.75,True,1.0,0.0
synthetic,winding_short_043_w360,3,3,winding_short,winding_short,4,"[""temperature_delta_mean"", ""temperature_slope"", ""current_z_last"", ""vibration_delta_mean""]",vibration_delta_mean,2,3,True,True,0.5,0.75,True,1.0,0.0
synthetic,winding_short_043_w360,3,4,winding_short,winding_short,4,"[""temperature_delta_mean"", ""temperature_slope"", ""current_z_last"", ""vibration_delta_mean""]",vibration_delta_mean,2,3,True,True,0.5,0.75,True,1.0,0.0
synthetic,winding_short_043_w420,3,0,winding_short,winding_short,4,"[""current_delta_mean"", ""current_slope"", ""vibration_delta_mean"", ""vibration_slope""]",vibration_delta_mean,3,4,True,True,0.75,1.0,True,1.0,0.0
synthetic,winding_short_043_w420,3,1,winding_short,winding_short,4,"[""current_delta_mean"", ""current_slope"", ""vibration_delta_mean"", ""vibration_slope""]",vibration_delta_mean,3,4,True,True,0.75,1.0,True,1.0,0.0
synthetic,winding_short_043_w420,3,2,winding_short,winding_short,4,"[""current_delta_mean"", ""current_slope"", ""vibration_delta_mean"", ""vibration_slope""]",vibration_delta_mean,3,4,True,True,0.75,1.0,True,1.0,0.0
synthetic,winding_short_043_w420,3,3,winding_short,winding_short,4,"[""current_delta_mean"", ""current_slope"", ""vibration_delta_mean"", ""vibration_slope""]",vibration_delta_mean,3,4,True,True,0.75,1.0,True,1.0,0.0
synthetic,winding_short_043_w420,3,4,winding_short,winding_short,4,"[""current_delta_mean"", ""current_slope"", ""vibration_delta_mean"", ""vibration_slope""]",vibration_delta_mean,3,4,True,True,0.75,1.0,True,1.0,0.0
synthetic,bearing_friction_002_w480,3,0,bearing_friction,bearing_friction,4,"[""vibration_delta_mean"", ""vibration_slope"", ""current_delta_mean"", ""current_slope""]",vibration_slope,3,4,True,True,0.75,1.0,True,1.0,0.0
synthetic,bearing_friction_002_w480,3,1,bearing_friction,bearing_friction,4,"[""vibration_delta_mean"", ""vibration_slope"", ""current_delta_mean"", ""current_slope""]",vibration_slope,3,4,True,True,0.75,1.0,True,1.0,0.0
synthetic,bearing_friction_002_w480,3,2,bearing_friction,bearing_friction,4,"[""vibration_delta_mean"", ""vibration_slope"", ""current_delta_mean"", ""current_slope""]",vibration_slope,3,4,True,True,0.75,1.0,True,1.0,0.0
synthetic,bearing_friction_002_w480,3,3,bearing_friction,bearing_friction,4,"[""vibration_delta_mean"", ""vibration_slope"", ""current_delta_mean"", ""current_slope""]",vibration_slope,3,4,True,True,0.75,1.0,True,1.0,0.0
synthetic,bearing_friction_002_w480,3,4,bearing_friction,bearing_friction,4,"[""vibration_delta_mean"", ""vibration_slope"", ""current_delta_mean"", ""current_slope""]",vibration_slope,3,4,True,True,0.75,1.0,True,1.0,0.0
synthetic,bearing_friction_007_w300,3,0,bearing_friction,bearing_friction,4,"[""vibration_delta_mean"", ""vibration_z_last"", ""vibration_slope"", ""temperature_slope""]",vibration_slope,3,4,True,True,0.75,1.0,True,1.0,0.0
synthetic,bearing_friction_007_w300,3,1,bearing_friction,bearing_friction,4,"[""vibration_delta_mean"", ""vibration_slope"", ""vibration_z_last"", ""temperature_slope""]",vibration_slope,3,4,True,True,0.75,1.0,True,1.0,0.0
synthetic,bearing_friction_007_w300,3,2,bearing_friction,bearing_friction,4,"[""vibration_delta_mean"", ""vibration_z_last"", ""vibration_slope"", ""temperature_slope""]",vibration_slope,3,4,True,True,0.75,1.0,True,1.0,0.0
synthetic,bearing_friction_007_w300,3,3,bearing_friction,bearing_friction,4,"[""vibration_delta_mean"", ""vibration_slope"", ""temperature_slope"", ""current_delta_mean""]",vibration_slope,2,3,True,True,0.5,0.75,True,1.0,0.0
synthetic,bearing_friction_007_w300,3,4,bearing_friction,bearing_friction,4,"[""vibration_delta_mean"", ""vibration_slope"", ""temperature_slope"", ""temperature_delta_mean""]",vibration_slope,2,4,True,True,0.5,1.0,True,1.0,0.0
synthetic,bearing_friction_007_w360,3,0,bearing_friction,bearing_friction,4,"[""vibration_delta_mean"", ""vibration_z_last"", ""vibration_slope"", ""current_delta_mean""]",vibration_slope,3,3,True,True,0.75,0.75,True,1.0,0.0
synthetic,bearing_friction_007_w360,3,1,bearing_friction,bearing_friction,4,"[""vibration_delta_mean"", ""vibration_z_last"", ""vibration_slope"", ""current_delta_mean""]",vibration_slope,3,3,True,True,0.75,0.75,True,1.0,0.0
synthetic,bearing_friction_007_w360,3,2,bearing_friction,bearing_friction,4,"[""vibration_delta_mean"", ""vibration_z_last"", ""vibration_slope"", ""current_delta_mean""]",vibration_slope,3,3,True,True,0.75,0.75,True,1.0,0.0
synthetic,bearing_friction_007_w360,3,3,bearing_friction,bearing_friction,3,"[""vibration_delta_mean"", ""vibration_slope"", ""current_delta_mean""]",vibration_slope,2,2,True,True,0.6666666666666666,0.6666666666666666,True,1.0,0.0
synthetic,bearing_friction_007_w360,3,4,bearing_friction,bearing_friction,4,"[""vibration_delta_mean"", ""vibration_z_last"", ""vibration_slope"", ""current_delta_mean""]",vibration_slope,3,3,True,True,0.75,0.75,True,1.0,0.0
synthetic,bearing_friction_007_w420,3,0,bearing_friction,bearing_friction,4,"[""vibration_delta_mean"", ""vibration_z_last"", ""vibration_slope"", ""temperature_delta_mean""]",vibration_delta_mean,3,3,True,True,0.75,0.75,True,1.0,0.0
synthetic,bearing_friction_007_w420,3,1,bearing_friction,bearing_friction,4,"[""vibration_delta_mean"", ""vibration_slope"", ""temperature_delta_mean"", ""temperature_slope""]",vibration_delta_mean,2,2,True,True,0.5,0.5,True,1.0,0.0
synthetic,bearing_friction_007_w420,3,2,bearing_friction,bearing_friction,4,"[""vibration_delta_mean"", ""vibration_slope"", ""temperature_delta_mean"", ""temperature_slope""]",vibration_delta_mean,2,2,True,True,0.5,0.5,True,1.0,0.0
synthetic,bearing_friction_007_w420,3,3,bearing_friction,bearing_friction,4,"[""vibration_delta_mean"", ""vibration_slope"", ""temperature_delta_mean"", ""temperature_slope""]",vibration_delta_mean,2,2,True,True,0.5,0.5,True,1.0,0.0
synthetic,bearing_friction_007_w420,3,4,bearing_friction,bearing_friction,4,"[""vibration_delta_mean"", ""vibration_slope"", ""temperature_delta_mean"", ""temperature_slope""]",vibration_delta_mean,2,2,True,True,0.5,0.5,True,1.0,0.0
synthetic,bearing_friction_010_w300,3,0,bearing_friction,bearing_friction,4,"[""vibration_delta_mean"", ""vibration_slope"", ""vibration_z_last"", ""temperature_delta_mean""]",vibration_delta_mean,3,4,True,True,0.75,1.0,True,1.0,0.0
synthetic,bearing_friction_010_w300,3,1,bearing_friction,bearing_friction,4,"[""vibration_delta_mean"", ""vibration_slope"", ""vibration_z_last"", ""temperature_slope""]",vibration_delta_mean,3,4,True,True,0.75,1.0,True,1.0,0.0
synthetic,bearing_friction_010_w300,3,2,bearing_friction,bearing_friction,4,"[""vibration_delta_mean"", ""vibration_slope"", ""vibration_z_last"", ""temperature_slope""]",vibration_delta_mean,3,4,True,True,0.75,1.0,True,1.0,0.0
synthetic,bearing_friction_010_w300,3,3,bearing_friction,bearing_friction,4,"[""vibration_delta_mean"", ""vibration_slope"", ""temperature_slope"", ""current_z_last""]",vibration_delta_mean,2,3,True,True,0.5,0.75,True,1.0,0.0
synthetic,bearing_friction_010_w300,3,4,bearing_friction,bearing_friction,4,"[""vibration_delta_mean"", ""vibration_slope"", ""vibration_z_last"", ""temperature_slope""]",vibration_delta_mean,3,4,True,True,0.75,1.0,True,1.0,0.0
synthetic,bearing_friction_018_w300,3,0,bearing_friction,bearing_friction,4,"[""vibration_delta_mean"", ""vibration_slope"", ""temperature_delta_mean"", ""temperature_slope""]",vibration_slope,2,4,True,True,0.5,1.0,True,1.0,0.0
synthetic,bearing_friction_018_w300,3,1,bearing_friction,bearing_friction,4,"[""vibration_delta_mean"", ""vibration_slope"", ""temperature_slope"", ""temperature_delta_mean""]",vibration_slope,2,4,True,True,0.5,1.0,True,1.0,0.0
synthetic,bearing_friction_018_w300,3,2,bearing_friction,bearing_friction,3,"[""vibration_delta_mean"", ""vibration_slope"", ""temperature_slope""]",vibration_slope,2,3,True,True,0.6666666666666666,1.0,True,1.0,0.0
synthetic,bearing_friction_018_w300,3,3,bearing_friction,bearing_friction,4,"[""vibration_delta_mean"", ""vibration_slope"", ""temperature_slope"", ""temperature_delta_mean""]",vibration_slope,2,4,True,True,0.5,1.0,True,1.0,0.0
synthetic,bearing_friction_018_w300,3,4,bearing_friction,bearing_friction,4,"[""vibration_delta_mean"", ""vibration_slope"", ""temperature_slope"", ""temperature_delta_mean""]",vibration_slope,2,4,True,True,0.5,1.0,True,1.0,0.0
synthetic,bearing_friction_018_w360,3,0,bearing_friction,bearing_friction,4,"[""vibration_delta_mean"", ""vibration_slope"", ""current_delta_mean"", ""current_slope""]",vibration_slope,2,2,True,True,0.5,0.5,True,1.0,0.0
synthetic,bearing_friction_018_w360,3,1,bearing_friction,bearing_friction,4,"[""vibration_delta_mean"", ""vibration_slope"", ""current_delta_mean"", ""current_slope""]",vibration_slope,2,2,True,True,0.5,0.5,True,1.0,0.0
synthetic,bearing_friction_018_w360,3,2,bearing_friction,bearing_friction,4,"[""vibration_delta_mean"", ""vibration_slope"", ""current_delta_mean"", ""current_slope""]",vibration_slope,2,2,True,True,0.5,0.5,True,1.0,0.0
synthetic,bearing_friction_018_w360,3,3,bearing_friction,bearing_friction,4,"[""vibration_delta_mean"", ""vibration_slope"", ""current_delta_mean"", ""current_slope""]",vibration_slope,2,2,True,True,0.5,0.5,True,1.0,0.0
synthetic,bearing_friction_018_w360,3,4,bearing_friction,bearing_friction,4,"[""vibration_delta_mean"", ""vibration_slope"", ""current_delta_mean"", ""current_slope""]",vibration_slope,2,2,True,True,0.5,0.5,True,1.0,0.0
synthetic,bearing_friction_020_w360,3,0,bearing_friction,bearing_friction,4,"[""vibration_delta_mean"", ""vibration_z_last"", ""vibration_slope"", ""current_delta_mean""]",vibration_slope,3,3,True,True,0.75,0.75,True,1.0,0.0
synthetic,bearing_friction_020_w360,3,1,bearing_friction,bearing_friction,3,"[""vibration_delta_mean"", ""vibration_slope"", ""current_delta_mean""]",vibration_slope,2,2,True,True,0.6666666666666666,0.6666666666666666,True,1.0,0.0
synthetic,bearing_friction_020_w360,3,2,bearing_friction,bearing_friction,3,"[""vibration_delta_mean"", ""vibration_slope"", ""current_delta_mean""]",vibration_slope,2,2,True,True,0.6666666666666666,0.6666666666666666,True,1.0,0.0
synthetic,bearing_friction_020_w360,3,3,bearing_friction,bearing_friction,4,"[""vibration_delta_mean"", ""vibration_z_last"", ""vibration_slope"", ""current_delta_mean""]",vibration_slope,3,3,True,True,0.75,0.75,True,1.0,0.0
synthetic,bearing_friction_020_w360,3,4,bearing_friction,bearing_friction,4,"[""vibration_delta_mean"", ""vibration_slope"", ""current_delta_mean"", ""vibration_z_last""]",vibration_slope,3,3,True,True,0.75,0.75,True,1.0,0.0
synthetic,bearing_friction_020_w480,3,0,bearing_friction,bearing_friction,4,"[""vibration_delta_mean"", ""vibration_slope"", ""current_delta_mean"", ""temperature_z_last""]",vibration_delta_mean,2,3,True,True,0.5,0.75,True,1.0,0.0
synthetic,bearing_friction_020_w480,3,1,bearing_friction,bearing_friction,4,"[""vibration_delta_mean"", ""vibration_slope"", ""current_delta_mean"", ""temperature_z_last""]",vibration_delta_mean,2,3,True,True,0.5,0.75,True,1.0,0.0
synthetic,bearing_friction_020_w480,3,2,bearing_friction,bearing_friction,4,"[""vibration_delta_mean"", ""vibration_slope"", ""current_delta_mean"", ""temperature_z_last""]",vibration_delta_mean,2,3,True,True,0.5,0.75,True,1.0,0.0
synthetic,bearing_friction_020_w480,3,3,bearing_friction,bearing_friction,4,"[""vibration_delta_mean"", ""vibration_slope"", ""current_delta_mean"", ""temperature_z_last""]",vibration_delta_mean,2,3,True,True,0.5,0.75,True,1.0,0.0
synthetic,bearing_friction_020_w480,3,4,bearing_friction,bearing_friction,4,"[""vibration_delta_mean"", ""vibration_z_last"", ""vibration_slope"", ""current_delta_mean""]",vibration_delta_mean,3,4,True,True,0.75,1.0,True,1.0,0.0
synthetic,bearing_friction_022_w300,3,0,bearing_friction,bearing_friction,4,"[""vibration_delta_mean"", ""vibration_slope"", ""temperature_slope"", ""current_delta_mean""]",vibration_delta_mean,2,3,True,True,0.5,0.75,True,1.0,0.0
synthetic,bearing_friction_022_w300,3,1,bearing_friction,bearing_friction,4,"[""vibration_delta_mean"", ""vibration_slope"", ""vibration_z_last"", ""temperature_slope""]",vibration_delta_mean,3,4,True,True,0.75,1.0,True,1.0,0.0
synthetic,bearing_friction_022_w300,3,2,bearing_friction,bearing_friction,4,"[""vibration_delta_mean"", ""vibration_z_last"", ""vibration_slope"", ""temperature_slope""]",vibration_delta_mean,3,4,True,True,0.75,1.0,True,1.0,0.0
synthetic,bearing_friction_022_w300,3,3,bearing_friction,bearing_friction,4,"[""vibration_delta_mean"", ""vibration_slope"", ""temperature_slope"", ""temperature_delta_mean""]",vibration_delta_mean,2,4,True,True,0.5,1.0,True,1.0,0.0
synthetic,bearing_friction_022_w300,3,4,bearing_friction,bearing_friction,4,"[""vibration_delta_mean"", ""vibration_slope"", ""vibration_z_last"", ""temperature_slope""]",vibration_delta_mean,3,4,True,True,0.75,1.0,True,1.0,0.0
synthetic,bearing_friction_022_w420,3,0,bearing_friction,bearing_friction,4,"[""vibration_delta_mean"", ""vibration_slope"", ""temperature_delta_mean"", ""temperature_slope""]",vibration_delta_mean,2,2,True,True,0.5,0.5,True,1.0,0.0
synthetic,bearing_friction_022_w420,3,1,bearing_friction,bearing_friction,4,"[""vibration_delta_mean"", ""vibration_slope"", ""temperature_delta_mean"", ""temperature_slope""]",vibration_delta_mean,2,2,True,True,0.5,0.5,True,1.0,0.0
synthetic,bearing_friction_022_w420,3,2,bearing_friction,bearing_friction,4,"[""vibration_delta_mean"", ""vibration_slope"", ""temperature_delta_mean"", ""temperature_slope""]",vibration_delta_mean,2,2,True,True,0.5,0.5,True,1.0,0.0
synthetic,bearing_friction_022_w420,3,3,bearing_friction,bearing_friction,4,"[""vibration_delta_mean"", ""vibration_slope"", ""temperature_delta_mean"", ""temperature_slope""]",vibration_delta_mean,2,2,True,True,0.5,0.5,True,1.0,0.0
synthetic,bearing_friction_022_w420,3,4,bearing_friction,bearing_friction,4,"[""vibration_delta_mean"", ""vibration_slope"", ""temperature_delta_mean"", ""temperature_slope""]",vibration_delta_mean,2,2,True,True,0.5,0.5,True,1.0,0.0
synthetic,bearing_friction_035_w300,3,0,bearing_friction,bearing_friction,4,"[""vibration_delta_mean"", ""vibration_slope"", ""vibration_z_last"", ""temperature_slope""]",vibration_slope,3,4,True,True,0.75,1.0,True,1.0,0.0
synthetic,bearing_friction_035_w300,3,1,bearing_friction,bearing_friction,4,"[""vibration_delta_mean"", ""vibration_slope"", ""vibration_z_last"", ""temperature_delta_mean""]",vibration_slope,3,4,True,True,0.75,1.0,True,1.0,0.0
synthetic,bearing_friction_035_w300,3,2,bearing_friction,bearing_friction,4,"[""vibration_delta_mean"", ""vibration_slope"", ""vibration_z_last"", ""temperature_delta_mean""]",vibration_slope,3,4,True,True,0.75,1.0,True,1.0,0.0
synthetic,bearing_friction_035_w300,3,3,bearing_friction,bearing_friction,4,"[""vibration_delta_mean"", ""vibration_slope"", ""vibration_z_last"", ""temperature_delta_mean""]",vibration_slope,3,4,True,True,0.75,1.0,True,1.0,0.0
synthetic,bearing_friction_035_w300,3,4,bearing_friction,bearing_friction,4,"[""vibration_delta_mean"", ""vibration_slope"", ""temperature_slope"", ""temperature_delta_mean""]",vibration_slope,2,4,True,True,0.5,1.0,True,1.0,0.0
synthetic,bearing_friction_035_w360,3,0,bearing_friction,bearing_friction,3,"[""vibration_delta_mean"", ""vibration_slope"", ""current_delta_mean""]",vibration_delta_mean,2,2,True,True,0.6666666666666666,0.6666666666666666,True,1.0,0.0
synthetic,bearing_friction_035_w360,3,1,bearing_friction,bearing_friction,4,"[""vibration_delta_mean"", ""vibration_slope"", ""current_delta_mean"", ""temperature_delta_mean""]",vibration_delta_mean,2,3,True,True,0.5,0.75,True,1.0,0.0
synthetic,bearing_friction_035_w360,3,2,bearing_friction,bearing_friction,4,"[""vibration_delta_mean"", ""vibration_slope"", ""current_delta_mean"", ""temperature_delta_mean""]",vibration_delta_mean,2,3,True,True,0.5,0.75,True,1.0,0.0
synthetic,bearing_friction_035_w360,3,3,bearing_friction,bearing_friction,4,"[""vibration_delta_mean"", ""vibration_slope"", ""current_delta_mean"", ""current_z_last""]",vibration_delta_mean,2,2,True,True,0.5,0.5,True,1.0,0.0
synthetic,bearing_friction_035_w360,3,4,bearing_friction,bearing_friction,4,"[""vibration_delta_mean"", ""vibration_slope"", ""current_delta_mean"", ""temperature_slope""]",vibration_delta_mean,2,3,True,True,0.5,0.75,True,1.0,0.0
synthetic,bearing_friction_035_w420,3,0,bearing_friction,bearing_friction,4,"[""vibration_delta_mean"", ""vibration_z_last"", ""vibration_slope"", ""temperature_delta_mean""]",vibration_delta_mean,3,3,True,True,0.75,0.75,True,1.0,0.0
synthetic,bearing_friction_035_w420,3,1,bearing_friction,bearing_friction,4,"[""vibration_delta_mean"", ""vibration_slope"", ""temperature_delta_mean"", ""current_z_last""]",vibration_delta_mean,2,3,True,True,0.5,0.75,True,1.0,0.0
synthetic,bearing_friction_035_w420,3,2,bearing_friction,bearing_friction,4,"[""vibration_delta_mean"", ""vibration_slope"", ""temperature_delta_mean"", ""current_z_last""]",vibration_delta_mean,2,3,True,True,0.5,0.75,True,1.0,0.0
synthetic,bearing_friction_035_w420,3,3,bearing_friction,bearing_friction,4,"[""vibration_delta_mean"", ""vibration_slope"", ""temperature_delta_mean"", ""current_z_last""]",vibration_delta_mean,2,3,True,True,0.5,0.75,True,1.0,0.0
synthetic,bearing_friction_035_w420,3,4,bearing_friction,bearing_friction,4,"[""vibration_delta_mean"", ""vibration_slope"", ""temperature_delta_mean"", ""current_z_last""]",vibration_delta_mean,2,3,True,True,0.5,0.75,True,1.0,0.0
synthetic,bearing_friction_038_w360,3,0,bearing_friction,bearing_friction,3,"[""vibration_delta_mean"", ""vibration_slope"", ""current_delta_mean""]",vibration_delta_mean,2,2,True,True,0.6666666666666666,0.6666666666666666,True,1.0,0.0
synthetic,bearing_friction_038_w360,3,1,bearing_friction,bearing_friction,4,"[""vibration_delta_mean"", ""vibration_slope"", ""current_delta_mean"", ""temperature_slope""]",vibration_delta_mean,2,3,True,True,0.5,0.75,True,1.0,0.0
synthetic,bearing_friction_038_w360,3,2,bearing_friction,bearing_friction,3,"[""vibration_delta_mean"", ""vibration_slope"", ""current_delta_mean""]",vibration_delta_mean,2,2,True,True,0.6666666666666666,0.6666666666666666,True,1.0,0.0
synthetic,bearing_friction_038_w360,3,3,bearing_friction,bearing_friction,4,"[""vibration_delta_mean"", ""vibration_slope"", ""current_delta_mean"", ""vibration_z_last""]",vibration_delta_mean,3,3,True,True,0.75,0.75,True,1.0,0.0
synthetic,bearing_friction_038_w360,3,4,bearing_friction,bearing_friction,3,"[""vibration_delta_mean"", ""vibration_slope"", ""current_delta_mean""]",vibration_delta_mean,2,2,True,True,0.6666666666666666,0.6666666666666666,True,1.0,0.0
synthetic,bearing_friction_042_w300,3,0,bearing_friction,bearing_friction,4,"[""vibration_delta_mean"", ""vibration_z_last"", ""vibration_slope"", ""temperature_delta_mean""]",vibration_slope,3,4,True,True,0.75,1.0,True,1.0,0.0
synthetic,bearing_friction_042_w300,3,1,bearing_friction,bearing_friction,4,"[""vibration_delta_mean"", ""vibration_slope"", ""vibration_z_last"", ""temperature_delta_mean""]",vibration_slope,3,4,True,True,0.75,1.0,True,1.0,0.0
synthetic,bearing_friction_042_w300,3,2,bearing_friction,bearing_friction,4,"[""vibration_delta_mean"", ""vibration_slope"", ""temperature_delta_mean"", ""current_delta_mean""]",vibration_slope,2,3,True,True,0.5,0.75,True,1.0,0.0
synthetic,bearing_friction_042_w300,3,3,bearing_friction,bearing_friction,4,"[""vibration_delta_mean"", ""vibration_slope"", ""temperature_delta_mean"", ""temperature_slope""]",vibration_slope,2,4,True,True,0.5,1.0,True,1.0,0.0
synthetic,bearing_friction_042_w300,3,4,bearing_friction,bearing_friction,4,"[""vibration_delta_mean"", ""vibration_slope"", ""temperature_delta_mean"", ""vibration_z_last""]",vibration_slope,3,4,True,True,0.75,1.0,True,1.0,0.0
synthetic,bearing_friction_042_w360,3,0,bearing_friction,bearing_friction,4,"[""vibration_delta_mean"", ""vibration_z_last"", ""vibration_slope"", ""current_delta_mean""]",vibration_delta_mean,3,3,True,True,0.75,0.75,True,1.0,0.0
synthetic,bearing_friction_042_w360,3,1,bearing_friction,bearing_friction,4,"[""vibration_delta_mean"", ""vibration_z_last"", ""vibration_slope"", ""current_delta_mean""]",vibration_delta_mean,3,3,True,True,0.75,0.75,True,1.0,0.0
synthetic,bearing_friction_042_w360,3,2,bearing_friction,bearing_friction,4,"[""vibration_delta_mean"", ""vibration_z_last"", ""vibration_slope"", ""current_delta_mean""]",vibration_delta_mean,3,3,True,True,0.75,0.75,True,1.0,0.0
synthetic,bearing_friction_042_w360,3,3,bearing_friction,bearing_friction,3,"[""vibration_delta_mean"", ""vibration_z_last"", ""current_delta_mean""]",vibration_delta_mean,2,2,True,True,0.6666666666666666,0.6666666666666666,True,1.0,0.0
synthetic,bearing_friction_042_w360,3,4,bearing_friction,bearing_friction,4,"[""vibration_delta_mean"", ""vibration_z_last"", ""vibration_slope"", ""current_delta_mean""]",vibration_delta_mean,3,3,True,True,0.75,0.75,True,1.0,0.0
synthetic,bearing_friction_044_w300,3,0,bearing_friction,bearing_friction,4,"[""vibration_delta_mean"", ""vibration_slope"", ""vibration_z_last"", ""temperature_slope""]",vibration_slope,3,4,True,True,0.75,1.0,True,1.0,0.0
synthetic,bearing_friction_044_w300,3,1,bearing_friction,bearing_friction,4,"[""vibration_delta_mean"", ""vibration_slope"", ""temperature_slope"", ""temperature_z_last""]",vibration_slope,2,3,True,True,0.5,0.75,True,1.0,0.0
synthetic,bearing_friction_044_w300,3,2,bearing_friction,bearing_friction,4,"[""vibration_delta_mean"", ""vibration_slope"", ""vibration_z_last"", ""temperature_slope""]",vibration_slope,3,4,True,True,0.75,1.0,True,1.0,0.0
synthetic,bearing_friction_044_w300,3,3,bearing_friction,bearing_friction,4,"[""vibration_delta_mean"", ""vibration_slope"", ""vibration_z_last"", ""temperature_slope""]",vibration_slope,3,4,True,True,0.75,1.0,True,1.0,0.0
synthetic,bearing_friction_044_w300,3,4,bearing_friction,bearing_friction,4,"[""vibration_delta_mean"", ""vibration_slope"", ""temperature_slope"", ""temperature_z_last""]",vibration_slope,2,3,True,True,0.5,0.75,True,1.0,0.0
synthetic,bearing_friction_044_w360,3,0,bearing_friction,bearing_friction,4,"[""vibration_delta_mean"", ""vibration_z_last"", ""vibration_slope"", ""current_delta_mean""]",vibration_slope,3,3,True,True,0.75,0.75,True,1.0,0.0
synthetic,bearing_friction_044_w360,3,1,bearing_friction,bearing_friction,4,"[""vibration_delta_mean"", ""vibration_z_last"", ""vibration_slope"", ""current_delta_mean""]",vibration_slope,3,3,True,True,0.75,0.75,True,1.0,0.0
synthetic,bearing_friction_044_w360,3,2,bearing_friction,bearing_friction,4,"[""vibration_delta_mean"", ""vibration_z_last"", ""vibration_slope"", ""current_delta_mean""]",vibration_slope,3,3,True,True,0.75,0.75,True,1.0,0.0
synthetic,bearing_friction_044_w360,3,3,bearing_friction,bearing_friction,4,"[""vibration_delta_mean"", ""vibration_z_last"", ""vibration_slope"", ""current_slope""]",vibration_slope,3,4,True,True,0.75,1.0,True,1.0,0.0
synthetic,bearing_friction_044_w360,3,4,bearing_friction,bearing_friction,4,"[""vibration_delta_mean"", ""vibration_z_last"", ""vibration_slope"", ""current_slope""]",vibration_slope,3,4,True,True,0.75,1.0,True,1.0,0.0
synthetic,bearing_friction_044_w420,3,0,bearing_friction,bearing_friction,4,"[""vibration_delta_mean"", ""vibration_slope"", ""temperature_delta_mean"", ""temperature_slope""]",vibration_delta_mean,2,2,True,True,0.5,0.5,True,1.0,0.0
synthetic,bearing_friction_044_w420,3,1,bearing_friction,bearing_friction,4,"[""vibration_delta_mean"", ""vibration_slope"", ""temperature_delta_mean"", ""temperature_slope""]",vibration_delta_mean,2,2,True,True,0.5,0.5,True,1.0,0.0
synthetic,bearing_friction_044_w420,3,2,bearing_friction,bearing_friction,4,"[""vibration_delta_mean"", ""vibration_slope"", ""vibration_z_last"", ""temperature_delta_mean""]",vibration_delta_mean,3,3,True,True,0.75,0.75,True,1.0,0.0
synthetic,bearing_friction_044_w420,3,3,bearing_friction,bearing_friction,4,"[""vibration_delta_mean"", ""vibration_slope"", ""vibration_z_last"", ""temperature_delta_mean""]",vibration_delta_mean,3,3,True,True,0.75,0.75,True,1.0,0.0
synthetic,bearing_friction_044_w420,3,4,bearing_friction,bearing_friction,4,"[""vibration_delta_mean"", ""vibration_slope"", ""temperature_delta_mean"", ""temperature_slope""]",vibration_delta_mean,2,2,True,True,0.5,0.5,True,1.0,0.0
synthetic,bearing_friction_044_w480,3,0,bearing_friction,bearing_friction,4,"[""vibration_delta_mean"", ""vibration_z_last"", ""vibration_slope"", ""current_delta_mean""]",vibration_delta_mean,3,3,True,True,0.75,0.75,True,1.0,0.0
synthetic,bearing_friction_044_w480,3,1,bearing_friction,bearing_friction,4,"[""vibration_delta_mean"", ""vibration_slope"", ""current_delta_mean"", ""current_slope""]",vibration_delta_mean,2,3,True,True,0.5,0.75,True,1.0,0.0
synthetic,bearing_friction_044_w480,3,2,bearing_friction,bearing_friction,4,"[""vibration_delta_mean"", ""vibration_slope"", ""current_delta_mean"", ""current_slope""]",vibration_delta_mean,2,3,True,True,0.5,0.75,True,1.0,0.0
synthetic,bearing_friction_044_w480,3,3,bearing_friction,bearing_friction,4,"[""vibration_delta_mean"", ""vibration_slope"", ""current_delta_mean"", ""current_slope""]",vibration_delta_mean,2,3,True,True,0.5,0.75,True,1.0,0.0
synthetic,bearing_friction_044_w480,3,4,bearing_friction,bearing_friction,4,"[""vibration_delta_mean"", ""vibration_z_last"", ""vibration_slope"", ""current_delta_mean""]",vibration_delta_mean,3,3,True,True,0.75,0.75,True,1.0,0.0
synthetic,overload_001_w300,3,0,overload,overload,4,"[""current_delta_mean"", ""current_slope"", ""temperature_delta_mean"", ""vibration_z_last""]",vibration_delta_mean,0,2,False,True,0.0,0.5,False,1.0,0.0
synthetic,overload_001_w300,3,1,overload,overload,4,"[""current_delta_mean"", ""current_slope"", ""temperature_delta_mean"", ""vibration_z_last""]",vibration_delta_mean,0,2,False,True,0.0,0.5,False,1.0,0.0
synthetic,overload_001_w300,3,2,overload,overload,4,"[""current_delta_mean"", ""current_slope"", ""temperature_delta_mean"", ""vibration_z_last""]",vibration_delta_mean,0,2,False,True,0.0,0.5,False,1.0,0.0
synthetic,overload_001_w300,3,3,overload,overload,4,"[""current_delta_mean"", ""current_slope"", ""temperature_delta_mean"", ""vibration_z_last""]",vibration_delta_mean,0,2,False,True,0.0,0.5,False,1.0,0.0
synthetic,overload_001_w300,3,4,overload,overload,4,"[""current_delta_mean"", ""current_slope"", ""temperature_delta_mean"", ""vibration_z_last""]",vibration_delta_mean,0,2,False,True,0.0,0.5,False,1.0,0.0
synthetic,overload_001_w420,3,0,overload,overload,4,"[""current_delta_mean"", ""current_slope"", ""temperature_delta_mean"", ""temperature_slope""]",vibration_delta_mean,0,2,False,True,0.0,0.5,False,1.0,0.0
synthetic,overload_001_w420,3,1,overload,overload,4,"[""current_delta_mean"", ""current_slope"", ""temperature_delta_mean"", ""temperature_slope""]",vibration_delta_mean,0,2,False,True,0.0,0.5,False,1.0,0.0
synthetic,overload_001_w420,3,2,overload,overload,4,"[""current_delta_mean"", ""current_slope"", ""temperature_delta_mean"", ""temperature_slope""]",vibration_delta_mean,0,2,False,True,0.0,0.5,False,1.0,0.0
synthetic,overload_001_w420,3,3,overload,overload,4,"[""current_delta_mean"", ""current_slope"", ""temperature_delta_mean"", ""temperature_slope""]",vibration_delta_mean,0,2,False,True,0.0,0.5,False,1.0,0.0
synthetic,overload_001_w420,3,4,overload,overload,4,"[""current_delta_mean"", ""current_slope"", ""temperature_delta_mean"", ""temperature_slope""]",vibration_delta_mean,0,2,False,True,0.0,0.5,False,1.0,0.0
synthetic,overload_003_w300,3,0,overload,overload,4,"[""current_delta_mean"", ""current_slope"", ""temperature_delta_mean"", ""vibration_z_last""]",vibration_slope,0,2,False,True,0.0,0.5,False,1.0,0.0
synthetic,overload_003_w300,3,1,overload,overload,4,"[""current_delta_mean"", ""current_slope"", ""temperature_delta_mean"", ""vibration_z_last""]",vibration_slope,0,2,False,True,0.0,0.5,False,1.0,0.0
synthetic,overload_003_w300,3,2,overload,overload,4,"[""current_delta_mean"", ""current_slope"", ""temperature_delta_mean"", ""vibration_z_last""]",vibration_slope,0,2,False,True,0.0,0.5,False,1.0,0.0
synthetic,overload_003_w300,3,3,overload,overload,4,"[""current_delta_mean"", ""current_slope"", ""temperature_delta_mean"", ""vibration_z_last""]",vibration_slope,0,2,False,True,0.0,0.5,False,1.0,0.0
synthetic,overload_003_w300,3,4,overload,overload,4,"[""current_delta_mean"", ""current_slope"", ""temperature_delta_mean"", ""vibration_z_last""]",vibration_slope,0,2,False,True,0.0,0.5,False,1.0,0.0
synthetic,overload_005_w300,3,0,overload,overload,4,"[""current_delta_mean"", ""current_slope"", ""vibration_z_last"", ""temperature_delta_mean""]",vibration_slope,0,2,False,True,0.0,0.5,False,1.0,0.0
synthetic,overload_005_w300,3,1,overload,overload,4,"[""current_delta_mean"", ""current_slope"", ""vibration_z_last"", ""temperature_delta_mean""]",vibration_slope,0,2,False,True,0.0,0.5,False,1.0,0.0
synthetic,overload_005_w300,3,2,overload,overload,4,"[""current_delta_mean"", ""current_slope"", ""current_z_last"", ""vibration_z_last""]",vibration_slope,1,3,True,True,0.25,0.75,False,1.0,0.0
synthetic,overload_005_w300,3,3,overload,overload,4,"[""current_delta_mean"", ""current_slope"", ""vibration_z_last"", ""temperature_delta_mean""]",vibration_slope,0,2,False,True,0.0,0.5,False,1.0,0.0
synthetic,overload_005_w300,3,4,overload,overload,4,"[""current_delta_mean"", ""current_slope"", ""vibration_z_last"", ""temperature_delta_mean""]",vibration_slope,0,2,False,True,0.0,0.5,False,1.0,0.0
synthetic,overload_005_w420,3,0,overload,overload,4,"[""current_delta_mean"", ""temperature_z_last"", ""temperature_delta_mean"", ""temperature_slope""]",vibration_delta_mean,1,2,True,True,0.25,0.5,False,1.0,0.0
synthetic,overload_005_w420,3,1,overload,overload,4,"[""current_delta_mean"", ""temperature_z_last"", ""temperature_delta_mean"", ""temperature_slope""]",vibration_delta_mean,1,2,True,True,0.25,0.5,False,1.0,0.0
synthetic,overload_005_w420,3,2,overload,overload,4,"[""temperature_z_last"", ""temperature_delta_mean"", ""temperature_slope"", ""current_delta_mean""]",vibration_delta_mean,1,2,True,True,0.25,0.5,False,1.0,0.0
synthetic,overload_005_w420,3,3,overload,overload,4,"[""current_delta_mean"", ""temperature_z_last"", ""temperature_delta_mean"", ""temperature_slope""]",vibration_delta_mean,1,2,True,True,0.25,0.5,False,1.0,0.0
synthetic,overload_005_w420,3,4,overload,overload,4,"[""current_delta_mean"", ""temperature_delta_mean"", ""temperature_z_last"", ""temperature_slope""]",vibration_delta_mean,1,2,True,True,0.25,0.5,False,1.0,0.0
synthetic,overload_006_w300,3,0,overload,overload,3,"[""current_delta_mean"", ""current_slope"", ""temperature_z_last""]",vibration_slope,1,2,True,True,0.3333333333333333,0.6666666666666666,False,1.0,0.0
synthetic,overload_006_w300,3,1,overload,overload,4,"[""current_delta_mean"", ""current_slope"", ""temperature_z_last"", ""vibration_z_last""]",vibration_slope,1,2,True,True,0.25,0.5,False,1.0,0.0
synthetic,overload_006_w300,3,2,overload,overload,4,"[""current_delta_mean"", ""current_slope"", ""temperature_z_last"", ""temperature_delta_mean""]",vibration_slope,1,2,True,True,0.25,0.5,False,1.0,0.0
synthetic,overload_006_w300,3,3,overload,overload,4,"[""current_delta_mean"", ""current_slope"", ""temperature_z_last"", ""vibration_z_last""]",vibration_slope,1,2,True,True,0.25,0.5,False,1.0,0.0
synthetic,overload_006_w300,3,4,overload,overload,4,"[""current_delta_mean"", ""current_slope"", ""temperature_z_last"", ""vibration_z_last""]",vibration_slope,1,2,True,True,0.25,0.5,False,1.0,0.0
synthetic,overload_007_w420,3,0,overload,overload,4,"[""current_delta_mean"", ""temperature_delta_mean"", ""temperature_slope"", ""temperature_z_last""]",vibration_delta_mean,0,2,False,True,0.0,0.5,False,1.0,0.0
synthetic,overload_007_w420,3,1,overload,overload,4,"[""current_delta_mean"", ""current_slope"", ""temperature_delta_mean"", ""temperature_slope""]",vibration_delta_mean,0,2,False,True,0.0,0.5,False,1.0,0.0
synthetic,overload_007_w420,3,2,overload,overload,4,"[""current_delta_mean"", ""temperature_delta_mean"", ""temperature_slope"", ""temperature_z_last""]",vibration_delta_mean,0,2,False,True,0.0,0.5,False,1.0,0.0
synthetic,overload_007_w420,3,3,overload,overload,4,"[""current_delta_mean"", ""current_slope"", ""temperature_delta_mean"", ""temperature_slope""]",vibration_delta_mean,0,2,False,True,0.0,0.5,False,1.0,0.0
synthetic,overload_007_w420,3,4,overload,overload,4,"[""current_delta_mean"", ""temperature_delta_mean"", ""temperature_slope"", ""temperature_z_last""]",vibration_delta_mean,0,2,False,True,0.0,0.5,False,1.0,0.0
synthetic,overload_013_w360,3,0,overload,overload,4,"[""current_delta_mean"", ""current_slope"", ""temperature_z_last"", ""vibration_delta_mean""]",vibration_slope,2,3,True,True,0.5,0.75,False,1.0,0.0
synthetic,overload_013_w360,3,1,overload,overload,4,"[""current_delta_mean"", ""current_slope"", ""temperature_z_last"", ""temperature_slope""]",vibration_slope,1,2,True,True,0.25,0.5,False,1.0,0.0
synthetic,overload_013_w360,3,2,overload,overload,4,"[""current_delta_mean"", ""current_slope"", ""temperature_z_last"", ""vibration_delta_mean""]",vibration_slope,2,3,True,True,0.5,0.75,False,1.0,0.0
synthetic,overload_013_w360,3,3,overload,overload,4,"[""current_delta_mean"", ""current_slope"", ""temperature_z_last"", ""vibration_delta_mean""]",vibration_slope,2,3,True,True,0.5,0.75,False,1.0,0.0
synthetic,overload_013_w360,3,4,overload,overload,4,"[""current_delta_mean"", ""current_slope"", ""temperature_z_last"", ""vibration_delta_mean""]",vibration_slope,2,3,True,True,0.5,0.75,False,1.0,0.0
synthetic,overload_013_w420,3,0,overload,overload,4,"[""current_delta_mean"", ""current_slope"", ""temperature_delta_mean"", ""temperature_slope""]",vibration_slope,1,3,True,True,0.25,0.75,False,1.0,0.0
synthetic,overload_013_w420,3,1,overload,overload,4,"[""current_delta_mean"", ""current_slope"", ""temperature_delta_mean"", ""temperature_slope""]",vibration_slope,1,3,True,True,0.25,0.75,False,1.0,0.0
synthetic,overload_013_w420,3,2,overload,overload,4,"[""current_delta_mean"", ""current_slope"", ""temperature_delta_mean"", ""temperature_slope""]",vibration_slope,1,3,True,True,0.25,0.75,False,1.0,0.0
synthetic,overload_013_w420,3,3,overload,overload,4,"[""current_delta_mean"", ""current_slope"", ""temperature_delta_mean"", ""temperature_slope""]",vibration_slope,1,3,True,True,0.25,0.75,False,1.0,0.0
synthetic,overload_013_w420,3,4,overload,overload,4,"[""current_delta_mean"", ""current_slope"", ""temperature_delta_mean"", ""temperature_slope""]",vibration_slope,1,3,True,True,0.25,0.75,False,1.0,0.0
synthetic,overload_016_w300,3,0,overload,overload,4,"[""current_delta_mean"", ""current_slope"", ""temperature_delta_mean"", ""temperature_z_last""]",vibration_slope,1,2,True,True,0.25,0.5,False,1.0,0.0
synthetic,overload_016_w300,3,1,overload,overload,4,"[""current_delta_mean"", ""current_slope"", ""temperature_delta_mean"", ""temperature_z_last""]",vibration_slope,1,2,True,True,0.25,0.5,False,1.0,0.0
synthetic,overload_016_w300,3,2,overload,overload,4,"[""current_delta_mean"", ""current_slope"", ""temperature_delta_mean"", ""vibration_delta_mean""]",vibration_slope,2,3,True,True,0.5,0.75,False,1.0,0.0
synthetic,overload_016_w300,3,3,overload,overload,4,"[""current_delta_mean"", ""current_slope"", ""temperature_z_last"", ""temperature_delta_mean""]",vibration_slope,1,2,True,True,0.25,0.5,False,1.0,0.0
synthetic,overload_016_w300,3,4,overload,overload,4,"[""current_delta_mean"", ""current_slope"", ""temperature_z_last"", ""vibration_delta_mean""]",vibration_slope,2,3,True,True,0.5,0.75,False,1.0,0.0
synthetic,overload_034_w360,3,0,overload,overload,4,"[""current_delta_mean"", ""current_slope"", ""current_z_last"", ""vibration_z_last""]",vibration_slope,1,2,True,True,0.25,0.5,False,1.0,0.0
synthetic,overload_034_w360,3,1,overload,overload,4,"[""current_delta_mean"", ""current_slope"", ""current_z_last"", ""vibration_z_last""]",vibration_slope,1,2,True,True,0.25,0.5,False,1.0,0.0
synthetic,overload_034_w360,3,2,overload,overload,4,"[""current_delta_mean"", ""current_slope"", ""current_z_last"", ""vibration_z_last""]",vibration_slope,1,2,True,True,0.25,0.5,False,1.0,0.0
synthetic,overload_034_w360,3,3,overload,overload,4,"[""current_delta_mean"", ""current_slope"", ""current_z_last"", ""vibration_z_last""]",vibration_slope,1,2,True,True,0.25,0.5,False,1.0,0.0
synthetic,overload_034_w360,3,4,overload,overload,4,"[""current_delta_mean"", ""current_slope"", ""current_z_last"", ""vibration_z_last""]",vibration_slope,1,2,True,True,0.25,0.5,False,1.0,0.0
synthetic,overload_034_w420,3,0,overload,overload,4,"[""current_delta_mean"", ""current_slope"", ""temperature_delta_mean"", ""temperature_slope""]",vibration_delta_mean,1,2,True,True,0.25,0.5,False,1.0,0.0
synthetic,overload_034_w420,3,1,overload,overload,4,"[""current_delta_mean"", ""current_slope"", ""temperature_delta_mean"", ""temperature_slope""]",vibration_delta_mean,1,2,True,True,0.25,0.5,False,1.0,0.0
synthetic,overload_034_w420,3,2,overload,overload,4,"[""current_delta_mean"", ""current_slope"", ""temperature_delta_mean"", ""temperature_slope""]",vibration_delta_mean,1,2,True,True,0.25,0.5,False,1.0,0.0
synthetic,overload_034_w420,3,3,overload,overload,4,"[""current_delta_mean"", ""current_slope"", ""temperature_delta_mean"", ""temperature_slope""]",vibration_delta_mean,1,2,True,True,0.25,0.5,False,1.0,0.0
synthetic,overload_034_w420,3,4,overload,overload,4,"[""current_delta_mean"", ""current_slope"", ""temperature_delta_mean"", ""temperature_slope""]",vibration_delta_mean,1,2,True,True,0.25,0.5,False,1.0,0.0
synthetic,overload_035_w300,3,0,overload,overload,4,"[""current_delta_mean"", ""current_slope"", ""temperature_delta_mean"", ""vibration_z_last""]",vibration_slope,1,2,True,True,0.25,0.5,False,1.0,0.0
synthetic,overload_035_w300,3,1,overload,overload,4,"[""current_delta_mean"", ""current_slope"", ""temperature_delta_mean"", ""vibration_z_last""]",vibration_slope,1,2,True,True,0.25,0.5,False,1.0,0.0
synthetic,overload_035_w300,3,2,overload,overload,4,"[""current_delta_mean"", ""current_slope"", ""temperature_delta_mean"", ""vibration_z_last""]",vibration_slope,1,2,True,True,0.25,0.5,False,1.0,0.0
synthetic,overload_035_w300,3,3,overload,overload,4,"[""current_delta_mean"", ""current_slope"", ""temperature_delta_mean"", ""vibration_z_last""]",vibration_slope,1,2,True,True,0.25,0.5,False,1.0,0.0
synthetic,overload_035_w300,3,4,overload,overload,4,"[""current_delta_mean"", ""current_slope"", ""temperature_delta_mean"", ""vibration_z_last""]",vibration_slope,1,2,True,True,0.25,0.5,False,1.0,0.0
synthetic,overload_035_w360,3,0,overload,overload,4,"[""current_delta_mean"", ""current_z_last"", ""temperature_z_last"", ""current_slope""]",vibration_slope,1,2,True,True,0.25,0.5,False,1.0,0.0
synthetic,overload_035_w360,3,1,overload,overload,4,"[""current_delta_mean"", ""current_z_last"", ""temperature_z_last"", ""current_slope""]",vibration_slope,1,2,True,True,0.25,0.5,False,1.0,0.0
synthetic,overload_035_w360,3,2,overload,overload,4,"[""current_delta_mean"", ""current_z_last"", ""temperature_z_last"", ""current_slope""]",vibration_slope,1,2,True,True,0.25,0.5,False,1.0,0.0
synthetic,overload_035_w360,3,3,overload,overload,4,"[""current_delta_mean"", ""current_z_last"", ""temperature_z_last"", ""current_slope""]",vibration_slope,1,2,True,True,0.25,0.5,False,1.0,0.0
synthetic,overload_035_w360,3,4,overload,overload,3,"[""current_delta_mean"", ""current_z_last"", ""temperature_z_last""]",vibration_slope,0,1,False,True,0.0,0.3333333333333333,False,1.0,0.0
synthetic,overload_039_w420,3,0,overload,overload,4,"[""current_delta_mean"", ""current_slope"", ""temperature_delta_mean"", ""temperature_slope""]",vibration_slope,0,2,False,True,0.0,0.5,False,1.0,0.0
synthetic,overload_039_w420,3,1,overload,overload,4,"[""current_delta_mean"", ""current_slope"", ""temperature_delta_mean"", ""temperature_slope""]",vibration_slope,0,2,False,True,0.0,0.5,False,1.0,0.0
synthetic,overload_039_w420,3,2,overload,overload,4,"[""current_delta_mean"", ""current_slope"", ""temperature_delta_mean"", ""temperature_slope""]",vibration_slope,0,2,False,True,0.0,0.5,False,1.0,0.0
synthetic,overload_039_w420,3,3,overload,overload,4,"[""current_delta_mean"", ""current_slope"", ""temperature_delta_mean"", ""temperature_slope""]",vibration_slope,0,2,False,True,0.0,0.5,False,1.0,0.0
synthetic,overload_039_w420,3,4,overload,overload,4,"[""current_delta_mean"", ""current_slope"", ""temperature_delta_mean"", ""temperature_slope""]",vibration_slope,0,2,False,True,0.0,0.5,False,1.0,0.0
synthetic,overload_039_w480,3,0,overload,overload,4,"[""current_z_last"", ""current_delta_mean"", ""current_slope"", ""temperature_z_last""]",vibration_delta_mean,1,2,True,True,0.25,0.5,False,1.0,0.0
synthetic,overload_039_w480,3,1,overload,overload,4,"[""current_z_last"", ""current_delta_mean"", ""current_slope"", ""temperature_z_last""]",vibration_delta_mean,1,2,True,True,0.25,0.5,False,1.0,0.0
synthetic,overload_039_w480,3,2,overload,overload,4,"[""current_z_last"", ""current_delta_mean"", ""current_slope"", ""temperature_z_last""]",vibration_delta_mean,1,2,True,True,0.25,0.5,False,1.0,0.0
synthetic,overload_039_w480,3,3,overload,overload,4,"[""current_z_last"", ""current_delta_mean"", ""current_slope"", ""temperature_z_last""]",vibration_delta_mean,1,2,True,True,0.25,0.5,False,1.0,0.0
synthetic,overload_039_w480,3,4,overload,overload,4,"[""current_z_last"", ""current_delta_mean"", ""current_slope"", ""temperature_z_last""]",vibration_delta_mean,1,2,True,True,0.25,0.5,False,1.0,0.0
synthetic,overload_046_w300,3,0,overload,overload,4,"[""current_delta_mean"", ""current_slope"", ""current_z_last"", ""vibration_z_last""]",vibration_slope,1,3,True,True,0.25,0.75,False,1.0,0.0
synthetic,overload_046_w300,3,1,overload,overload,4,"[""current_delta_mean"", ""current_slope"", ""current_z_last"", ""vibration_z_last""]",vibration_slope,1,3,True,True,0.25,0.75,False,1.0,0.0
synthetic,overload_046_w300,3,2,overload,overload,4,"[""current_delta_mean"", ""current_slope"", ""current_z_last"", ""vibration_z_last""]",vibration_slope,1,3,True,True,0.25,0.75,False,1.0,0.0
synthetic,overload_046_w300,3,3,overload,overload,4,"[""current_delta_mean"", ""current_slope"", ""current_z_last"", ""vibration_z_last""]",vibration_slope,1,3,True,True,0.25,0.75,False,1.0,0.0
synthetic,overload_046_w300,3,4,overload,overload,4,"[""current_delta_mean"", ""current_slope"", ""current_z_last"", ""vibration_z_last""]",vibration_slope,1,3,True,True,0.25,0.75,False,1.0,0.0
synthetic,overload_046_w360,3,0,overload,overload,4,"[""current_delta_mean"", ""current_slope"", ""temperature_z_last"", ""current_z_last""]",vibration_slope,1,2,True,True,0.25,0.5,False,1.0,0.0
synthetic,overload_046_w360,3,1,overload,overload,3,"[""current_delta_mean"", ""current_slope"", ""temperature_z_last""]",vibration_slope,1,2,True,True,0.3333333333333333,0.6666666666666666,False,1.0,0.0
synthetic,overload_046_w360,3,2,overload,overload,4,"[""current_delta_mean"", ""current_slope"", ""temperature_z_last"", ""temperature_delta_mean""]",vibration_slope,1,3,True,True,0.25,0.75,False,1.0,0.0
synthetic,overload_046_w360,3,3,overload,overload,4,"[""current_delta_mean"", ""current_slope"", ""temperature_z_last"", ""current_z_last""]",vibration_slope,1,2,True,True,0.25,0.5,False,1.0,0.0
synthetic,overload_046_w360,3,4,overload,overload,4,"[""current_delta_mean"", ""current_slope"", ""temperature_z_last"", ""temperature_delta_mean""]",vibration_slope,1,3,True,True,0.25,0.75,False,1.0,0.0
synthetic,overload_046_w420,3,0,overload,overload,4,"[""current_delta_mean"", ""current_slope"", ""temperature_delta_mean"", ""temperature_slope""]",vibration_slope,1,2,True,True,0.25,0.5,False,1.0,0.0
synthetic,overload_046_w420,3,1,overload,overload,4,"[""current_delta_mean"", ""current_slope"", ""temperature_delta_mean"", ""temperature_slope""]",vibration_slope,1,2,True,True,0.25,0.5,False,1.0,0.0
synthetic,overload_046_w420,3,2,overload,overload,4,"[""current_delta_mean"", ""current_slope"", ""temperature_delta_mean"", ""temperature_slope""]",vibration_slope,1,2,True,True,0.25,0.5,False,1.0,0.0
synthetic,overload_046_w420,3,3,overload,overload,4,"[""current_delta_mean"", ""current_slope"", ""temperature_delta_mean"", ""temperature_slope""]",vibration_slope,1,2,True,True,0.25,0.5,False,1.0,0.0
synthetic,overload_046_w420,3,4,overload,overload,4,"[""current_delta_mean"", ""current_slope"", ""temperature_delta_mean"", ""temperature_slope""]",vibration_slope,1,2,True,True,0.25,0.5,False,1.0,0.0
synthetic,sensor_drift_005_w480,3,0,sensor_drift,sensor_drift,4,"[""current_delta_mean"", ""current_z_last"", ""current_slope"", ""temperature_slope""]",vibration_slope,1,2,True,True,0.25,0.5,False,1.0,0.0
synthetic,sensor_drift_005_w480,3,1,sensor_drift,sensor_drift,4,"[""current_delta_mean"", ""current_z_last"", ""current_slope"", ""temperature_slope""]",vibration_slope,1,2,True,True,0.25,0.5,False,1.0,0.0
synthetic,sensor_drift_005_w480,3,2,sensor_drift,sensor_drift,4,"[""current_delta_mean"", ""current_z_last"", ""current_slope"", ""temperature_slope""]",vibration_slope,1,2,True,True,0.25,0.5,False,1.0,0.0
synthetic,sensor_drift_005_w480,3,3,sensor_drift,sensor_drift,4,"[""current_delta_mean"", ""current_z_last"", ""current_slope"", ""temperature_slope""]",vibration_slope,1,2,True,True,0.25,0.5,False,1.0,0.0
synthetic,sensor_drift_005_w480,3,4,sensor_drift,sensor_drift,4,"[""current_delta_mean"", ""current_z_last"", ""current_slope"", ""temperature_slope""]",vibration_slope,1,2,True,True,0.25,0.5,False,1.0,0.0
synthetic,sensor_drift_024_w360,3,0,sensor_drift,sensor_drift,4,"[""current_delta_mean"", ""current_slope"", ""temperature_z_last"", ""vibration_delta_mean""]",vibration_slope,2,2,True,True,0.5,0.5,False,1.0,0.0
synthetic,sensor_drift_024_w360,3,1,sensor_drift,sensor_drift,4,"[""current_delta_mean"", ""current_slope"", ""temperature_z_last"", ""vibration_delta_mean""]",vibration_slope,2,2,True,True,0.5,0.5,False,1.0,0.0
synthetic,sensor_drift_024_w360,3,2,sensor_drift,sensor_drift,4,"[""current_delta_mean"", ""current_slope"", ""temperature_z_last"", ""vibration_delta_mean""]",vibration_slope,2,2,True,True,0.5,0.5,False,1.0,0.0
synthetic,sensor_drift_024_w360,3,3,sensor_drift,sensor_drift,4,"[""current_delta_mean"", ""current_slope"", ""temperature_z_last"", ""vibration_delta_mean""]",vibration_slope,2,2,True,True,0.5,0.5,False,1.0,0.0
synthetic,sensor_drift_024_w360,3,4,sensor_drift,sensor_drift,4,"[""current_delta_mean"", ""current_slope"", ""temperature_z_last"", ""vibration_delta_mean""]",vibration_slope,2,2,True,True,0.5,0.5,False,1.0,0.0
synthetic,sensor_drift_024_w480,3,0,sensor_drift,sensor_drift,4,"[""current_delta_mean"", ""current_z_last"", ""current_slope"", ""temperature_slope""]",vibration_slope,1,2,True,True,0.25,0.5,False,1.0,0.0
synthetic,sensor_drift_024_w480,3,1,sensor_drift,sensor_drift,4,"[""current_delta_mean"", ""current_z_last"", ""current_slope"", ""temperature_slope""]",vibration_slope,1,2,True,True,0.25,0.5,False,1.0,0.0
synthetic,sensor_drift_024_w480,3,2,sensor_drift,sensor_drift,4,"[""current_delta_mean"", ""current_z_last"", ""current_slope"", ""temperature_slope""]",vibration_slope,1,2,True,True,0.25,0.5,False,1.0,0.0
synthetic,sensor_drift_024_w480,3,3,sensor_drift,sensor_drift,4,"[""current_delta_mean"", ""current_z_last"", ""current_slope"", ""temperature_slope""]",vibration_slope,1,2,True,True,0.25,0.5,False,1.0,0.0
synthetic,sensor_drift_024_w480,3,4,sensor_drift,sensor_drift,4,"[""current_delta_mean"", ""current_z_last"", ""current_slope"", ""temperature_slope""]",vibration_slope,1,2,True,True,0.25,0.5,False,1.0,0.0
synthetic,sensor_drift_027_w300,3,0,sensor_drift,sensor_drift,4,"[""vibration_delta_mean"", ""vibration_slope"", ""vibration_z_last"", ""current_z_last""]",vibration_delta_mean,2,2,True,True,0.5,0.5,True,1.0,0.0
synthetic,sensor_drift_027_w300,3,1,sensor_drift,sensor_drift,4,"[""vibration_delta_mean"", ""vibration_slope"", ""vibration_z_last"", ""current_z_last""]",vibration_delta_mean,2,2,True,True,0.5,0.5,True,1.0,0.0
synthetic,sensor_drift_027_w300,3,2,sensor_drift,sensor_drift,4,"[""vibration_delta_mean"", ""vibration_slope"", ""vibration_z_last"", ""current_z_last""]",vibration_delta_mean,2,2,True,True,0.5,0.5,True,1.0,0.0
synthetic,sensor_drift_027_w300,3,3,sensor_drift,sensor_drift,4,"[""vibration_delta_mean"", ""vibration_slope"", ""vibration_z_last"", ""current_z_last""]",vibration_delta_mean,2,2,True,True,0.5,0.5,True,1.0,0.0
synthetic,sensor_drift_027_w300,3,4,sensor_drift,sensor_drift,4,"[""vibration_delta_mean"", ""vibration_slope"", ""vibration_z_last"", ""current_z_last""]",vibration_delta_mean,2,2,True,True,0.5,0.5,True,1.0,0.0
synthetic,sensor_drift_027_w360,3,0,sensor_drift,sensor_drift,4,"[""current_delta_mean"", ""current_slope"", ""temperature_z_last"", ""temperature_slope""]",vibration_slope,1,1,True,True,0.25,0.25,False,1.0,0.0
synthetic,sensor_drift_027_w360,3,1,sensor_drift,sensor_drift,4,"[""current_delta_mean"", ""current_slope"", ""temperature_z_last"", ""current_z_last""]",vibration_slope,1,2,True,True,0.25,0.5,False,1.0,0.0
synthetic,sensor_drift_027_w360,3,2,sensor_drift,sensor_drift,4,"[""current_delta_mean"", ""current_slope"", ""temperature_z_last"", ""current_z_last""]",vibration_slope,1,2,True,True,0.25,0.5,False,1.0,0.0
synthetic,sensor_drift_027_w360,3,3,sensor_drift,sensor_drift,4,"[""current_delta_mean"", ""current_slope"", ""temperature_z_last"", ""current_z_last""]",vibration_slope,1,2,True,True,0.25,0.5,False,1.0,0.0
synthetic,sensor_drift_027_w360,3,4,sensor_drift,sensor_drift,4,"[""current_delta_mean"", ""current_slope"", ""temperature_z_last"", ""vibration_slope""]",vibration_slope,2,2,True,True,0.5,0.5,True,1.0,0.0
synthetic,sensor_drift_029_w300,3,0,sensor_drift,sensor_drift,4,"[""current_z_last"", ""temperature_z_last"", ""vibration_z_last"", ""vibration_slope""]",vibration_slope,2,2,True,True,0.5,0.5,True,1.0,0.0
synthetic,sensor_drift_029_w300,3,1,sensor_drift,sensor_drift,4,"[""current_z_last"", ""temperature_z_last"", ""vibration_z_last"", ""vibration_slope""]",vibration_slope,2,2,True,True,0.5,0.5,True,1.0,0.0
synthetic,sensor_drift_029_w300,3,2,sensor_drift,sensor_drift,4,"[""current_z_last"", ""temperature_z_last"", ""vibration_z_last"", ""vibration_slope""]",vibration_slope,2,2,True,True,0.5,0.5,True,1.0,0.0
synthetic,sensor_drift_029_w300,3,3,sensor_drift,sensor_drift,4,"[""current_z_last"", ""temperature_z_last"", ""vibration_z_last"", ""vibration_slope""]",vibration_slope,2,2,True,True,0.5,0.5,True,1.0,0.0
synthetic,sensor_drift_029_w300,3,4,sensor_drift,sensor_drift,4,"[""current_z_last"", ""temperature_z_last"", ""vibration_z_last"", ""vibration_slope""]",vibration_slope,2,2,True,True,0.5,0.5,True,1.0,0.0
synthetic,sensor_drift_029_w420,3,0,sensor_drift,sensor_drift,4,"[""temperature_z_last"", ""temperature_delta_mean"", ""temperature_slope"", ""current_z_last""]",vibration_slope,0,2,False,True,0.0,0.5,False,1.0,0.0
synthetic,sensor_drift_029_w420,3,1,sensor_drift,sensor_drift,4,"[""temperature_z_last"", ""temperature_slope"", ""temperature_delta_mean"", ""current_z_last""]",vibration_slope,0,2,False,True,0.0,0.5,False,1.0,0.0
synthetic,sensor_drift_029_w420,3,2,sensor_drift,sensor_drift,4,"[""temperature_z_last"", ""temperature_delta_mean"", ""temperature_slope"", ""current_z_last""]",vibration_slope,0,2,False,True,0.0,0.5,False,1.0,0.0
synthetic,sensor_drift_029_w420,3,3,sensor_drift,sensor_drift,4,"[""temperature_z_last"", ""temperature_delta_mean"", ""temperature_slope"", ""current_z_last""]",vibration_slope,0,2,False,True,0.0,0.5,False,1.0,0.0
synthetic,sensor_drift_029_w420,3,4,sensor_drift,sensor_drift,4,"[""temperature_z_last"", ""temperature_delta_mean"", ""temperature_slope"", ""current_z_last""]",vibration_slope,0,2,False,True,0.0,0.5,False,1.0,0.0
synthetic,sensor_drift_029_w480,3,0,sensor_drift,sensor_drift,4,"[""current_delta_mean"", ""current_slope"", ""vibration_z_last"", ""temperature_z_last""]",vibration_slope,1,1,True,True,0.25,0.25,False,1.0,0.0
synthetic,sensor_drift_029_w480,3,1,sensor_drift,sensor_drift,4,"[""current_delta_mean"", ""current_slope"", ""vibration_z_last"", ""temperature_z_last""]",vibration_slope,1,1,True,True,0.25,0.25,False,1.0,0.0
synthetic,sensor_drift_029_w480,3,2,sensor_drift,sensor_drift,4,"[""current_delta_mean"", ""current_slope"", ""vibration_z_last"", ""temperature_z_last""]",vibration_slope,1,1,True,True,0.25,0.25,False,1.0,0.0
synthetic,sensor_drift_029_w480,3,3,sensor_drift,sensor_drift,4,"[""current_delta_mean"", ""current_slope"", ""vibration_z_last"", ""temperature_z_last""]",vibration_slope,1,1,True,True,0.25,0.25,False,1.0,0.0
synthetic,sensor_drift_029_w480,3,4,sensor_drift,sensor_drift,4,"[""current_delta_mean"", ""current_slope"", ""vibration_z_last"", ""temperature_z_last""]",vibration_slope,1,1,True,True,0.25,0.25,False,1.0,0.0
synthetic,sensor_drift_032_w360,3,0,sensor_drift,sensor_drift,4,"[""current_delta_mean"", ""current_slope"", ""temperature_z_last"", ""vibration_z_last""]",vibration_slope,1,1,True,True,0.25,0.25,False,1.0,0.0
synthetic,sensor_drift_032_w360,3,1,sensor_drift,sensor_drift,4,"[""current_delta_mean"", ""current_slope"", ""temperature_z_last"", ""vibration_z_last""]",vibration_slope,1,1,True,True,0.25,0.25,False,1.0,0.0
synthetic,sensor_drift_032_w360,3,2,sensor_drift,sensor_drift,4,"[""current_delta_mean"", ""current_slope"", ""temperature_z_last"", ""vibration_z_last""]",vibration_slope,1,1,True,True,0.25,0.25,False,1.0,0.0
synthetic,sensor_drift_032_w360,3,3,sensor_drift,sensor_drift,4,"[""current_delta_mean"", ""current_slope"", ""temperature_z_last"", ""vibration_z_last""]",vibration_slope,1,1,True,True,0.25,0.25,False,1.0,0.0
synthetic,sensor_drift_032_w360,3,4,sensor_drift,sensor_drift,4,"[""current_delta_mean"", ""current_slope"", ""temperature_z_last"", ""vibration_z_last""]",vibration_slope,1,1,True,True,0.25,0.25,False,1.0,0.0
synthetic,sensor_drift_038_w300,3,0,sensor_drift,sensor_drift,4,"[""current_z_last"", ""vibration_z_last"", ""temperature_z_last"", ""vibration_slope""]",vibration_slope,2,2,True,True,0.5,0.5,True,1.0,0.0
synthetic,sensor_drift_038_w300,3,1,sensor_drift,sensor_drift,4,"[""current_z_last"", ""vibration_z_last"", ""temperature_z_last"", ""vibration_slope""]",vibration_slope,2,2,True,True,0.5,0.5,True,1.0,0.0
synthetic,sensor_drift_038_w300,3,2,sensor_drift,sensor_drift,4,"[""vibration_z_last"", ""current_z_last"", ""temperature_z_last"", ""vibration_slope""]",vibration_slope,2,2,True,True,0.5,0.5,True,1.0,0.0
synthetic,sensor_drift_038_w300,3,3,sensor_drift,sensor_drift,4,"[""current_z_last"", ""vibration_z_last"", ""temperature_z_last"", ""vibration_slope""]",vibration_slope,2,2,True,True,0.5,0.5,True,1.0,0.0
synthetic,sensor_drift_038_w300,3,4,sensor_drift,sensor_drift,4,"[""current_z_last"", ""vibration_z_last"", ""temperature_z_last"", ""vibration_slope""]",vibration_slope,2,2,True,True,0.5,0.5,True,1.0,0.0
synthetic,sensor_drift_038_w420,3,0,sensor_drift,sensor_drift,4,"[""temperature_delta_mean"", ""temperature_slope"", ""temperature_z_last"", ""current_z_last""]",vibration_slope,0,2,False,True,0.0,0.5,False,1.0,0.0
synthetic,sensor_drift_038_w420,3,1,sensor_drift,sensor_drift,4,"[""temperature_delta_mean"", ""temperature_slope"", ""temperature_z_last"", ""current_z_last""]",vibration_slope,0,2,False,True,0.0,0.5,False,1.0,0.0
synthetic,sensor_drift_038_w420,3,2,sensor_drift,sensor_drift,4,"[""temperature_delta_mean"", ""temperature_slope"", ""temperature_z_last"", ""current_z_last""]",vibration_slope,0,2,False,True,0.0,0.5,False,1.0,0.0
synthetic,sensor_drift_038_w420,3,3,sensor_drift,sensor_drift,4,"[""temperature_delta_mean"", ""temperature_slope"", ""temperature_z_last"", ""current_z_last""]",vibration_slope,0,2,False,True,0.0,0.5,False,1.0,0.0
synthetic,sensor_drift_038_w420,3,4,sensor_drift,sensor_drift,4,"[""temperature_delta_mean"", ""temperature_slope"", ""temperature_z_last"", ""current_z_last""]",vibration_slope,0,2,False,True,0.0,0.5,False,1.0,0.0
synthetic,sensor_drift_038_w480,3,0,sensor_drift,sensor_drift,4,"[""current_delta_mean"", ""current_slope"", ""temperature_slope"", ""vibration_z_last""]",vibration_slope,1,1,True,True,0.25,0.25,False,1.0,0.0
synthetic,sensor_drift_038_w480,3,1,sensor_drift,sensor_drift,4,"[""current_delta_mean"", ""current_slope"", ""temperature_slope"", ""vibration_slope""]",vibration_slope,2,2,True,True,0.5,0.5,True,1.0,0.0
synthetic,sensor_drift_038_w480,3,2,sensor_drift,sensor_drift,4,"[""current_delta_mean"", ""current_slope"", ""temperature_slope"", ""vibration_z_last""]",vibration_slope,1,1,True,True,0.25,0.25,False,1.0,0.0
synthetic,sensor_drift_038_w480,3,3,sensor_drift,sensor_drift,4,"[""current_delta_mean"", ""current_slope"", ""temperature_slope"", ""vibration_slope""]",vibration_slope,2,2,True,True,0.5,0.5,True,1.0,0.0
synthetic,sensor_drift_038_w480,3,4,sensor_drift,sensor_drift,4,"[""current_delta_mean"", ""current_slope"", ""temperature_slope"", ""vibration_slope""]",vibration_slope,2,2,True,True,0.5,0.5,True,1.0,0.0
synthetic,sensor_drift_043_w360,3,0,sensor_drift,sensor_drift,4,"[""current_delta_mean"", ""current_slope"", ""current_z_last"", ""temperature_z_last""]",vibration_slope,1,2,True,True,0.25,0.5,False,1.0,0.0
synthetic,sensor_drift_043_w360,3,1,sensor_drift,sensor_drift,4,"[""current_delta_mean"", ""current_slope"", ""current_z_last"", ""temperature_z_last""]",vibration_slope,1,2,True,True,0.25,0.5,False,1.0,0.0
synthetic,sensor_drift_043_w360,3,2,sensor_drift,sensor_drift,4,"[""current_delta_mean"", ""current_slope"", ""current_z_last"", ""temperature_z_last""]",vibration_slope,1,2,True,True,0.25,0.5,False,1.0,0.0
synthetic,sensor_drift_043_w360,3,3,sensor_drift,sensor_drift,4,"[""current_delta_mean"", ""current_slope"", ""temperature_z_last"", ""vibration_z_last""]",vibration_slope,1,1,True,True,0.25,0.25,False,1.0,0.0
synthetic,sensor_drift_043_w360,3,4,sensor_drift,sensor_drift,4,"[""current_delta_mean"", ""current_slope"", ""current_z_last"", ""temperature_z_last""]",vibration_slope,1,2,True,True,0.25,0.5,False,1.0,0.0
synthetic,sensor_drift_044_w300,3,0,sensor_drift,sensor_drift,4,"[""current_z_last"", ""vibration_delta_mean"", ""vibration_slope"", ""temperature_z_last""]",vibration_slope,2,3,True,True,0.5,0.75,True,1.0,0.0
synthetic,sensor_drift_044_w300,3,1,sensor_drift,sensor_drift,4,"[""current_z_last"", ""vibration_delta_mean"", ""vibration_slope"", ""temperature_z_last""]",vibration_slope,2,3,True,True,0.5,0.75,True,1.0,0.0
synthetic,sensor_drift_044_w300,3,2,sensor_drift,sensor_drift,4,"[""current_z_last"", ""vibration_delta_mean"", ""vibration_slope"", ""temperature_z_last""]",vibration_slope,2,3,True,True,0.5,0.75,True,1.0,0.0
synthetic,sensor_drift_044_w300,3,3,sensor_drift,sensor_drift,4,"[""current_z_last"", ""vibration_delta_mean"", ""vibration_slope"", ""temperature_z_last""]",vibration_slope,2,3,True,True,0.5,0.75,True,1.0,0.0
synthetic,sensor_drift_044_w300,3,4,sensor_drift,sensor_drift,4,"[""current_z_last"", ""vibration_delta_mean"", ""vibration_slope"", ""temperature_z_last""]",vibration_slope,2,3,True,True,0.5,0.75,True,1.0,0.0
synthetic,sensor_drift_044_w360,3,0,sensor_drift,sensor_drift,4,"[""current_delta_mean"", ""current_slope"", ""current_z_last"", ""temperature_z_last""]",vibration_slope,1,2,True,True,0.25,0.5,False,1.0,0.0
synthetic,sensor_drift_044_w360,3,1,sensor_drift,sensor_drift,4,"[""current_delta_mean"", ""current_z_last"", ""current_slope"", ""temperature_z_last""]",vibration_slope,1,2,True,True,0.25,0.5,False,1.0,0.0
synthetic,sensor_drift_044_w360,3,2,sensor_drift,sensor_drift,4,"[""current_delta_mean"", ""current_z_last"", ""current_slope"", ""temperature_z_last""]",vibration_slope,1,2,True,True,0.25,0.5,False,1.0,0.0
synthetic,sensor_drift_044_w360,3,3,sensor_drift,sensor_drift,4,"[""current_delta_mean"", ""current_z_last"", ""current_slope"", ""temperature_z_last""]",vibration_slope,1,2,True,True,0.25,0.5,False,1.0,0.0
synthetic,sensor_drift_044_w360,3,4,sensor_drift,sensor_drift,4,"[""current_delta_mean"", ""current_z_last"", ""current_slope"", ""temperature_z_last""]",vibration_slope,1,2,True,True,0.25,0.5,False,1.0,0.0
synthetic,sensor_drift_044_w480,3,0,sensor_drift,sensor_drift,4,"[""current_delta_mean"", ""current_slope"", ""temperature_z_last"", ""vibration_z_last""]",vibration_delta_mean,1,2,True,True,0.25,0.5,False,0.75,0.25
synthetic,sensor_drift_044_w480,3,1,sensor_drift,sensor_drift,4,"[""current_delta_mean"", ""current_slope"", ""temperature_z_last"", ""vibration_z_last""]",vibration_delta_mean,1,2,True,True,0.25,0.5,False,0.75,0.25
synthetic,sensor_drift_044_w480,3,2,sensor_drift,sensor_drift,4,"[""current_delta_mean"", ""current_slope"", ""temperature_slope"", ""temperature_z_last""]",vibration_delta_mean,1,3,True,True,0.25,0.75,False,1.0,0.0
synthetic,sensor_drift_044_w480,3,3,sensor_drift,sensor_drift,4,"[""current_delta_mean"", ""current_slope"", ""temperature_z_last"", ""vibration_z_last""]",vibration_delta_mean,1,2,True,True,0.25,0.5,False,0.75,0.25
synthetic,sensor_drift_044_w480,3,4,sensor_drift,sensor_drift,4,"[""current_delta_mean"", ""current_slope"", ""temperature_z_last"", ""vibration_z_last""]",vibration_delta_mean,1,2,True,True,0.25,0.5,False,0.75,0.25
synthetic,sensor_drift_045_w300,3,0,sensor_drift,sensor_drift,4,"[""current_z_last"", ""vibration_z_last"", ""vibration_slope"", ""vibration_delta_mean""]",vibration_slope,3,3,True,True,0.75,0.75,True,1.0,0.0
synthetic,sensor_drift_045_w300,3,1,sensor_drift,sensor_drift,4,"[""current_z_last"", ""vibration_delta_mean"", ""vibration_z_last"", ""vibration_slope""]",vibration_slope,3,3,True,True,0.75,0.75,True,1.0,0.0
synthetic,sensor_drift_045_w300,3,2,sensor_drift,sensor_drift,4,"[""current_z_last"", ""vibration_delta_mean"", ""vibration_z_last"", ""vibration_slope""]",vibration_slope,3,3,True,True,0.75,0.75,True,1.0,0.0
synthetic,sensor_drift_045_w300,3,3,sensor_drift,sensor_drift,4,"[""current_z_last"", ""vibration_z_last"", ""vibration_delta_mean"", ""vibration_slope""]",vibration_slope,3,3,True,True,0.75,0.75,True,1.0,0.0
synthetic,sensor_drift_045_w300,3,4,sensor_drift,sensor_drift,4,"[""current_z_last"", ""vibration_delta_mean"", ""vibration_z_last"", ""current_delta_mean""]",vibration_slope,2,2,True,True,0.5,0.5,False,1.0,0.0
synthetic,sensor_drift_046_w420,3,0,sensor_drift,sensor_drift,4,"[""temperature_slope"", ""temperature_delta_mean"", ""vibration_z_last"", ""current_z_last""]",vibration_delta_mean,0,2,False,True,0.0,0.5,False,1.0,0.0
synthetic,sensor_drift_046_w420,3,1,sensor_drift,sensor_drift,4,"[""temperature_delta_mean"", ""temperature_slope"", ""vibration_z_last"", ""current_z_last""]",vibration_delta_mean,0,2,False,True,0.0,0.5,False,1.0,0.0
synthetic,sensor_drift_046_w420,3,2,sensor_drift,sensor_drift,4,"[""temperature_delta_mean"", ""temperature_slope"", ""vibration_z_last"", ""current_z_last""]",vibration_delta_mean,0,2,False,True,0.0,0.5,False,1.0,0.0
synthetic,sensor_drift_046_w420,3,3,sensor_drift,sensor_drift,4,"[""temperature_delta_mean"", ""temperature_slope"", ""vibration_z_last"", ""current_z_last""]",vibration_delta_mean,0,2,False,True,0.0,0.5,False,1.0,0.0
synthetic,sensor_drift_046_w420,3,4,sensor_drift,sensor_drift,4,"[""temperature_slope"", ""temperature_delta_mean"", ""vibration_z_last"", ""current_z_last""]",vibration_delta_mean,0,2,False,True,0.0,0.5,False,1.0,0.0
synthetic,sensor_drift_046_w480,3,0,sensor_drift,sensor_drift,4,"[""current_delta_mean"", ""current_slope"", ""current_z_last"", ""temperature_slope""]",vibration_slope,1,2,True,True,0.25,0.5,False,1.0,0.0
synthetic,sensor_drift_046_w480,3,1,sensor_drift,sensor_drift,4,"[""current_delta_mean"", ""current_z_last"", ""current_slope"", ""temperature_slope""]",vibration_slope,1,2,True,True,0.25,0.5,False,1.0,0.0
synthetic,sensor_drift_046_w480,3,2,sensor_drift,sensor_drift,4,"[""current_delta_mean"", ""current_z_last"", ""current_slope"", ""temperature_slope""]",vibration_slope,1,2,True,True,0.25,0.5,False,1.0,0.0
synthetic,sensor_drift_046_w480,3,3,sensor_drift,sensor_drift,4,"[""current_delta_mean"", ""current_z_last"", ""current_slope"", ""temperature_slope""]",vibration_slope,1,2,True,True,0.25,0.5,False,1.0,0.0
synthetic,sensor_drift_046_w480,3,4,sensor_drift,sensor_drift,4,"[""current_delta_mean"", ""current_slope"", ""current_z_last"", ""temperature_slope""]",vibration_slope,1,2,True,True,0.25,0.5,False,1.0,0.0
synthetic,sensor_drift_047_w360,3,0,sensor_drift,sensor_drift,4,"[""current_delta_mean"", ""current_slope"", ""temperature_z_last"", ""vibration_z_last""]",vibration_slope,0,1,False,True,0.0,0.25,False,1.0,0.0
synthetic,sensor_drift_047_w360,3,1,sensor_drift,sensor_drift,4,"[""current_delta_mean"", ""current_slope"", ""temperature_z_last"", ""vibration_z_last""]",vibration_slope,0,1,False,True,0.0,0.25,False,1.0,0.0
synthetic,sensor_drift_047_w360,3,2,sensor_drift,sensor_drift,4,"[""current_delta_mean"", ""current_slope"", ""temperature_z_last"", ""vibration_z_last""]",vibration_slope,0,1,False,True,0.0,0.25,False,1.0,0.0
synthetic,sensor_drift_047_w360,3,3,sensor_drift,sensor_drift,4,"[""current_delta_mean"", ""current_slope"", ""temperature_z_last"", ""vibration_z_last""]",vibration_slope,0,1,False,True,0.0,0.25,False,1.0,0.0
synthetic,sensor_drift_047_w360,3,4,sensor_drift,sensor_drift,4,"[""current_delta_mean"", ""current_slope"", ""temperature_z_last"", ""vibration_z_last""]",vibration_slope,0,1,False,True,0.0,0.25,False,1.0,0.0
synthetic,overvoltage_004_w360,3,0,overvoltage,overvoltage,4,"[""current_z_last"", ""temperature_delta_mean"", ""temperature_slope"", ""temperature_z_last""]",current_z_last,1,1,True,True,0.25,0.25,True,1.0,0.0
synthetic,overvoltage_004_w360,3,1,overvoltage,overvoltage,3,"[""current_z_last"", ""temperature_delta_mean"", ""temperature_slope""]",current_z_last,1,1,True,True,0.3333333333333333,0.3333333333333333,True,1.0,0.0
synthetic,overvoltage_004_w360,3,2,overvoltage,overvoltage,4,"[""current_z_last"", ""temperature_delta_mean"", ""temperature_slope"", ""temperature_z_last""]",current_z_last,1,1,True,True,0.25,0.25,True,1.0,0.0
synthetic,overvoltage_004_w360,3,3,overvoltage,overvoltage,4,"[""current_z_last"", ""temperature_delta_mean"", ""temperature_slope"", ""temperature_z_last""]",current_z_last,1,1,True,True,0.25,0.25,True,1.0,0.0
synthetic,overvoltage_004_w360,3,4,overvoltage,overvoltage,4,"[""current_z_last"", ""temperature_delta_mean"", ""temperature_slope"", ""temperature_z_last""]",current_z_last,1,1,True,True,0.25,0.25,True,1.0,0.0
synthetic,overvoltage_004_w480,3,0,overvoltage,overvoltage,3,"[""current_z_last"", ""temperature_z_last"", ""vibration_z_last""]",vibration_slope,1,1,True,True,0.3333333333333333,0.3333333333333333,False,0.6666666666666666,0.3333333333333333
synthetic,overvoltage_004_w480,3,1,overvoltage,overvoltage,3,"[""current_z_last"", ""temperature_z_last"", ""vibration_z_last""]",vibration_slope,1,1,True,True,0.3333333333333333,0.3333333333333333,False,0.6666666666666666,0.3333333333333333
synthetic,overvoltage_004_w480,3,2,overvoltage,overvoltage,3,"[""current_z_last"", ""temperature_z_last"", ""vibration_z_last""]",vibration_slope,1,1,True,True,0.3333333333333333,0.3333333333333333,False,0.6666666666666666,0.3333333333333333
synthetic,overvoltage_004_w480,3,3,overvoltage,overvoltage,3,"[""current_z_last"", ""temperature_z_last"", ""vibration_z_last""]",vibration_slope,1,1,True,True,0.3333333333333333,0.3333333333333333,False,0.6666666666666666,0.3333333333333333
synthetic,overvoltage_004_w480,3,4,overvoltage,overvoltage,3,"[""current_z_last"", ""temperature_z_last"", ""vibration_z_last""]",vibration_slope,1,1,True,True,0.3333333333333333,0.3333333333333333,False,0.6666666666666666,0.3333333333333333
synthetic,overvoltage_006_w360,3,0,overvoltage,overvoltage,3,"[""current_z_last"", ""temperature_delta_mean"", ""vibration_z_last""]",vibration_slope,1,1,True,True,0.3333333333333333,0.3333333333333333,False,1.0,0.0
synthetic,overvoltage_006_w360,3,1,overvoltage,overvoltage,4,"[""current_z_last"", ""temperature_delta_mean"", ""temperature_slope"", ""vibration_z_last""]",vibration_slope,1,1,True,True,0.25,0.25,False,1.0,0.0
synthetic,overvoltage_006_w360,3,2,overvoltage,overvoltage,4,"[""current_z_last"", ""temperature_delta_mean"", ""temperature_z_last"", ""vibration_z_last""]",vibration_slope,1,1,True,True,0.25,0.25,False,1.0,0.0
synthetic,overvoltage_006_w360,3,3,overvoltage,overvoltage,4,"[""current_z_last"", ""temperature_delta_mean"", ""temperature_slope"", ""vibration_z_last""]",vibration_slope,1,1,True,True,0.25,0.25,False,1.0,0.0
synthetic,overvoltage_006_w360,3,4,overvoltage,overvoltage,4,"[""current_z_last"", ""temperature_delta_mean"", ""temperature_slope"", ""vibration_z_last""]",vibration_slope,1,1,True,True,0.25,0.25,False,1.0,0.0
synthetic,overvoltage_007_w360,3,0,overvoltage,overvoltage,3,"[""current_z_last"", ""temperature_z_last"", ""temperature_slope""]",vibration_slope,1,1,True,True,0.3333333333333333,0.3333333333333333,False,1.0,0.0
synthetic,overvoltage_007_w360,3,1,overvoltage,overvoltage,3,"[""current_z_last"", ""temperature_z_last"", ""temperature_delta_mean""]",vibration_slope,1,1,True,True,0.3333333333333333,0.3333333333333333,False,1.0,0.0
synthetic,overvoltage_007_w360,3,2,overvoltage,overvoltage,3,"[""current_z_last"", ""temperature_z_last"", ""temperature_slope""]",vibration_slope,1,1,True,True,0.3333333333333333,0.3333333333333333,False,1.0,0.0
synthetic,overvoltage_007_w360,3,3,overvoltage,overvoltage,3,"[""current_z_last"", ""temperature_z_last"", ""temperature_slope""]",vibration_slope,1,1,True,True,0.3333333333333333,0.3333333333333333,False,1.0,0.0
synthetic,overvoltage_007_w360,3,4,overvoltage,overvoltage,4,"[""current_z_last"", ""temperature_z_last"", ""temperature_slope"", ""vibration_z_last""]",vibration_slope,1,1,True,True,0.25,0.25,False,1.0,0.0
synthetic,overvoltage_007_w420,3,0,overvoltage,overvoltage,4,"[""current_delta_mean"", ""current_slope"", ""temperature_delta_mean"", ""temperature_slope""]",current_slope,1,3,True,True,0.25,0.75,True,1.0,0.0
synthetic,overvoltage_007_w420,3,1,overvoltage,overvoltage,4,"[""current_delta_mean"", ""current_slope"", ""temperature_delta_mean"", ""temperature_slope""]",current_slope,1,3,True,True,0.25,0.75,True,1.0,0.0
synthetic,overvoltage_007_w420,3,2,overvoltage,overvoltage,4,"[""current_delta_mean"", ""current_slope"", ""temperature_delta_mean"", ""temperature_slope""]",current_slope,1,3,True,True,0.25,0.75,True,1.0,0.0
synthetic,overvoltage_007_w420,3,3,overvoltage,overvoltage,4,"[""current_delta_mean"", ""current_slope"", ""temperature_delta_mean"", ""temperature_slope""]",current_slope,1,3,True,True,0.25,0.75,True,1.0,0.0
synthetic,overvoltage_007_w420,3,4,overvoltage,overvoltage,4,"[""current_delta_mean"", ""current_slope"", ""temperature_delta_mean"", ""temperature_slope""]",current_slope,1,3,True,True,0.25,0.75,True,1.0,0.0
synthetic,overvoltage_008_w300,3,0,overvoltage,overvoltage,4,"[""current_delta_mean"", ""current_slope"", ""temperature_slope"", ""temperature_z_last""]",vibration_slope,1,3,True,True,0.25,0.75,False,1.0,0.0
synthetic,overvoltage_008_w300,3,1,overvoltage,overvoltage,4,"[""current_delta_mean"", ""current_slope"", ""temperature_slope"", ""temperature_z_last""]",vibration_slope,1,3,True,True,0.25,0.75,False,1.0,0.0
synthetic,overvoltage_008_w300,3,2,overvoltage,overvoltage,4,"[""current_delta_mean"", ""current_slope"", ""temperature_slope"", ""temperature_z_last""]",vibration_slope,1,3,True,True,0.25,0.75,False,1.0,0.0
synthetic,overvoltage_008_w300,3,3,overvoltage,overvoltage,4,"[""current_delta_mean"", ""current_slope"", ""temperature_slope"", ""temperature_z_last""]",vibration_slope,1,3,True,True,0.25,0.75,False,1.0,0.0
synthetic,overvoltage_008_w300,3,4,overvoltage,overvoltage,4,"[""current_delta_mean"", ""current_slope"", ""temperature_slope"", ""temperature_z_last""]",vibration_slope,1,3,True,True,0.25,0.75,False,1.0,0.0
synthetic,overvoltage_008_w480,3,0,overvoltage,overvoltage,4,"[""current_z_last"", ""temperature_z_last"", ""vibration_z_last"", ""current_delta_mean""]",vibration_slope,1,2,True,True,0.25,0.5,False,0.75,0.25
synthetic,overvoltage_008_w480,3,1,overvoltage,overvoltage,4,"[""current_z_last"", ""temperature_z_last"", ""vibration_z_last"", ""current_delta_mean""]",vibration_slope,1,2,True,True,0.25,0.5,False,1.0,0.0
synthetic,overvoltage_008_w480,3,2,overvoltage,overvoltage,4,"[""current_z_last"", ""temperature_z_last"", ""vibration_z_last"", ""current_delta_mean""]",vibration_slope,1,2,True,True,0.25,0.5,False,0.75,0.25
synthetic,overvoltage_008_w480,3,3,overvoltage,overvoltage,3,"[""current_z_last"", ""temperature_z_last"", ""vibration_z_last""]",vibration_slope,1,1,True,True,0.3333333333333333,0.3333333333333333,False,1.0,0.0
synthetic,overvoltage_008_w480,3,4,overvoltage,overvoltage,4,"[""current_z_last"", ""temperature_z_last"", ""vibration_z_last"", ""current_delta_mean""]",vibration_slope,1,2,True,True,0.25,0.5,False,1.0,0.0
synthetic,overvoltage_011_w360,3,0,overvoltage,overvoltage,4,"[""current_z_last"", ""temperature_delta_mean"", ""temperature_slope"", ""vibration_z_last""]",vibration_slope,1,1,True,True,0.25,0.25,False,1.0,0.0
synthetic,overvoltage_011_w360,3,1,overvoltage,overvoltage,4,"[""current_z_last"", ""temperature_delta_mean"", ""temperature_slope"", ""vibration_z_last""]",vibration_slope,1,1,True,True,0.25,0.25,False,1.0,0.0
synthetic,overvoltage_011_w360,3,2,overvoltage,overvoltage,4,"[""current_z_last"", ""temperature_delta_mean"", ""temperature_slope"", ""vibration_z_last""]",vibration_slope,1,1,True,True,0.25,0.25,False,1.0,0.0
synthetic,overvoltage_011_w360,3,3,overvoltage,overvoltage,4,"[""current_z_last"", ""temperature_delta_mean"", ""temperature_slope"", ""vibration_z_last""]",vibration_slope,1,1,True,True,0.25,0.25,False,1.0,0.0
synthetic,overvoltage_011_w360,3,4,overvoltage,overvoltage,4,"[""current_z_last"", ""temperature_delta_mean"", ""temperature_slope"", ""vibration_z_last""]",vibration_slope,1,1,True,True,0.25,0.25,False,1.0,0.0
synthetic,overvoltage_011_w420,3,0,overvoltage,overvoltage,4,"[""current_delta_mean"", ""current_slope"", ""temperature_delta_mean"", ""temperature_slope""]",vibration_slope,1,3,True,True,0.25,0.75,False,1.0,0.0
synthetic,overvoltage_011_w420,3,1,overvoltage,overvoltage,4,"[""current_delta_mean"", ""current_slope"", ""temperature_delta_mean"", ""temperature_slope""]",vibration_slope,1,3,True,True,0.25,0.75,False,1.0,0.0
synthetic,overvoltage_011_w420,3,2,overvoltage,overvoltage,4,"[""current_delta_mean"", ""current_slope"", ""temperature_delta_mean"", ""temperature_slope""]",vibration_slope,1,3,True,True,0.25,0.75,False,1.0,0.0
synthetic,overvoltage_011_w420,3,3,overvoltage,overvoltage,4,"[""current_delta_mean"", ""current_slope"", ""temperature_delta_mean"", ""temperature_slope""]",vibration_slope,1,3,True,True,0.25,0.75,False,1.0,0.0
synthetic,overvoltage_011_w420,3,4,overvoltage,overvoltage,4,"[""current_delta_mean"", ""current_slope"", ""temperature_delta_mean"", ""temperature_slope""]",vibration_slope,1,3,True,True,0.25,0.75,False,1.0,0.0
synthetic,overvoltage_011_w480,3,0,overvoltage,overvoltage,4,"[""current_z_last"", ""temperature_z_last"", ""vibration_z_last"", ""current_delta_mean""]",vibration_slope,1,2,True,True,0.25,0.5,False,1.0,0.0
synthetic,overvoltage_011_w480,3,1,overvoltage,overvoltage,4,"[""current_z_last"", ""temperature_z_last"", ""vibration_z_last"", ""current_delta_mean""]",vibration_slope,1,2,True,True,0.25,0.5,False,1.0,0.0
synthetic,overvoltage_011_w480,3,2,overvoltage,overvoltage,4,"[""current_z_last"", ""temperature_z_last"", ""vibration_z_last"", ""current_delta_mean""]",vibration_slope,1,2,True,True,0.25,0.5,False,1.0,0.0
synthetic,overvoltage_011_w480,3,3,overvoltage,overvoltage,4,"[""current_z_last"", ""temperature_z_last"", ""vibration_z_last"", ""current_delta_mean""]",vibration_slope,1,2,True,True,0.25,0.5,False,1.0,0.0
synthetic,overvoltage_011_w480,3,4,sensor_drift,overvoltage,4,"[""current_z_last"", ""temperature_z_last"", ""vibration_z_last"", ""current_delta_mean""]",vibration_slope,1,2,True,True,0.25,0.5,False,1.0,0.0
synthetic,overvoltage_022_w300,3,0,overvoltage,overvoltage,3,"[""current_delta_mean"", ""current_slope"", ""temperature_z_last""]",current_slope,2,2,True,True,0.6666666666666666,0.6666666666666666,True,1.0,0.0
synthetic,overvoltage_022_w300,3,1,overvoltage,overvoltage,4,"[""current_delta_mean"", ""current_slope"", ""temperature_z_last"", ""vibration_z_last""]",current_slope,2,2,True,True,0.5,0.5,True,1.0,0.0
synthetic,overvoltage_022_w300,3,2,overvoltage,overvoltage,4,"[""current_delta_mean"", ""current_slope"", ""temperature_z_last"", ""vibration_z_last""]",current_slope,2,2,True,True,0.5,0.5,True,1.0,0.0
synthetic,overvoltage_022_w300,3,3,overvoltage,overvoltage,3,"[""current_delta_mean"", ""current_slope"", ""temperature_z_last""]",current_slope,2,2,True,True,0.6666666666666666,0.6666666666666666,True,1.0,0.0
synthetic,overvoltage_022_w300,3,4,overvoltage,overvoltage,4,"[""current_delta_mean"", ""current_slope"", ""temperature_z_last"", ""vibration_z_last""]",current_slope,2,2,True,True,0.5,0.5,True,1.0,0.0
synthetic,overvoltage_027_w300,3,0,overvoltage,overvoltage,4,"[""current_delta_mean"", ""current_slope"", ""temperature_z_last"", ""temperature_slope""]",vibration_slope,1,2,True,True,0.25,0.5,False,1.0,0.0
synthetic,overvoltage_027_w300,3,1,overvoltage,overvoltage,4,"[""current_delta_mean"", ""current_slope"", ""temperature_z_last"", ""temperature_slope""]",vibration_slope,1,2,True,True,0.25,0.5,False,1.0,0.0
synthetic,overvoltage_027_w300,3,2,overvoltage,overvoltage,4,"[""current_delta_mean"", ""current_slope"", ""temperature_z_last"", ""temperature_slope""]",vibration_slope,1,2,True,True,0.25,0.5,False,1.0,0.0
synthetic,overvoltage_027_w300,3,3,overvoltage,overvoltage,4,"[""current_delta_mean"", ""current_slope"", ""temperature_z_last"", ""temperature_slope""]",vibration_slope,1,2,True,True,0.25,0.5,False,1.0,0.0
synthetic,overvoltage_027_w300,3,4,overvoltage,overvoltage,4,"[""current_delta_mean"", ""current_slope"", ""temperature_z_last"", ""temperature_slope""]",vibration_slope,1,2,True,True,0.25,0.5,False,1.0,0.0
synthetic,overvoltage_032_w480,3,0,overvoltage,overvoltage,3,"[""current_z_last"", ""temperature_z_last"", ""vibration_z_last""]",current_z_last,1,1,True,True,0.3333333333333333,0.3333333333333333,True,0.3333333333333333,0.6666666666666666
synthetic,overvoltage_032_w480,3,1,overvoltage,overvoltage,3,"[""current_z_last"", ""temperature_z_last"", ""vibration_z_last""]",current_z_last,1,1,True,True,0.3333333333333333,0.3333333333333333,True,0.3333333333333333,0.6666666666666666
synthetic,overvoltage_032_w480,3,2,overvoltage,overvoltage,3,"[""current_z_last"", ""vibration_z_last"", ""temperature_z_last""]",current_z_last,1,1,True,True,0.3333333333333333,0.3333333333333333,True,0.3333333333333333,0.6666666666666666
synthetic,overvoltage_032_w480,3,3,overvoltage,overvoltage,3,"[""current_z_last"", ""temperature_z_last"", ""vibration_z_last""]",current_z_last,1,1,True,True,0.3333333333333333,0.3333333333333333,True,0.3333333333333333,0.6666666666666666
synthetic,overvoltage_032_w480,3,4,overvoltage,overvoltage,3,"[""current_z_last"", ""temperature_z_last"", ""vibration_z_last""]",current_z_last,1,1,True,True,0.3333333333333333,0.3333333333333333,True,0.3333333333333333,0.6666666666666666
synthetic,overvoltage_033_w480,3,0,overvoltage,overvoltage,3,"[""current_z_last"", ""temperature_z_last"", ""vibration_delta_mean""]",vibration_slope,2,2,True,True,0.6666666666666666,0.6666666666666666,False,1.0,0.0
synthetic,overvoltage_033_w480,3,1,overvoltage,overvoltage,4,"[""current_z_last"", ""temperature_z_last"", ""current_delta_mean"", ""vibration_z_last""]",vibration_slope,1,2,True,True,0.25,0.5,False,1.0,0.0
synthetic,overvoltage_033_w480,3,2,overvoltage,overvoltage,4,"[""temperature_z_last"", ""current_z_last"", ""vibration_z_last"", ""temperature_delta_mean""]",vibration_slope,1,1,True,True,0.25,0.25,False,1.0,0.0
synthetic,overvoltage_033_w480,3,3,overvoltage,overvoltage,4,"[""current_z_last"", ""temperature_z_last"", ""current_delta_mean"", ""vibration_delta_mean""]",vibration_slope,2,3,True,True,0.5,0.75,False,1.0,0.0
synthetic,overvoltage_033_w480,3,4,overvoltage,overvoltage,4,"[""temperature_z_last"", ""current_z_last"", ""vibration_z_last"", ""temperature_delta_mean""]",vibration_slope,1,1,True,True,0.25,0.25,False,1.0,0.0
synthetic,overvoltage_038_w300,3,0,overvoltage,overvoltage,4,"[""current_delta_mean"", ""current_slope"", ""temperature_z_last"", ""temperature_slope""]",current_slope,2,2,True,True,0.5,0.5,True,1.0,0.0
synthetic,overvoltage_038_w300,3,1,overvoltage,overvoltage,4,"[""current_delta_mean"", ""current_slope"", ""temperature_z_last"", ""temperature_slope""]",current_slope,2,2,True,True,0.5,0.5,True,1.0,0.0
synthetic,overvoltage_038_w300,3,2,overvoltage,overvoltage,4,"[""current_delta_mean"", ""current_slope"", ""temperature_z_last"", ""temperature_slope""]",current_slope,2,2,True,True,0.5,0.5,True,1.0,0.0
synthetic,overvoltage_038_w300,3,3,overvoltage,overvoltage,4,"[""current_delta_mean"", ""current_slope"", ""temperature_z_last"", ""temperature_slope""]",current_slope,2,2,True,True,0.5,0.5,True,1.0,0.0
synthetic,overvoltage_038_w300,3,4,overvoltage,overvoltage,4,"[""current_delta_mean"", ""current_slope"", ""temperature_z_last"", ""temperature_slope""]",current_slope,2,2,True,True,0.5,0.5,True,1.0,0.0
synthetic,overvoltage_038_w360,3,0,overvoltage,overvoltage,4,"[""current_z_last"", ""temperature_z_last"", ""temperature_delta_mean"", ""temperature_slope""]",current_z_last,1,1,True,True,0.25,0.25,True,1.0,0.0
synthetic,overvoltage_038_w360,3,1,overvoltage,overvoltage,4,"[""current_z_last"", ""temperature_z_last"", ""temperature_delta_mean"", ""temperature_slope""]",current_z_last,1,1,True,True,0.25,0.25,True,1.0,0.0
synthetic,overvoltage_038_w360,3,2,overvoltage,overvoltage,3,"[""current_z_last"", ""temperature_delta_mean"", ""temperature_slope""]",current_z_last,1,1,True,True,0.3333333333333333,0.3333333333333333,True,1.0,0.0
synthetic,overvoltage_038_w360,3,3,overvoltage,overvoltage,4,"[""current_z_last"", ""temperature_delta_mean"", ""temperature_z_last"", ""temperature_slope""]",current_z_last,1,1,True,True,0.25,0.25,True,1.0,0.0
synthetic,overvoltage_038_w360,3,4,overvoltage,overvoltage,4,"[""current_z_last"", ""temperature_z_last"", ""temperature_delta_mean"", ""temperature_slope""]",current_z_last,1,1,True,True,0.25,0.25,True,1.0,0.0
synthetic,overvoltage_038_w480,3,0,overvoltage,overvoltage,3,"[""current_z_last"", ""vibration_z_last"", ""temperature_z_last""]",vibration_delta_mean,1,1,True,True,0.3333333333333333,0.3333333333333333,False,0.6666666666666666,0.3333333333333333
synthetic,overvoltage_038_w480,3,1,overvoltage,overvoltage,3,"[""current_z_last"", ""vibration_z_last"", ""temperature_z_last""]",vibration_delta_mean,1,1,True,True,0.3333333333333333,0.3333333333333333,False,0.6666666666666666,0.3333333333333333
synthetic,overvoltage_038_w480,3,2,overvoltage,overvoltage,4,"[""current_z_last"", ""vibration_z_last"", ""temperature_z_last"", ""current_delta_mean""]",vibration_delta_mean,1,2,True,True,0.25,0.5,False,1.0,0.0
synthetic,overvoltage_038_w480,3,3,overvoltage,overvoltage,4,"[""current_z_last"", ""vibration_z_last"", ""temperature_z_last"", ""current_delta_mean""]",vibration_delta_mean,1,2,True,True,0.25,0.5,False,1.0,0.0
synthetic,overvoltage_038_w480,3,4,overvoltage,overvoltage,3,"[""current_z_last"", ""vibration_z_last"", ""temperature_z_last""]",vibration_delta_mean,1,1,True,True,0.3333333333333333,0.3333333333333333,False,0.6666666666666666,0.3333333333333333
synthetic,overvoltage_040_w420,3,0,overvoltage,overvoltage,4,"[""current_delta_mean"", ""current_slope"", ""temperature_delta_mean"", ""temperature_slope""]",vibration_slope,1,3,True,True,0.25,0.75,False,1.0,0.0
synthetic,overvoltage_040_w420,3,1,overvoltage,overvoltage,4,"[""current_delta_mean"", ""current_slope"", ""temperature_delta_mean"", ""temperature_slope""]",vibration_slope,1,3,True,True,0.25,0.75,False,1.0,0.0
synthetic,overvoltage_040_w420,3,2,overvoltage,overvoltage,4,"[""current_delta_mean"", ""current_slope"", ""temperature_delta_mean"", ""temperature_slope""]",vibration_slope,1,3,True,True,0.25,0.75,False,1.0,0.0
synthetic,overvoltage_040_w420,3,3,overvoltage,overvoltage,4,"[""current_delta_mean"", ""current_slope"", ""temperature_delta_mean"", ""temperature_slope""]",vibration_slope,1,3,True,True,0.25,0.75,False,1.0,0.0
synthetic,overvoltage_040_w420,3,4,overvoltage,overvoltage,4,"[""current_delta_mean"", ""current_slope"", ""temperature_delta_mean"", ""temperature_slope""]",vibration_slope,1,3,True,True,0.25,0.75,False,1.0,0.0
synthetic,overvoltage_040_w480,3,0,overvoltage,overvoltage,3,"[""current_z_last"", ""vibration_z_last"", ""current_delta_mean""]",vibration_slope,1,2,True,True,0.3333333333333333,0.6666666666666666,False,1.0,0.0
synthetic,overvoltage_040_w480,3,1,overvoltage,overvoltage,4,"[""current_z_last"", ""vibration_z_last"", ""current_delta_mean"", ""temperature_z_last""]",vibration_slope,1,2,True,True,0.25,0.5,False,1.0,0.0
synthetic,overvoltage_040_w480,3,2,overvoltage,overvoltage,4,"[""current_z_last"", ""vibration_z_last"", ""current_delta_mean"", ""temperature_z_last""]",vibration_slope,1,2,True,True,0.25,0.5,False,1.0,0.0
synthetic,overvoltage_040_w480,3,3,overvoltage,overvoltage,3,"[""current_z_last"", ""vibration_z_last"", ""current_delta_mean""]",vibration_slope,1,2,True,True,0.3333333333333333,0.6666666666666666,False,1.0,0.0
synthetic,overvoltage_040_w480,3,4,overvoltage,overvoltage,4,"[""current_z_last"", ""vibration_z_last"", ""current_delta_mean"", ""temperature_z_last""]",vibration_slope,1,2,True,True,0.25,0.5,False,1.0,0.0
synthetic,overvoltage_041_w480,3,0,overvoltage,overvoltage,4,"[""current_z_last"", ""vibration_z_last"", ""vibration_delta_mean"", ""temperature_z_last""]",vibration_slope,2,2,True,True,0.5,0.5,False,1.0,0.0
synthetic,overvoltage_041_w480,3,1,overvoltage,overvoltage,4,"[""current_z_last"", ""vibration_delta_mean"", ""vibration_slope"", ""vibration_z_last""]",vibration_slope,3,3,True,True,0.75,0.75,True,0.25,0.75
synthetic,overvoltage_041_w480,3,2,overvoltage,overvoltage,3,"[""current_z_last"", ""vibration_z_last"", ""vibration_delta_mean""]",vibration_slope,2,2,True,True,0.6666666666666666,0.6666666666666666,False,1.0,0.0
synthetic,overvoltage_041_w480,3,3,overvoltage,overvoltage,3,"[""current_z_last"", ""vibration_z_last"", ""current_delta_mean""]",vibration_slope,1,2,True,True,0.3333333333333333,0.6666666666666666,False,1.0,0.0
synthetic,overvoltage_041_w480,3,4,overvoltage,overvoltage,4,"[""current_z_last"", ""vibration_delta_mean"", ""vibration_slope"", ""temperature_z_last""]",vibration_slope,3,3,True,True,0.75,0.75,True,0.5,0.5
synthetic,overvoltage_049_w480,3,0,overvoltage,overvoltage,4,"[""current_z_last"", ""temperature_z_last"", ""vibration_z_last"", ""current_delta_mean""]",vibration_slope,1,2,True,True,0.25,0.5,False,1.0,0.0
synthetic,overvoltage_049_w480,3,1,overvoltage,overvoltage,3,"[""current_z_last"", ""temperature_z_last"", ""vibration_z_last""]",vibration_slope,1,1,True,True,0.3333333333333333,0.3333333333333333,False,1.0,0.0
synthetic,overvoltage_049_w480,3,2,overvoltage,overvoltage,3,"[""current_z_last"", ""temperature_z_last"", ""vibration_z_last""]",vibration_slope,1,1,True,True,0.3333333333333333,0.3333333333333333,False,1.0,0.0
synthetic,overvoltage_049_w480,3,3,overvoltage,overvoltage,4,"[""current_z_last"", ""temperature_z_last"", ""vibration_z_last"", ""current_delta_mean""]",vibration_slope,1,2,True,True,0.25,0.5,False,1.0,0.0
synthetic,overvoltage_049_w480,3,4,overvoltage,overvoltage,3,"[""current_z_last"", ""temperature_z_last"", ""vibration_z_last""]",vibration_slope,1,1,True,True,0.3333333333333333,0.3333333333333333,False,1.0,0.0
synthetic,winding_short_001_w420,4,0,winding_short,winding_short,4,"[""current_delta_mean"", ""current_slope"", ""vibration_z_last"", ""vibration_delta_mean""]",vibration_delta_mean,2,3,True,True,0.5,0.75,True,1.0,0.0
synthetic,winding_short_001_w420,4,1,winding_short,winding_short,4,"[""current_delta_mean"", ""current_slope"", ""vibration_z_last"", ""vibration_delta_mean""]",vibration_delta_mean,2,3,True,True,0.5,0.75,True,1.0,0.0
synthetic,winding_short_001_w420,4,2,winding_short,winding_short,4,"[""current_delta_mean"", ""current_slope"", ""vibration_z_last"", ""vibration_delta_mean""]",vibration_delta_mean,2,3,True,True,0.5,0.75,True,1.0,0.0
synthetic,winding_short_001_w420,4,3,winding_short,winding_short,4,"[""current_delta_mean"", ""current_slope"", ""vibration_z_last"", ""vibration_delta_mean""]",vibration_delta_mean,2,3,True,True,0.5,0.75,True,1.0,0.0
synthetic,winding_short_001_w420,4,4,winding_short,winding_short,4,"[""current_delta_mean"", ""current_slope"", ""vibration_delta_mean"", ""vibration_z_last""]",vibration_delta_mean,2,3,True,True,0.5,0.75,True,1.0,0.0
synthetic,winding_short_001_w480,4,0,winding_short,winding_short,4,"[""temperature_delta_mean"", ""temperature_slope"", ""current_z_last"", ""vibration_delta_mean""]",vibration_delta_mean,2,3,True,True,0.5,0.75,True,1.0,0.0
synthetic,winding_short_001_w480,4,1,winding_short,winding_short,4,"[""temperature_slope"", ""temperature_delta_mean"", ""current_z_last"", ""vibration_delta_mean""]",vibration_delta_mean,2,3,True,True,0.5,0.75,True,1.0,0.0
synthetic,winding_short_001_w480,4,2,winding_short,winding_short,4,"[""temperature_delta_mean"", ""temperature_slope"", ""current_z_last"", ""vibration_delta_mean""]",vibration_delta_mean,2,3,True,True,0.5,0.75,True,1.0,0.0
synthetic,winding_short_001_w480,4,3,winding_short,winding_short,4,"[""temperature_delta_mean"", ""temperature_slope"", ""current_z_last"", ""vibration_delta_mean""]",vibration_delta_mean,2,3,True,True,0.5,0.75,True,1.0,0.0
synthetic,winding_short_001_w480,4,4,winding_short,winding_short,4,"[""temperature_delta_mean"", ""temperature_slope"", ""current_z_last"", ""vibration_delta_mean""]",vibration_delta_mean,2,3,True,True,0.5,0.75,True,1.0,0.0
synthetic,winding_short_003_w360,4,0,winding_short,winding_short,4,"[""temperature_delta_mean"", ""temperature_slope"", ""vibration_slope"", ""vibration_delta_mean""]",vibration_delta_mean,3,4,True,True,0.75,1.0,True,1.0,0.0
synthetic,winding_short_003_w360,4,1,winding_short,winding_short,4,"[""temperature_delta_mean"", ""temperature_slope"", ""vibration_delta_mean"", ""vibration_slope""]",vibration_delta_mean,3,4,True,True,0.75,1.0,True,1.0,0.0
synthetic,winding_short_003_w360,4,2,winding_short,winding_short,4,"[""temperature_delta_mean"", ""temperature_slope"", ""vibration_z_last"", ""vibration_slope""]",vibration_delta_mean,2,3,True,True,0.5,0.75,False,1.0,0.0
synthetic,winding_short_003_w360,4,3,winding_short,winding_short,4,"[""temperature_delta_mean"", ""temperature_slope"", ""vibration_slope"", ""vibration_delta_mean""]",vibration_delta_mean,3,4,True,True,0.75,1.0,True,1.0,0.0
synthetic,winding_short_003_w360,4,4,winding_short,winding_short,4,"[""temperature_delta_mean"", ""temperature_slope"", ""vibration_z_last"", ""vibration_slope""]",vibration_delta_mean,2,3,True,True,0.5,0.75,False,1.0,0.0
synthetic,winding_short_003_w480,4,0,winding_short,winding_short,4,"[""temperature_delta_mean"", ""temperature_slope"", ""current_z_last"", ""vibration_delta_mean""]",vibration_delta_mean,2,3,True,True,0.5,0.75,True,1.0,0.0
synthetic,winding_short_003_w480,4,1,winding_short,winding_short,4,"[""temperature_delta_mean"", ""temperature_slope"", ""current_z_last"", ""vibration_delta_mean""]",vibration_delta_mean,2,3,True,True,0.5,0.75,True,1.0,0.0
synthetic,winding_short_003_w480,4,2,winding_short,winding_short,4,"[""temperature_delta_mean"", ""temperature_slope"", ""current_z_last"", ""vibration_delta_mean""]",vibration_delta_mean,2,3,True,True,0.5,0.75,True,1.0,0.0
synthetic,winding_short_003_w480,4,3,winding_short,winding_short,4,"[""temperature_delta_mean"", ""temperature_slope"", ""current_z_last"", ""vibration_delta_mean""]",vibration_delta_mean,2,3,True,True,0.5,0.75,True,1.0,0.0
synthetic,winding_short_003_w480,4,4,winding_short,winding_short,4,"[""temperature_delta_mean"", ""temperature_slope"", ""current_z_last"", ""vibration_delta_mean""]",vibration_delta_mean,2,3,True,True,0.5,0.75,True,1.0,0.0
synthetic,winding_short_005_w300,4,0,winding_short,winding_short,4,"[""current_delta_mean"", ""current_slope"", ""temperature_delta_mean"", ""temperature_slope""]",vibration_delta_mean,1,3,True,True,0.25,0.75,False,1.0,0.0
synthetic,winding_short_005_w300,4,1,winding_short,winding_short,4,"[""current_delta_mean"", ""current_slope"", ""temperature_delta_mean"", ""temperature_slope""]",vibration_delta_mean,1,3,True,True,0.25,0.75,False,1.0,0.0
synthetic,winding_short_005_w300,4,2,winding_short,winding_short,4,"[""current_delta_mean"", ""current_slope"", ""temperature_delta_mean"", ""temperature_slope""]",vibration_delta_mean,1,3,True,True,0.25,0.75,False,1.0,0.0
synthetic,winding_short_005_w300,4,3,winding_short,winding_short,4,"[""current_delta_mean"", ""current_slope"", ""temperature_delta_mean"", ""temperature_slope""]",vibration_delta_mean,1,3,True,True,0.25,0.75,False,1.0,0.0
synthetic,winding_short_005_w300,4,4,winding_short,winding_short,4,"[""current_delta_mean"", ""temperature_delta_mean"", ""current_slope"", ""temperature_slope""]",vibration_delta_mean,1,3,True,True,0.25,0.75,False,1.0,0.0
synthetic,winding_short_005_w360,4,0,winding_short,winding_short,3,"[""temperature_delta_mean"", ""temperature_slope"", ""current_z_last""]",vibration_delta_mean,1,2,True,True,0.3333333333333333,0.6666666666666666,False,1.0,0.0
synthetic,winding_short_005_w360,4,1,winding_short,winding_short,4,"[""temperature_delta_mean"", ""temperature_slope"", ""current_z_last"", ""vibration_delta_mean""]",vibration_delta_mean,2,3,True,True,0.5,0.75,True,1.0,0.0
synthetic,winding_short_005_w360,4,2,winding_short,winding_short,4,"[""temperature_slope"", ""temperature_delta_mean"", ""current_z_last"", ""temperature_z_last""]",vibration_delta_mean,1,2,True,True,0.25,0.5,False,1.0,0.0
synthetic,winding_short_005_w360,4,3,winding_short,winding_short,4,"[""temperature_delta_mean"", ""temperature_slope"", ""current_z_last"", ""temperature_z_last""]",vibration_delta_mean,1,2,True,True,0.25,0.5,False,1.0,0.0
synthetic,winding_short_005_w360,4,4,winding_short,winding_short,4,"[""temperature_slope"", ""temperature_delta_mean"", ""current_z_last"", ""vibration_delta_mean""]",vibration_delta_mean,2,3,True,True,0.5,0.75,True,1.0,0.0
synthetic,winding_short_005_w420,4,0,winding_short,winding_short,4,"[""current_delta_mean"", ""current_slope"", ""vibration_z_last"", ""vibration_delta_mean""]",vibration_delta_mean,2,3,True,True,0.5,0.75,True,1.0,0.0
synthetic,winding_short_005_w420,4,1,winding_short,winding_short,4,"[""current_delta_mean"", ""current_slope"", ""vibration_delta_mean"", ""vibration_z_last""]",vibration_delta_mean,2,3,True,True,0.5,0.75,True,1.0,0.0
synthetic,winding_short_005_w420,4,2,winding_short,winding_short,4,"[""current_delta_mean"", ""current_slope"", ""vibration_z_last"", ""vibration_delta_mean""]",vibration_delta_mean,2,3,True,True,0.5,0.75,True,1.0,0.0
synthetic,winding_short_005_w420,4,3,winding_short,winding_short,4,"[""current_delta_mean"", ""current_slope"", ""vibration_z_last"", ""vibration_delta_mean""]",vibration_delta_mean,2,3,True,True,0.5,0.75,True,1.0,0.0
synthetic,winding_short_005_w420,4,4,winding_short,winding_short,4,"[""current_delta_mean"", ""current_slope"", ""vibration_z_last"", ""vibration_delta_mean""]",vibration_delta_mean,2,3,True,True,0.5,0.75,True,1.0,0.0
synthetic,winding_short_018_w360,4,0,winding_short,winding_short,4,"[""temperature_slope"", ""temperature_delta_mean"", ""current_z_last"", ""vibration_z_last""]",vibration_delta_mean,1,2,True,True,0.25,0.5,False,1.0,0.0
synthetic,winding_short_018_w360,4,1,winding_short,winding_short,4,"[""temperature_slope"", ""temperature_delta_mean"", ""current_z_last"", ""vibration_z_last""]",vibration_delta_mean,1,2,True,True,0.25,0.5,False,1.0,0.0
synthetic,winding_short_018_w360,4,2,winding_short,winding_short,4,"[""temperature_slope"", ""temperature_delta_mean"", ""current_z_last"", ""vibration_z_last""]",vibration_delta_mean,1,2,True,True,0.25,0.5,False,1.0,0.0
synthetic,winding_short_018_w360,4,3,winding_short,winding_short,4,"[""temperature_delta_mean"", ""temperature_slope"", ""current_z_last"", ""vibration_z_last""]",vibration_delta_mean,1,2,True,True,0.25,0.5,False,1.0,0.0
synthetic,winding_short_018_w360,4,4,winding_short,winding_short,4,"[""temperature_delta_mean"", ""temperature_slope"", ""current_z_last"", ""vibration_z_last""]",vibration_delta_mean,1,2,True,True,0.25,0.5,False,1.0,0.0
synthetic,winding_short_025_w300,4,0,winding_short,winding_short,4,"[""current_delta_mean"", ""current_slope"", ""temperature_delta_mean"", ""temperature_slope""]",vibration_delta_mean,1,3,True,True,0.25,0.75,False,1.0,0.0
synthetic,winding_short_025_w300,4,1,winding_short,winding_short,4,"[""current_delta_mean"", ""current_slope"", ""temperature_delta_mean"", ""temperature_slope""]",vibration_delta_mean,1,3,True,True,0.25,0.75,False,1.0,0.0
synthetic,winding_short_025_w300,4,2,winding_short,winding_short,4,"[""current_delta_mean"", ""current_slope"", ""temperature_delta_mean"", ""temperature_slope""]",vibration_delta_mean,1,3,True,True,0.25,0.75,False,1.0,0.0
synthetic,winding_short_025_w300,4,3,winding_short,winding_short,4,"[""current_delta_mean"", ""current_slope"", ""temperature_delta_mean"", ""temperature_slope""]",vibration_delta_mean,1,3,True,True,0.25,0.75,False,1.0,0.0
synthetic,winding_short_025_w300,4,4,winding_short,winding_short,4,"[""current_delta_mean"", ""current_slope"", ""temperature_delta_mean"", ""temperature_slope""]",vibration_delta_mean,1,3,True,True,0.25,0.75,False,1.0,0.0
synthetic,winding_short_025_w420,4,0,winding_short,winding_short,4,"[""current_delta_mean"", ""current_slope"", ""vibration_z_last"", ""vibration_slope""]",vibration_delta_mean,2,3,True,True,0.5,0.75,False,1.0,0.0
synthetic,winding_short_025_w420,4,1,winding_short,winding_short,4,"[""current_delta_mean"", ""current_slope"", ""vibration_z_last"", ""vibration_slope""]",vibration_delta_mean,2,3,True,True,0.5,0.75,False,1.0,0.0
synthetic,winding_short_025_w420,4,2,winding_short,winding_short,4,"[""current_delta_mean"", ""current_slope"", ""vibration_z_last"", ""vibration_slope""]",vibration_delta_mean,2,3,True,True,0.5,0.75,False,1.0,0.0
synthetic,winding_short_025_w420,4,3,winding_short,winding_short,4,"[""current_delta_mean"", ""current_slope"", ""vibration_z_last"", ""vibration_slope""]",vibration_delta_mean,2,3,True,True,0.5,0.75,False,1.0,0.0
synthetic,winding_short_025_w420,4,4,winding_short,winding_short,4,"[""current_delta_mean"", ""current_slope"", ""vibration_z_last"", ""vibration_slope""]",vibration_delta_mean,2,3,True,True,0.5,0.75,False,1.0,0.0
synthetic,winding_short_031_w300,4,0,winding_short,winding_short,3,"[""current_delta_mean"", ""temperature_delta_mean"", ""vibration_z_last""]",vibration_delta_mean,0,1,False,True,0.0,0.3333333333333333,False,1.0,0.0
synthetic,winding_short_031_w300,4,1,winding_short,winding_short,4,"[""current_delta_mean"", ""temperature_delta_mean"", ""current_slope"", ""vibration_z_last""]",vibration_delta_mean,0,2,False,True,0.0,0.5,False,1.0,0.0
synthetic,winding_short_031_w300,4,2,winding_short,winding_short,4,"[""current_delta_mean"", ""current_slope"", ""temperature_delta_mean"", ""vibration_z_last""]",vibration_delta_mean,0,2,False,True,0.0,0.5,False,1.0,0.0
synthetic,winding_short_031_w300,4,3,winding_short,winding_short,3,"[""current_delta_mean"", ""temperature_delta_mean"", ""vibration_z_last""]",vibration_delta_mean,0,1,False,True,0.0,0.3333333333333333,False,1.0,0.0
synthetic,winding_short_031_w300,4,4,winding_short,winding_short,3,"[""current_delta_mean"", ""temperature_delta_mean"", ""vibration_z_last""]",vibration_delta_mean,0,1,False,True,0.0,0.3333333333333333,False,1.0,0.0
synthetic,winding_short_031_w420,4,0,winding_short,winding_short,4,"[""current_delta_mean"", ""current_slope"", ""vibration_delta_mean"", ""vibration_slope""]",vibration_delta_mean,3,4,True,True,0.75,1.0,True,1.0,0.0
synthetic,winding_short_031_w420,4,1,winding_short,winding_short,4,"[""current_delta_mean"", ""current_slope"", ""vibration_delta_mean"", ""vibration_slope""]",vibration_delta_mean,3,4,True,True,0.75,1.0,True,1.0,0.0
synthetic,winding_short_031_w420,4,2,winding_short,winding_short,4,"[""current_delta_mean"", ""current_slope"", ""vibration_delta_mean"", ""vibration_slope""]",vibration_delta_mean,3,4,True,True,0.75,1.0,True,1.0,0.0
synthetic,winding_short_031_w420,4,3,winding_short,winding_short,4,"[""current_delta_mean"", ""current_slope"", ""vibration_delta_mean"", ""vibration_slope""]",vibration_delta_mean,3,4,True,True,0.75,1.0,True,1.0,0.0
synthetic,winding_short_031_w420,4,4,winding_short,winding_short,4,"[""current_delta_mean"", ""current_slope"", ""vibration_delta_mean"", ""vibration_slope""]",vibration_delta_mean,3,4,True,True,0.75,1.0,True,1.0,0.0
synthetic,winding_short_031_w480,4,0,winding_short,winding_short,4,"[""current_z_last"", ""temperature_slope"", ""temperature_delta_mean"", ""vibration_z_last""]",vibration_delta_mean,1,2,True,True,0.25,0.5,False,1.0,0.0
synthetic,winding_short_031_w480,4,1,winding_short,winding_short,4,"[""current_z_last"", ""temperature_slope"", ""temperature_delta_mean"", ""vibration_z_last""]",vibration_delta_mean,1,2,True,True,0.25,0.5,False,1.0,0.0
synthetic,winding_short_031_w480,4,2,winding_short,winding_short,4,"[""current_z_last"", ""temperature_slope"", ""temperature_delta_mean"", ""vibration_z_last""]",vibration_delta_mean,1,2,True,True,0.25,0.5,False,1.0,0.0
synthetic,winding_short_031_w480,4,3,winding_short,winding_short,4,"[""current_z_last"", ""temperature_slope"", ""temperature_delta_mean"", ""vibration_z_last""]",vibration_delta_mean,1,2,True,True,0.25,0.5,False,1.0,0.0
synthetic,winding_short_031_w480,4,4,winding_short,winding_short,4,"[""current_z_last"", ""temperature_delta_mean"", ""temperature_slope"", ""vibration_z_last""]",vibration_delta_mean,1,2,True,True,0.25,0.5,False,1.0,0.0
synthetic,winding_short_032_w420,4,0,winding_short,winding_short,4,"[""current_delta_mean"", ""current_slope"", ""vibration_z_last"", ""vibration_slope""]",vibration_delta_mean,2,3,True,True,0.5,0.75,False,1.0,0.0
synthetic,winding_short_032_w420,4,1,winding_short,winding_short,4,"[""current_delta_mean"", ""current_slope"", ""vibration_z_last"", ""vibration_slope""]",vibration_delta_mean,2,3,True,True,0.5,0.75,False,1.0,0.0
synthetic,winding_short_032_w420,4,2,winding_short,winding_short,4,"[""current_delta_mean"", ""current_slope"", ""vibration_z_last"", ""vibration_slope""]",vibration_delta_mean,2,3,True,True,0.5,0.75,False,1.0,0.0
synthetic,winding_short_032_w420,4,3,winding_short,winding_short,4,"[""current_delta_mean"", ""current_slope"", ""vibration_z_last"", ""vibration_slope""]",vibration_delta_mean,2,3,True,True,0.5,0.75,False,1.0,0.0
synthetic,winding_short_032_w420,4,4,winding_short,winding_short,4,"[""current_delta_mean"", ""current_slope"", ""vibration_z_last"", ""vibration_slope""]",vibration_delta_mean,2,3,True,True,0.5,0.75,False,1.0,0.0
synthetic,winding_short_036_w360,4,0,winding_short,winding_short,4,"[""temperature_delta_mean"", ""temperature_slope"", ""current_z_last"", ""vibration_slope""]",vibration_delta_mean,2,3,True,True,0.5,0.75,False,1.0,0.0
synthetic,winding_short_036_w360,4,1,winding_short,winding_short,4,"[""temperature_delta_mean"", ""temperature_slope"", ""current_z_last"", ""vibration_slope""]",vibration_delta_mean,2,3,True,True,0.5,0.75,False,1.0,0.0
synthetic,winding_short_036_w360,4,2,winding_short,winding_short,4,"[""temperature_delta_mean"", ""temperature_slope"", ""current_z_last"", ""vibration_slope""]",vibration_delta_mean,2,3,True,True,0.5,0.75,False,1.0,0.0
synthetic,winding_short_036_w360,4,3,winding_short,winding_short,4,"[""temperature_delta_mean"", ""temperature_slope"", ""current_z_last"", ""vibration_slope""]",vibration_delta_mean,2,3,True,True,0.5,0.75,False,1.0,0.0
synthetic,winding_short_036_w360,4,4,winding_short,winding_short,4,"[""temperature_delta_mean"", ""temperature_slope"", ""current_z_last"", ""vibration_slope""]",vibration_delta_mean,2,3,True,True,0.5,0.75,False,1.0,0.0
synthetic,winding_short_036_w480,4,0,winding_short,winding_short,4,"[""current_z_last"", ""temperature_delta_mean"", ""temperature_slope"", ""vibration_delta_mean""]",vibration_delta_mean,2,3,True,True,0.5,0.75,True,1.0,0.0
synthetic,winding_short_036_w480,4,1,winding_short,winding_short,4,"[""current_z_last"", ""temperature_delta_mean"", ""temperature_slope"", ""vibration_delta_mean""]",vibration_delta_mean,2,3,True,True,0.5,0.75,True,1.0,0.0
synthetic,winding_short_036_w480,4,2,winding_short,winding_short,4,"[""current_z_last"", ""temperature_slope"", ""temperature_delta_mean"", ""vibration_delta_mean""]",vibration_delta_mean,2,3,True,True,0.5,0.75,True,1.0,0.0
synthetic,winding_short_036_w480,4,3,winding_short,winding_short,4,"[""current_z_last"", ""temperature_delta_mean"", ""temperature_slope"", ""vibration_delta_mean""]",vibration_delta_mean,2,3,True,True,0.5,0.75,True,1.0,0.0
synthetic,winding_short_036_w480,4,4,winding_short,winding_short,4,"[""current_z_last"", ""temperature_delta_mean"", ""temperature_slope"", ""vibration_delta_mean""]",vibration_delta_mean,2,3,True,True,0.5,0.75,True,1.0,0.0
synthetic,winding_short_041_w420,4,0,winding_short,winding_short,4,"[""current_delta_mean"", ""current_slope"", ""vibration_z_last"", ""vibration_slope""]",vibration_delta_mean,2,3,True,True,0.5,0.75,False,1.0,0.0
synthetic,winding_short_041_w420,4,1,winding_short,winding_short,4,"[""current_delta_mean"", ""current_slope"", ""vibration_z_last"", ""vibration_slope""]",vibration_delta_mean,2,3,True,True,0.5,0.75,False,1.0,0.0
synthetic,winding_short_041_w420,4,2,winding_short,winding_short,4,"[""current_delta_mean"", ""current_slope"", ""vibration_z_last"", ""vibration_slope""]",vibration_delta_mean,2,3,True,True,0.5,0.75,False,1.0,0.0
synthetic,winding_short_041_w420,4,3,winding_short,winding_short,4,"[""current_delta_mean"", ""current_slope"", ""vibration_z_last"", ""vibration_slope""]",vibration_delta_mean,2,3,True,True,0.5,0.75,False,1.0,0.0
synthetic,winding_short_041_w420,4,4,winding_short,winding_short,4,"[""current_delta_mean"", ""current_slope"", ""vibration_z_last"", ""vibration_slope""]",vibration_delta_mean,2,3,True,True,0.5,0.75,False,1.0,0.0
synthetic,winding_short_043_w360,4,0,winding_short,winding_short,4,"[""temperature_delta_mean"", ""temperature_slope"", ""current_z_last"", ""vibration_delta_mean""]",vibration_delta_mean,2,3,True,True,0.5,0.75,True,1.0,0.0
synthetic,winding_short_043_w360,4,1,winding_short,winding_short,4,"[""temperature_delta_mean"", ""temperature_slope"", ""current_z_last"", ""vibration_delta_mean""]",vibration_delta_mean,2,3,True,True,0.5,0.75,True,1.0,0.0
synthetic,winding_short_043_w360,4,2,winding_short,winding_short,4,"[""temperature_delta_mean"", ""temperature_slope"", ""current_z_last"", ""vibration_delta_mean""]",vibration_delta_mean,2,3,True,True,0.5,0.75,True,1.0,0.0
synthetic,winding_short_043_w360,4,3,winding_short,winding_short,4,"[""temperature_delta_mean"", ""temperature_slope"", ""current_z_last"", ""vibration_delta_mean""]",vibration_delta_mean,2,3,True,True,0.5,0.75,True,1.0,0.0
synthetic,winding_short_043_w360,4,4,winding_short,winding_short,4,"[""temperature_delta_mean"", ""temperature_slope"", ""current_z_last"", ""vibration_delta_mean""]",vibration_delta_mean,2,3,True,True,0.5,0.75,True,1.0,0.0
synthetic,winding_short_043_w420,4,0,winding_short,winding_short,4,"[""current_delta_mean"", ""current_slope"", ""vibration_delta_mean"", ""vibration_slope""]",vibration_delta_mean,3,4,True,True,0.75,1.0,True,1.0,0.0
synthetic,winding_short_043_w420,4,1,winding_short,winding_short,4,"[""current_delta_mean"", ""current_slope"", ""vibration_delta_mean"", ""vibration_slope""]",vibration_delta_mean,3,4,True,True,0.75,1.0,True,1.0,0.0
synthetic,winding_short_043_w420,4,2,winding_short,winding_short,4,"[""current_delta_mean"", ""current_slope"", ""vibration_delta_mean"", ""vibration_slope""]",vibration_delta_mean,3,4,True,True,0.75,1.0,True,1.0,0.0
synthetic,winding_short_043_w420,4,3,winding_short,winding_short,4,"[""current_delta_mean"", ""current_slope"", ""vibration_delta_mean"", ""vibration_slope""]",vibration_delta_mean,3,4,True,True,0.75,1.0,True,1.0,0.0
synthetic,winding_short_043_w420,4,4,winding_short,winding_short,4,"[""current_delta_mean"", ""current_slope"", ""vibration_delta_mean"", ""vibration_slope""]",vibration_delta_mean,3,4,True,True,0.75,1.0,True,1.0,0.0
synthetic,bearing_friction_002_w480,4,0,bearing_friction,bearing_friction,4,"[""vibration_delta_mean"", ""vibration_slope"", ""current_delta_mean"", ""current_slope""]",vibration_slope,3,4,True,True,0.75,1.0,True,1.0,0.0
synthetic,bearing_friction_002_w480,4,1,bearing_friction,bearing_friction,4,"[""vibration_delta_mean"", ""vibration_slope"", ""current_delta_mean"", ""current_slope""]",vibration_slope,3,4,True,True,0.75,1.0,True,1.0,0.0
synthetic,bearing_friction_002_w480,4,2,bearing_friction,bearing_friction,4,"[""vibration_delta_mean"", ""vibration_slope"", ""current_delta_mean"", ""current_slope""]",vibration_slope,3,4,True,True,0.75,1.0,True,1.0,0.0
synthetic,bearing_friction_002_w480,4,3,bearing_friction,bearing_friction,4,"[""vibration_delta_mean"", ""vibration_slope"", ""current_delta_mean"", ""current_slope""]",vibration_slope,3,4,True,True,0.75,1.0,True,1.0,0.0
synthetic,bearing_friction_002_w480,4,4,bearing_friction,bearing_friction,4,"[""vibration_delta_mean"", ""vibration_slope"", ""current_delta_mean"", ""current_slope""]",vibration_slope,3,4,True,True,0.75,1.0,True,1.0,0.0
synthetic,bearing_friction_007_w300,4,0,bearing_friction,bearing_friction,4,"[""vibration_delta_mean"", ""vibration_z_last"", ""vibration_slope"", ""temperature_slope""]",vibration_slope,3,4,True,True,0.75,1.0,True,1.0,0.0
synthetic,bearing_friction_007_w300,4,1,bearing_friction,bearing_friction,4,"[""vibration_delta_mean"", ""vibration_slope"", ""vibration_z_last"", ""temperature_slope""]",vibration_slope,3,4,True,True,0.75,1.0,True,1.0,0.0
synthetic,bearing_friction_007_w300,4,2,bearing_friction,bearing_friction,4,"[""vibration_delta_mean"", ""vibration_slope"", ""vibration_z_last"", ""temperature_slope""]",vibration_slope,3,4,True,True,0.75,1.0,True,1.0,0.0
synthetic,bearing_friction_007_w300,4,3,bearing_friction,bearing_friction,4,"[""vibration_delta_mean"", ""vibration_slope"", ""vibration_z_last"", ""temperature_slope""]",vibration_slope,3,4,True,True,0.75,1.0,True,1.0,0.0
synthetic,bearing_friction_007_w300,4,4,bearing_friction,bearing_friction,4,"[""vibration_delta_mean"", ""vibration_slope"", ""temperature_slope"", ""vibration_z_last""]",vibration_slope,3,4,True,True,0.75,1.0,True,1.0,0.0
synthetic,bearing_friction_007_w360,4,0,bearing_friction,bearing_friction,4,"[""vibration_delta_mean"", ""vibration_z_last"", ""vibration_slope"", ""current_delta_mean""]",vibration_slope,3,3,True,True,0.75,0.75,True,1.0,0.0
synthetic,bearing_friction_007_w360,4,1,bearing_friction,bearing_friction,4,"[""vibration_delta_mean"", ""vibration_z_last"", ""vibration_slope"", ""current_delta_mean""]",vibration_slope,3,3,True,True,0.75,0.75,True,1.0,0.0
synthetic,bearing_friction_007_w360,4,2,bearing_friction,bearing_friction,4,"[""vibration_delta_mean"", ""vibration_z_last"", ""vibration_slope"", ""current_delta_mean""]",vibration_slope,3,3,True,True,0.75,0.75,True,1.0,0.0
synthetic,bearing_friction_007_w360,4,3,bearing_friction,bearing_friction,4,"[""vibration_delta_mean"", ""vibration_z_last"", ""vibration_slope"", ""current_delta_mean""]",vibration_slope,3,3,True,True,0.75,0.75,True,1.0,0.0
synthetic,bearing_friction_007_w360,4,4,bearing_friction,bearing_friction,4,"[""vibration_delta_mean"", ""vibration_slope"", ""vibration_z_last"", ""current_delta_mean""]",vibration_slope,3,3,True,True,0.75,0.75,True,1.0,0.0
synthetic,bearing_friction_007_w420,4,0,bearing_friction,bearing_friction,4,"[""vibration_delta_mean"", ""vibration_slope"", ""temperature_delta_mean"", ""temperature_slope""]",vibration_delta_mean,2,2,True,True,0.5,0.5,True,1.0,0.0
synthetic,bearing_friction_007_w420,4,1,bearing_friction,bearing_friction,4,"[""vibration_delta_mean"", ""vibration_z_last"", ""vibration_slope"", ""temperature_delta_mean""]",vibration_delta_mean,3,3,True,True,0.75,0.75,True,1.0,0.0
synthetic,bearing_friction_007_w420,4,2,bearing_friction,bearing_friction,4,"[""vibration_delta_mean"", ""vibration_slope"", ""temperature_delta_mean"", ""temperature_slope""]",vibration_delta_mean,2,2,True,True,0.5,0.5,True,1.0,0.0
synthetic,bearing_friction_007_w420,4,3,bearing_friction,bearing_friction,4,"[""vibration_delta_mean"", ""vibration_slope"", ""temperature_delta_mean"", ""temperature_slope""]",vibration_delta_mean,2,2,True,True,0.5,0.5,True,1.0,0.0
synthetic,bearing_friction_007_w420,4,4,bearing_friction,bearing_friction,4,"[""vibration_delta_mean"", ""vibration_slope"", ""temperature_delta_mean"", ""temperature_slope""]",vibration_delta_mean,2,2,True,True,0.5,0.5,True,1.0,0.0
synthetic,bearing_friction_010_w300,4,0,bearing_friction,bearing_friction,4,"[""vibration_delta_mean"", ""vibration_z_last"", ""vibration_slope"", ""temperature_delta_mean""]",vibration_delta_mean,3,4,True,True,0.75,1.0,True,1.0,0.0
synthetic,bearing_friction_010_w300,4,1,bearing_friction,bearing_friction,4,"[""vibration_delta_mean"", ""vibration_slope"", ""vibration_z_last"", ""temperature_slope""]",vibration_delta_mean,3,4,True,True,0.75,1.0,True,1.0,0.0
synthetic,bearing_friction_010_w300,4,2,bearing_friction,bearing_friction,4,"[""vibration_delta_mean"", ""vibration_slope"", ""vibration_z_last"", ""temperature_slope""]",vibration_delta_mean,3,4,True,True,0.75,1.0,True,1.0,0.0
synthetic,bearing_friction_010_w300,4,3,bearing_friction,bearing_friction,4,"[""vibration_delta_mean"", ""vibration_slope"", ""vibration_z_last"", ""temperature_slope""]",vibration_delta_mean,3,4,True,True,0.75,1.0,True,1.0,0.0
synthetic,bearing_friction_010_w300,4,4,bearing_friction,bearing_friction,4,"[""vibration_delta_mean"", ""vibration_slope"", ""vibration_z_last"", ""temperature_delta_mean""]",vibration_delta_mean,3,4,True,True,0.75,1.0,True,1.0,0.0
synthetic,bearing_friction_018_w300,4,0,bearing_friction,bearing_friction,4,"[""vibration_delta_mean"", ""vibration_slope"", ""temperature_slope"", ""temperature_delta_mean""]",vibration_slope,2,4,True,True,0.5,1.0,True,1.0,0.0
synthetic,bearing_friction_018_w300,4,1,bearing_friction,bearing_friction,4,"[""vibration_delta_mean"", ""vibration_slope"", ""temperature_slope"", ""temperature_delta_mean""]",vibration_slope,2,4,True,True,0.5,1.0,True,1.0,0.0
synthetic,bearing_friction_018_w300,4,2,bearing_friction,bearing_friction,4,"[""vibration_delta_mean"", ""vibration_slope"", ""temperature_slope"", ""temperature_delta_mean""]",vibration_slope,2,4,True,True,0.5,1.0,True,1.0,0.0
synthetic,bearing_friction_018_w300,4,3,bearing_friction,bearing_friction,4,"[""vibration_delta_mean"", ""vibration_slope"", ""temperature_delta_mean"", ""temperature_slope""]",vibration_slope,2,4,True,True,0.5,1.0,True,1.0,0.0
synthetic,bearing_friction_018_w300,4,4,bearing_friction,bearing_friction,4,"[""vibration_delta_mean"", ""vibration_slope"", ""temperature_delta_mean"", ""temperature_slope""]",vibration_slope,2,4,True,True,0.5,1.0,True,1.0,0.0
synthetic,bearing_friction_018_w360,4,0,bearing_friction,bearing_friction,4,"[""vibration_delta_mean"", ""vibration_slope"", ""current_delta_mean"", ""current_slope""]",vibration_slope,2,2,True,True,0.5,0.5,True,1.0,0.0
synthetic,bearing_friction_018_w360,4,1,bearing_friction,bearing_friction,4,"[""vibration_delta_mean"", ""vibration_slope"", ""current_delta_mean"", ""current_slope""]",vibration_slope,2,2,True,True,0.5,0.5,True,1.0,0.0
synthetic,bearing_friction_018_w360,4,2,bearing_friction,bearing_friction,4,"[""vibration_delta_mean"", ""vibration_slope"", ""current_delta_mean"", ""current_slope""]",vibration_slope,2,2,True,True,0.5,0.5,True,1.0,0.0
synthetic,bearing_friction_018_w360,4,3,bearing_friction,bearing_friction,4,"[""vibration_delta_mean"", ""vibration_slope"", ""current_delta_mean"", ""current_slope""]",vibration_slope,2,2,True,True,0.5,0.5,True,1.0,0.0
synthetic,bearing_friction_018_w360,4,4,bearing_friction,bearing_friction,4,"[""vibration_delta_mean"", ""vibration_slope"", ""current_delta_mean"", ""current_slope""]",vibration_slope,2,2,True,True,0.5,0.5,True,1.0,0.0
synthetic,bearing_friction_020_w360,4,0,bearing_friction,bearing_friction,3,"[""vibration_delta_mean"", ""vibration_slope"", ""current_delta_mean""]",vibration_slope,2,2,True,True,0.6666666666666666,0.6666666666666666,True,1.0,0.0
synthetic,bearing_friction_020_w360,4,1,bearing_friction,bearing_friction,4,"[""vibration_delta_mean"", ""vibration_z_last"", ""vibration_slope"", ""current_delta_mean""]",vibration_slope,3,3,True,True,0.75,0.75,True,1.0,0.0
synthetic,bearing_friction_020_w360,4,2,bearing_friction,bearing_friction,4,"[""vibration_delta_mean"", ""vibration_slope"", ""vibration_z_last"", ""current_delta_mean""]",vibration_slope,3,3,True,True,0.75,0.75,True,1.0,0.0
synthetic,bearing_friction_020_w360,4,3,bearing_friction,bearing_friction,4,"[""vibration_delta_mean"", ""vibration_z_last"", ""vibration_slope"", ""current_delta_mean""]",vibration_slope,3,3,True,True,0.75,0.75,True,1.0,0.0
synthetic,bearing_friction_020_w360,4,4,bearing_friction,bearing_friction,4,"[""vibration_delta_mean"", ""vibration_z_last"", ""vibration_slope"", ""current_delta_mean""]",vibration_slope,3,3,True,True,0.75,0.75,True,1.0,0.0
synthetic,bearing_friction_020_w480,4,0,bearing_friction,bearing_friction,3,"[""vibration_delta_mean"", ""vibration_slope"", ""current_delta_mean""]",vibration_delta_mean,2,3,True,True,0.6666666666666666,1.0,True,1.0,0.0
synthetic,bearing_friction_020_w480,4,1,bearing_friction,bearing_friction,4,"[""vibration_delta_mean"", ""vibration_slope"", ""current_delta_mean"", ""current_slope""]",vibration_delta_mean,2,4,True,True,0.5,1.0,True,1.0,0.0
synthetic,bearing_friction_020_w480,4,2,bearing_friction,bearing_friction,4,"[""vibration_delta_mean"", ""vibration_slope"", ""current_delta_mean"", ""temperature_z_last""]",vibration_delta_mean,2,3,True,True,0.5,0.75,True,1.0,0.0
synthetic,bearing_friction_020_w480,4,3,bearing_friction,bearing_friction,4,"[""vibration_delta_mean"", ""vibration_slope"", ""current_delta_mean"", ""current_slope""]",vibration_delta_mean,2,4,True,True,0.5,1.0,True,1.0,0.0
synthetic,bearing_friction_020_w480,4,4,bearing_friction,bearing_friction,4,"[""vibration_delta_mean"", ""vibration_slope"", ""current_delta_mean"", ""temperature_z_last""]",vibration_delta_mean,2,3,True,True,0.5,0.75,True,1.0,0.0
synthetic,bearing_friction_022_w300,4,0,bearing_friction,bearing_friction,4,"[""vibration_delta_mean"", ""vibration_z_last"", ""vibration_slope"", ""temperature_slope""]",vibration_delta_mean,3,4,True,True,0.75,1.0,True,1.0,0.0
synthetic,bearing_friction_022_w300,4,1,bearing_friction,bearing_friction,4,"[""vibration_delta_mean"", ""vibration_slope"", ""vibration_z_last"", ""temperature_slope""]",vibration_delta_mean,3,4,True,True,0.75,1.0,True,1.0,0.0
synthetic,bearing_friction_022_w300,4,2,bearing_friction,bearing_friction,4,"[""vibration_delta_mean"", ""vibration_slope"", ""vibration_z_last"", ""temperature_slope""]",vibration_delta_mean,3,4,True,True,0.75,1.0,True,1.0,0.0
synthetic,bearing_friction_022_w300,4,3,bearing_friction,bearing_friction,4,"[""vibration_delta_mean"", ""vibration_slope"", ""vibration_z_last"", ""temperature_slope""]",vibration_delta_mean,3,4,True,True,0.75,1.0,True,1.0,0.0
synthetic,bearing_friction_022_w300,4,4,bearing_friction,bearing_friction,4,"[""vibration_delta_mean"", ""vibration_slope"", ""vibration_z_last"", ""temperature_slope""]",vibration_delta_mean,3,4,True,True,0.75,1.0,True,1.0,0.0
synthetic,bearing_friction_022_w420,4,0,bearing_friction,bearing_friction,4,"[""vibration_delta_mean"", ""vibration_slope"", ""temperature_delta_mean"", ""temperature_slope""]",vibration_delta_mean,2,2,True,True,0.5,0.5,True,1.0,0.0
synthetic,bearing_friction_022_w420,4,1,bearing_friction,bearing_friction,4,"[""vibration_delta_mean"", ""vibration_slope"", ""temperature_delta_mean"", ""temperature_slope""]",vibration_delta_mean,2,2,True,True,0.5,0.5,True,1.0,0.0
synthetic,bearing_friction_022_w420,4,2,bearing_friction,bearing_friction,4,"[""vibration_delta_mean"", ""vibration_slope"", ""temperature_delta_mean"", ""temperature_slope""]",vibration_delta_mean,2,2,True,True,0.5,0.5,True,1.0,0.0
synthetic,bearing_friction_022_w420,4,3,bearing_friction,bearing_friction,4,"[""vibration_delta_mean"", ""vibration_slope"", ""temperature_delta_mean"", ""temperature_slope""]",vibration_delta_mean,2,2,True,True,0.5,0.5,True,1.0,0.0
synthetic,bearing_friction_022_w420,4,4,bearing_friction,bearing_friction,4,"[""vibration_delta_mean"", ""vibration_slope"", ""temperature_delta_mean"", ""temperature_slope""]",vibration_delta_mean,2,2,True,True,0.5,0.5,True,1.0,0.0
synthetic,bearing_friction_035_w300,4,0,bearing_friction,bearing_friction,4,"[""vibration_delta_mean"", ""vibration_slope"", ""vibration_z_last"", ""temperature_delta_mean""]",vibration_slope,3,4,True,True,0.75,1.0,True,1.0,0.0
synthetic,bearing_friction_035_w300,4,1,bearing_friction,bearing_friction,4,"[""vibration_delta_mean"", ""vibration_slope"", ""temperature_delta_mean"", ""vibration_z_last""]",vibration_slope,3,4,True,True,0.75,1.0,True,1.0,0.0
synthetic,bearing_friction_035_w300,4,2,bearing_friction,bearing_friction,4,"[""vibration_delta_mean"", ""vibration_slope"", ""vibration_z_last"", ""temperature_delta_mean""]",vibration_slope,3,4,True,True,0.75,1.0,True,1.0,0.0
synthetic,bearing_friction_035_w300,4,3,bearing_friction,bearing_friction,4,"[""vibration_delta_mean"", ""vibration_slope"", ""temperature_delta_mean"", ""vibration_z_last""]",vibration_slope,3,4,True,True,0.75,1.0,True,1.0,0.0
synthetic,bearing_friction_035_w300,4,4,bearing_friction,bearing_friction,4,"[""vibration_delta_mean"", ""vibration_slope"", ""temperature_slope"", ""temperature_delta_mean""]",vibration_slope,2,4,True,True,0.5,1.0,True,1.0,0.0
synthetic,bearing_friction_035_w360,4,0,bearing_friction,bearing_friction,4,"[""vibration_delta_mean"", ""vibration_slope"", ""current_delta_mean"", ""temperature_slope""]",vibration_delta_mean,2,3,True,True,0.5,0.75,True,1.0,0.0
synthetic,bearing_friction_035_w360,4,1,bearing_friction,bearing_friction,4,"[""vibration_delta_mean"", ""vibration_slope"", ""current_delta_mean"", ""temperature_slope""]",vibration_delta_mean,2,3,True,True,0.5,0.75,True,1.0,0.0
synthetic,bearing_friction_035_w360,4,2,bearing_friction,bearing_friction,4,"[""vibration_delta_mean"", ""vibration_slope"", ""current_delta_mean"", ""temperature_slope""]",vibration_delta_mean,2,3,True,True,0.5,0.75,True,1.0,0.0
synthetic,bearing_friction_035_w360,4,3,bearing_friction,bearing_friction,4,"[""vibration_delta_mean"", ""vibration_slope"", ""current_delta_mean"", ""temperature_slope""]",vibration_delta_mean,2,3,True,True,0.5,0.75,True,1.0,0.0
synthetic,bearing_friction_035_w360,4,4,bearing_friction,bearing_friction,4,"[""vibration_delta_mean"", ""vibration_slope"", ""current_delta_mean"", ""current_z_last""]",vibration_delta_mean,2,2,True,True,0.5,0.5,True,1.0,0.0
synthetic,bearing_friction_035_w420,4,0,bearing_friction,bearing_friction,4,"[""vibration_delta_mean"", ""vibration_z_last"", ""vibration_slope"", ""temperature_delta_mean""]",vibration_delta_mean,3,3,True,True,0.75,0.75,True,1.0,0.0
synthetic,bearing_friction_035_w420,4,1,bearing_friction,bearing_friction,4,"[""vibration_delta_mean"", ""vibration_slope"", ""temperature_delta_mean"", ""current_z_last""]",vibration_delta_mean,2,3,True,True,0.5,0.75,True,1.0,0.0
synthetic,bearing_friction_035_w420,4,2,bearing_friction,bearing_friction,4,"[""vibration_delta_mean"", ""vibration_slope"", ""temperature_delta_mean"", ""current_z_last""]",vibration_delta_mean,2,3,True,True,0.5,0.75,True,1.0,0.0
synthetic,bearing_friction_035_w420,4,3,bearing_friction,bearing_friction,4,"[""vibration_delta_mean"", ""vibration_slope"", ""temperature_delta_mean"", ""temperature_slope""]",vibration_delta_mean,2,2,True,True,0.5,0.5,True,1.0,0.0
synthetic,bearing_friction_035_w420,4,4,bearing_friction,bearing_friction,4,"[""vibration_delta_mean"", ""vibration_z_last"", ""vibration_slope"", ""temperature_delta_mean""]",vibration_delta_mean,3,3,True,True,0.75,0.75,True,1.0,0.0
synthetic,bearing_friction_038_w360,4,0,bearing_friction,bearing_friction,4,"[""vibration_delta_mean"", ""vibration_z_last"", ""vibration_slope"", ""current_delta_mean""]",vibration_delta_mean,3,3,True,True,0.75,0.75,True,1.0,0.0
synthetic,bearing_friction_038_w360,4,1,bearing_friction,bearing_friction,4,"[""vibration_delta_mean"", ""vibration_z_last"", ""vibration_slope"", ""current_delta_mean""]",vibration_delta_mean,3,3,True,True,0.75,0.75,True,1.0,0.0
synthetic,bearing_friction_038_w360,4,2,bearing_friction,bearing_friction,4,"[""vibration_delta_mean"", ""vibration_slope"", ""current_delta_mean"", ""vibration_z_last""]",vibration_delta_mean,3,3,True,True,0.75,0.75,True,1.0,0.0
synthetic,bearing_friction_038_w360,4,3,bearing_friction,bearing_friction,3,"[""vibration_delta_mean"", ""vibration_slope"", ""current_delta_mean""]",vibration_delta_mean,2,2,True,True,0.6666666666666666,0.6666666666666666,True,1.0,0.0
synthetic,bearing_friction_038_w360,4,4,bearing_friction,bearing_friction,4,"[""vibration_delta_mean"", ""vibration_slope"", ""vibration_z_last"", ""current_delta_mean""]",vibration_delta_mean,3,3,True,True,0.75,0.75,True,1.0,0.0
synthetic,bearing_friction_042_w300,4,0,bearing_friction,bearing_friction,4,"[""vibration_delta_mean"", ""vibration_slope"", ""temperature_delta_mean"", ""temperature_slope""]",vibration_slope,2,4,True,True,0.5,1.0,True,1.0,0.0
synthetic,bearing_friction_042_w300,4,1,bearing_friction,bearing_friction,4,"[""vibration_delta_mean"", ""vibration_slope"", ""temperature_delta_mean"", ""vibration_z_last""]",vibration_slope,3,4,True,True,0.75,1.0,True,1.0,0.0
synthetic,bearing_friction_042_w300,4,2,bearing_friction,bearing_friction,4,"[""vibration_delta_mean"", ""vibration_slope"", ""temperature_delta_mean"", ""temperature_slope""]",vibration_slope,2,4,True,True,0.5,1.0,True,1.0,0.0
synthetic,bearing_friction_042_w300,4,3,bearing_friction,bearing_friction,4,"[""vibration_delta_mean"", ""vibration_slope"", ""vibration_z_last"", ""temperature_delta_mean""]",vibration_slope,3,4,True,True,0.75,1.0,True,1.0,0.0
synthetic,bearing_friction_042_w300,4,4,bearing_friction,bearing_friction,4,"[""vibration_delta_mean"", ""vibration_slope"", ""temperature_delta_mean"", ""current_delta_mean""]",vibration_slope,2,3,True,True,0.5,0.75,True,1.0,0.0
synthetic,bearing_friction_042_w360,4,0,bearing_friction,bearing_friction,4,"[""vibration_delta_mean"", ""vibration_z_last"", ""vibration_slope"", ""current_delta_mean""]",vibration_delta_mean,3,3,True,True,0.75,0.75,True,1.0,0.0
synthetic,bearing_friction_042_w360,4,1,bearing_friction,bearing_friction,3,"[""vibration_delta_mean"", ""vibration_z_last"", ""current_delta_mean""]",vibration_delta_mean,2,2,True,True,0.6666666666666666,0.6666666666666666,True,1.0,0.0
synthetic,bearing_friction_042_w360,4,2,bearing_friction,bearing_friction,4,"[""vibration_delta_mean"", ""vibration_z_last"", ""vibration_slope"", ""current_delta_mean""]",vibration_delta_mean,3,3,True,True,0.75,0.75,True,1.0,0.0
synthetic,bearing_friction_042_w360,4,3,bearing_friction,bearing_friction,4,"[""vibration_delta_mean"", ""vibration_z_last"", ""current_delta_mean"", ""current_slope""]",vibration_delta_mean,2,3,True,True,0.5,0.75,True,1.0,0.0
synthetic,bearing_friction_042_w360,4,4,bearing_friction,bearing_friction,3,"[""vibration_delta_mean"", ""vibration_z_last"", ""current_delta_mean""]",vibration_delta_mean,2,2,True,True,0.6666666666666666,0.6666666666666666,True,1.0,0.0
synthetic,bearing_friction_044_w300,4,0,bearing_friction,bearing_friction,4,"[""vibration_delta_mean"", ""vibration_slope"", ""temperature_slope"", ""temperature_z_last""]",vibration_slope,2,3,True,True,0.5,0.75,True,1.0,0.0
synthetic,bearing_friction_044_w300,4,1,bearing_friction,bearing_friction,4,"[""vibration_delta_mean"", ""vibration_slope"", ""temperature_slope"", ""temperature_z_last""]",vibration_slope,2,3,True,True,0.5,0.75,True,1.0,0.0
synthetic,bearing_friction_044_w300,4,2,bearing_friction,bearing_friction,4,"[""vibration_delta_mean"", ""vibration_z_last"", ""vibration_slope"", ""temperature_slope""]",vibration_slope,3,4,True,True,0.75,1.0,True,1.0,0.0
synthetic,bearing_friction_044_w300,4,3,bearing_friction,bearing_friction,4,"[""vibration_delta_mean"", ""vibration_slope"", ""vibration_z_last"", ""temperature_slope""]",vibration_slope,3,4,True,True,0.75,1.0,True,1.0,0.0
synthetic,bearing_friction_044_w300,4,4,bearing_friction,bearing_friction,4,"[""vibration_delta_mean"", ""vibration_slope"", ""vibration_z_last"", ""temperature_slope""]",vibration_slope,3,4,True,True,0.75,1.0,True,1.0,0.0
synthetic,bearing_friction_044_w360,4,0,bearing_friction,bearing_friction,4,"[""vibration_delta_mean"", ""vibration_slope"", ""current_delta_mean"", ""current_slope""]",vibration_slope,2,3,True,True,0.5,0.75,True,1.0,0.0
synthetic,bearing_friction_044_w360,4,1,bearing_friction,bearing_friction,4,"[""vibration_delta_mean"", ""vibration_z_last"", ""vibration_slope"", ""current_delta_mean""]",vibration_slope,3,3,True,True,0.75,0.75,True,1.0,0.0
synthetic,bearing_friction_044_w360,4,2,bearing_friction,bearing_friction,4,"[""vibration_delta_mean"", ""vibration_z_last"", ""vibration_slope"", ""current_delta_mean""]",vibration_slope,3,3,True,True,0.75,0.75,True,1.0,0.0
synthetic,bearing_friction_044_w360,4,3,bearing_friction,bearing_friction,4,"[""vibration_delta_mean"", ""vibration_z_last"", ""vibration_slope"", ""current_delta_mean""]",vibration_slope,3,3,True,True,0.75,0.75,True,1.0,0.0
synthetic,bearing_friction_044_w360,4,4,bearing_friction,bearing_friction,4,"[""vibration_delta_mean"", ""vibration_z_last"", ""vibration_slope"", ""current_delta_mean""]",vibration_slope,3,3,True,True,0.75,0.75,True,1.0,0.0
synthetic,bearing_friction_044_w420,4,0,bearing_friction,bearing_friction,4,"[""vibration_delta_mean"", ""vibration_slope"", ""temperature_delta_mean"", ""temperature_slope""]",vibration_delta_mean,2,2,True,True,0.5,0.5,True,1.0,0.0
synthetic,bearing_friction_044_w420,4,1,bearing_friction,bearing_friction,4,"[""vibration_delta_mean"", ""vibration_slope"", ""temperature_delta_mean"", ""temperature_slope""]",vibration_delta_mean,2,2,True,True,0.5,0.5,True,1.0,0.0
synthetic,bearing_friction_044_w420,4,2,bearing_friction,bearing_friction,4,"[""vibration_delta_mean"", ""vibration_slope"", ""temperature_delta_mean"", ""temperature_slope""]",vibration_delta_mean,2,2,True,True,0.5,0.5,True,1.0,0.0
synthetic,bearing_friction_044_w420,4,3,bearing_friction,bearing_friction,4,"[""vibration_delta_mean"", ""vibration_slope"", ""temperature_delta_mean"", ""temperature_slope""]",vibration_delta_mean,2,2,True,True,0.5,0.5,True,1.0,0.0
synthetic,bearing_friction_044_w420,4,4,bearing_friction,bearing_friction,4,"[""vibration_delta_mean"", ""vibration_slope"", ""temperature_delta_mean"", ""temperature_slope""]",vibration_delta_mean,2,2,True,True,0.5,0.5,True,1.0,0.0
synthetic,bearing_friction_044_w480,4,0,bearing_friction,bearing_friction,4,"[""vibration_delta_mean"", ""vibration_slope"", ""current_delta_mean"", ""current_slope""]",vibration_delta_mean,2,3,True,True,0.5,0.75,True,1.0,0.0
synthetic,bearing_friction_044_w480,4,1,bearing_friction,bearing_friction,4,"[""vibration_delta_mean"", ""vibration_slope"", ""current_delta_mean"", ""current_slope""]",vibration_delta_mean,2,3,True,True,0.5,0.75,True,1.0,0.0
synthetic,bearing_friction_044_w480,4,2,bearing_friction,bearing_friction,4,"[""vibration_delta_mean"", ""vibration_slope"", ""current_delta_mean"", ""current_slope""]",vibration_delta_mean,2,3,True,True,0.5,0.75,True,1.0,0.0
synthetic,bearing_friction_044_w480,4,3,bearing_friction,bearing_friction,4,"[""vibration_delta_mean"", ""vibration_slope"", ""current_delta_mean"", ""current_slope""]",vibration_delta_mean,2,3,True,True,0.5,0.75,True,1.0,0.0
synthetic,bearing_friction_044_w480,4,4,bearing_friction,bearing_friction,4,"[""vibration_delta_mean"", ""vibration_slope"", ""current_delta_mean"", ""current_slope""]",vibration_delta_mean,2,3,True,True,0.5,0.75,True,1.0,0.0
synthetic,overload_001_w300,4,0,overload,overload,4,"[""current_delta_mean"", ""current_slope"", ""temperature_delta_mean"", ""vibration_z_last""]",vibration_delta_mean,0,2,False,True,0.0,0.5,False,1.0,0.0
synthetic,overload_001_w300,4,1,overload,overload,4,"[""current_delta_mean"", ""current_slope"", ""temperature_delta_mean"", ""vibration_z_last""]",vibration_delta_mean,0,2,False,True,0.0,0.5,False,1.0,0.0
synthetic,overload_001_w300,4,2,overload,overload,4,"[""current_delta_mean"", ""current_slope"", ""temperature_delta_mean"", ""vibration_z_last""]",vibration_delta_mean,0,2,False,True,0.0,0.5,False,1.0,0.0
synthetic,overload_001_w300,4,3,overload,overload,4,"[""current_delta_mean"", ""current_slope"", ""temperature_delta_mean"", ""vibration_z_last""]",vibration_delta_mean,0,2,False,True,0.0,0.5,False,0.75,0.25
synthetic,overload_001_w300,4,4,overload,overload,4,"[""current_delta_mean"", ""current_slope"", ""temperature_delta_mean"", ""vibration_z_last""]",vibration_delta_mean,0,2,False,True,0.0,0.5,False,1.0,0.0
synthetic,overload_001_w420,4,0,overload,overload,4,"[""current_delta_mean"", ""current_slope"", ""temperature_delta_mean"", ""temperature_slope""]",vibration_delta_mean,0,2,False,True,0.0,0.5,False,1.0,0.0
synthetic,overload_001_w420,4,1,overload,overload,4,"[""current_delta_mean"", ""current_slope"", ""temperature_delta_mean"", ""temperature_slope""]",vibration_delta_mean,0,2,False,True,0.0,0.5,False,1.0,0.0
synthetic,overload_001_w420,4,2,overload,overload,4,"[""current_delta_mean"", ""current_slope"", ""temperature_delta_mean"", ""temperature_slope""]",vibration_delta_mean,0,2,False,True,0.0,0.5,False,1.0,0.0
synthetic,overload_001_w420,4,3,overload,overload,4,"[""current_delta_mean"", ""current_slope"", ""temperature_delta_mean"", ""temperature_slope""]",vibration_delta_mean,0,2,False,True,0.0,0.5,False,1.0,0.0
synthetic,overload_001_w420,4,4,overload,overload,4,"[""current_delta_mean"", ""current_slope"", ""temperature_delta_mean"", ""temperature_slope""]",vibration_delta_mean,0,2,False,True,0.0,0.5,False,1.0,0.0
synthetic,overload_003_w300,4,0,overload,overload,4,"[""current_delta_mean"", ""current_slope"", ""temperature_delta_mean"", ""vibration_z_last""]",vibration_slope,0,2,False,True,0.0,0.5,False,1.0,0.0
synthetic,overload_003_w300,4,1,overload,overload,4,"[""current_delta_mean"", ""current_slope"", ""temperature_delta_mean"", ""vibration_z_last""]",vibration_slope,0,2,False,True,0.0,0.5,False,1.0,0.0
synthetic,overload_003_w300,4,2,overload,overload,4,"[""current_delta_mean"", ""current_slope"", ""temperature_delta_mean"", ""vibration_z_last""]",vibration_slope,0,2,False,True,0.0,0.5,False,1.0,0.0
synthetic,overload_003_w300,4,3,overload,overload,4,"[""current_delta_mean"", ""current_slope"", ""temperature_delta_mean"", ""vibration_z_last""]",vibration_slope,0,2,False,True,0.0,0.5,False,1.0,0.0
synthetic,overload_003_w300,4,4,overload,overload,4,"[""current_delta_mean"", ""current_slope"", ""temperature_delta_mean"", ""vibration_z_last""]",vibration_slope,0,2,False,True,0.0,0.5,False,1.0,0.0
synthetic,overload_005_w300,4,0,overload,overload,4,"[""current_delta_mean"", ""current_slope"", ""current_z_last"", ""vibration_z_last""]",vibration_slope,1,3,True,True,0.25,0.75,False,1.0,0.0
synthetic,overload_005_w300,4,1,overload,overload,4,"[""current_delta_mean"", ""current_slope"", ""current_z_last"", ""vibration_z_last""]",vibration_slope,1,3,True,True,0.25,0.75,False,1.0,0.0
synthetic,overload_005_w300,4,2,overload,overload,4,"[""current_delta_mean"", ""current_slope"", ""vibration_z_last"", ""temperature_delta_mean""]",vibration_slope,0,2,False,True,0.0,0.5,False,1.0,0.0
synthetic,overload_005_w300,4,3,overload,overload,4,"[""current_delta_mean"", ""current_slope"", ""current_z_last"", ""vibration_z_last""]",vibration_slope,1,3,True,True,0.25,0.75,False,1.0,0.0
synthetic,overload_005_w300,4,4,overload,overload,4,"[""current_delta_mean"", ""current_slope"", ""vibration_z_last"", ""temperature_delta_mean""]",vibration_slope,0,2,False,True,0.0,0.5,False,1.0,0.0
synthetic,overload_005_w420,4,0,overload,overload,4,"[""temperature_z_last"", ""temperature_delta_mean"", ""temperature_slope"", ""current_delta_mean""]",vibration_delta_mean,1,2,True,True,0.25,0.5,False,1.0,0.0
synthetic,overload_005_w420,4,1,overload,overload,4,"[""current_delta_mean"", ""temperature_z_last"", ""temperature_delta_mean"", ""temperature_slope""]",vibration_delta_mean,1,2,True,True,0.25,0.5,False,1.0,0.0
synthetic,overload_005_w420,4,2,overload,overload,4,"[""current_delta_mean"", ""temperature_delta_mean"", ""temperature_z_last"", ""temperature_slope""]",vibration_delta_mean,1,2,True,True,0.25,0.5,False,1.0,0.0
synthetic,overload_005_w420,4,3,overload,overload,4,"[""current_delta_mean"", ""temperature_z_last"", ""temperature_delta_mean"", ""temperature_slope""]",vibration_delta_mean,1,2,True,True,0.25,0.5,False,1.0,0.0
synthetic,overload_005_w420,4,4,overload,overload,4,"[""current_delta_mean"", ""temperature_z_last"", ""temperature_delta_mean"", ""temperature_slope""]",vibration_delta_mean,1,2,True,True,0.25,0.5,False,1.0,0.0
synthetic,overload_006_w300,4,0,overload,overload,3,"[""current_delta_mean"", ""current_slope"", ""temperature_z_last""]",vibration_slope,1,2,True,True,0.3333333333333333,0.6666666666666666,False,1.0,0.0
synthetic,overload_006_w300,4,1,overload,overload,3,"[""current_delta_mean"", ""current_slope"", ""temperature_z_last""]",vibration_slope,1,2,True,True,0.3333333333333333,0.6666666666666666,False,1.0,0.0
synthetic,overload_006_w300,4,2,overload,overload,4,"[""current_delta_mean"", ""current_slope"", ""temperature_z_last"", ""vibration_z_last""]",vibration_slope,1,2,True,True,0.25,0.5,False,1.0,0.0
synthetic,overload_006_w300,4,3,overload,overload,3,"[""current_delta_mean"", ""current_slope"", ""temperature_z_last""]",vibration_slope,1,2,True,True,0.3333333333333333,0.6666666666666666,False,1.0,0.0
synthetic,overload_006_w300,4,4,overload,overload,4,"[""current_delta_mean"", ""current_slope"", ""temperature_z_last"", ""vibration_z_last""]",vibration_slope,1,2,True,True,0.25,0.5,False,1.0,0.0
synthetic,overload_007_w420,4,0,overload,overload,4,"[""current_delta_mean"", ""temperature_delta_mean"", ""temperature_slope"", ""temperature_z_last""]",vibration_delta_mean,0,2,False,True,0.0,0.5,False,1.0,0.0
synthetic,overload_007_w420,4,1,overload,overload,3,"[""current_delta_mean"", ""temperature_delta_mean"", ""temperature_slope""]",vibration_delta_mean,0,2,False,True,0.0,0.6666666666666666,False,1.0,0.0
synthetic,overload_007_w420,4,2,overload,overload,3,"[""current_delta_mean"", ""temperature_delta_mean"", ""temperature_slope""]",vibration_delta_mean,0,2,False,True,0.0,0.6666666666666666,False,1.0,0.0
synthetic,overload_007_w420,4,3,overload,overload,3,"[""current_delta_mean"", ""temperature_delta_mean"", ""temperature_slope""]",vibration_delta_mean,0,2,False,True,0.0,0.6666666666666666,False,1.0,0.0
synthetic,overload_007_w420,4,4,overload,overload,3,"[""current_delta_mean"", ""temperature_delta_mean"", ""temperature_slope""]",vibration_delta_mean,0,2,False,True,0.0,0.6666666666666666,False,1.0,0.0
synthetic,overload_013_w360,4,0,overload,overload,4,"[""current_delta_mean"", ""current_slope"", ""temperature_z_last"", ""vibration_delta_mean""]",vibration_slope,2,3,True,True,0.5,0.75,False,1.0,0.0
synthetic,overload_013_w360,4,1,overload,overload,4,"[""current_delta_mean"", ""current_slope"", ""temperature_z_last"", ""vibration_delta_mean""]",vibration_slope,2,3,True,True,0.5,0.75,False,1.0,0.0
synthetic,overload_013_w360,4,2,overload,overload,4,"[""current_delta_mean"", ""current_slope"", ""temperature_z_last"", ""vibration_delta_mean""]",vibration_slope,2,3,True,True,0.5,0.75,False,1.0,0.0
synthetic,overload_013_w360,4,3,overload,overload,4,"[""current_delta_mean"", ""current_slope"", ""temperature_z_last"", ""vibration_delta_mean""]",vibration_slope,2,3,True,True,0.5,0.75,False,1.0,0.0
synthetic,overload_013_w360,4,4,overload,overload,3,"[""current_delta_mean"", ""current_slope"", ""temperature_z_last""]",vibration_slope,1,2,True,True,0.3333333333333333,0.6666666666666666,False,1.0,0.0
synthetic,overload_013_w420,4,0,overload,overload,4,"[""current_delta_mean"", ""current_slope"", ""temperature_delta_mean"", ""temperature_slope""]",vibration_slope,1,3,True,True,0.25,0.75,False,1.0,0.0
synthetic,overload_013_w420,4,1,overload,overload,4,"[""current_delta_mean"", ""current_slope"", ""temperature_delta_mean"", ""temperature_slope""]",vibration_slope,1,3,True,True,0.25,0.75,False,1.0,0.0
synthetic,overload_013_w420,4,2,overload,overload,4,"[""temperature_delta_mean"", ""temperature_slope"", ""current_delta_mean"", ""current_slope""]",vibration_slope,1,3,True,True,0.25,0.75,False,1.0,0.0
synthetic,overload_013_w420,4,3,overload,overload,4,"[""current_delta_mean"", ""current_slope"", ""temperature_delta_mean"", ""temperature_slope""]",vibration_slope,1,3,True,True,0.25,0.75,False,1.0,0.0
synthetic,overload_013_w420,4,4,overload,overload,4,"[""current_delta_mean"", ""current_slope"", ""temperature_delta_mean"", ""temperature_slope""]",vibration_slope,1,3,True,True,0.25,0.75,False,1.0,0.0
synthetic,overload_016_w300,4,0,overload,overload,4,"[""current_delta_mean"", ""current_slope"", ""temperature_z_last"", ""temperature_delta_mean""]",vibration_slope,1,2,True,True,0.25,0.5,False,1.0,0.0
synthetic,overload_016_w300,4,1,overload,overload,4,"[""current_delta_mean"", ""current_slope"", ""temperature_z_last"", ""temperature_delta_mean""]",vibration_slope,1,2,True,True,0.25,0.5,False,1.0,0.0
synthetic,overload_016_w300,4,2,overload,overload,4,"[""current_delta_mean"", ""current_slope"", ""temperature_delta_mean"", ""temperature_z_last""]",vibration_slope,1,2,True,True,0.25,0.5,False,1.0,0.0
synthetic,overload_016_w300,4,3,overload,overload,4,"[""current_delta_mean"", ""current_slope"", ""temperature_delta_mean"", ""temperature_z_last""]",vibration_slope,1,2,True,True,0.25,0.5,False,1.0,0.0
synthetic,overload_016_w300,4,4,overload,overload,4,"[""current_delta_mean"", ""current_slope"", ""temperature_delta_mean"", ""temperature_z_last""]",vibration_slope,1,2,True,True,0.25,0.5,False,1.0,0.0
synthetic,overload_034_w360,4,0,overload,overload,4,"[""current_delta_mean"", ""current_slope"", ""current_z_last"", ""vibration_z_last""]",vibration_slope,1,2,True,True,0.25,0.5,False,1.0,0.0
synthetic,overload_034_w360,4,1,overload,overload,4,"[""current_delta_mean"", ""current_slope"", ""current_z_last"", ""vibration_z_last""]",vibration_slope,1,2,True,True,0.25,0.5,False,1.0,0.0
synthetic,overload_034_w360,4,2,overload,overload,4,"[""current_delta_mean"", ""current_slope"", ""current_z_last"", ""vibration_z_last""]",vibration_slope,1,2,True,True,0.25,0.5,False,1.0,0.0
synthetic,overload_034_w360,4,3,overload,overload,4,"[""current_delta_mean"", ""current_slope"", ""current_z_last"", ""vibration_z_last""]",vibration_slope,1,2,True,True,0.25,0.5,False,1.0,0.0
synthetic,overload_034_w360,4,4,overload,overload,4,"[""current_delta_mean"", ""current_slope"", ""current_z_last"", ""vibration_z_last""]",vibration_slope,1,2,True,True,0.25,0.5,False,1.0,0.0
synthetic,overload_034_w420,4,0,overload,overload,4,"[""current_delta_mean"", ""current_slope"", ""temperature_delta_mean"", ""temperature_slope""]",vibration_delta_mean,1,2,True,True,0.25,0.5,False,1.0,0.0
synthetic,overload_034_w420,4,1,overload,overload,4,"[""current_delta_mean"", ""current_slope"", ""temperature_delta_mean"", ""temperature_slope""]",vibration_delta_mean,1,2,True,True,0.25,0.5,False,1.0,0.0
synthetic,overload_034_w420,4,2,overload,overload,4,"[""current_delta_mean"", ""current_slope"", ""temperature_delta_mean"", ""temperature_slope""]",vibration_delta_mean,1,2,True,True,0.25,0.5,False,1.0,0.0
synthetic,overload_034_w420,4,3,overload,overload,4,"[""current_delta_mean"", ""current_slope"", ""temperature_delta_mean"", ""temperature_slope""]",vibration_delta_mean,1,2,True,True,0.25,0.5,False,1.0,0.0
synthetic,overload_034_w420,4,4,overload,overload,4,"[""current_delta_mean"", ""current_slope"", ""temperature_delta_mean"", ""temperature_slope""]",vibration_delta_mean,1,2,True,True,0.25,0.5,False,1.0,0.0
synthetic,overload_035_w300,4,0,overload,overload,4,"[""current_delta_mean"", ""current_slope"", ""temperature_delta_mean"", ""vibration_z_last""]",vibration_slope,1,2,True,True,0.25,0.5,False,1.0,0.0
synthetic,overload_035_w300,4,1,overload,overload,4,"[""current_delta_mean"", ""current_slope"", ""temperature_delta_mean"", ""vibration_z_last""]",vibration_slope,1,2,True,True,0.25,0.5,False,1.0,0.0
synthetic,overload_035_w300,4,2,overload,overload,4,"[""current_delta_mean"", ""current_slope"", ""temperature_delta_mean"", ""vibration_z_last""]",vibration_slope,1,2,True,True,0.25,0.5,False,1.0,0.0
synthetic,overload_035_w300,4,3,overload,overload,4,"[""current_delta_mean"", ""current_slope"", ""temperature_delta_mean"", ""vibration_z_last""]",vibration_slope,1,2,True,True,0.25,0.5,False,1.0,0.0
synthetic,overload_035_w300,4,4,overload,overload,4,"[""current_delta_mean"", ""current_slope"", ""temperature_delta_mean"", ""vibration_z_last""]",vibration_slope,1,2,True,True,0.25,0.5,False,1.0,0.0
synthetic,overload_035_w360,4,0,overload,overload,4,"[""current_delta_mean"", ""current_z_last"", ""temperature_z_last"", ""current_slope""]",vibration_slope,1,2,True,True,0.25,0.5,False,1.0,0.0
synthetic,overload_035_w360,4,1,overload,overload,4,"[""current_z_last"", ""current_delta_mean"", ""temperature_z_last"", ""current_slope""]",vibration_slope,1,2,True,True,0.25,0.5,False,1.0,0.0
synthetic,overload_035_w360,4,2,overload,overload,4,"[""current_delta_mean"", ""current_z_last"", ""temperature_z_last"", ""current_slope""]",vibration_slope,1,2,True,True,0.25,0.5,False,1.0,0.0
synthetic,overload_035_w360,4,3,overload,overload,4,"[""current_delta_mean"", ""current_z_last"", ""temperature_z_last"", ""current_slope""]",vibration_slope,1,2,True,True,0.25,0.5,False,1.0,0.0
synthetic,overload_035_w360,4,4,overload,overload,4,"[""current_delta_mean"", ""current_z_last"", ""temperature_z_last"", ""current_slope""]",vibration_slope,1,2,True,True,0.25,0.5,False,1.0,0.0
synthetic,overload_039_w420,4,0,overload,overload,4,"[""current_delta_mean"", ""current_slope"", ""temperature_delta_mean"", ""temperature_slope""]",vibration_slope,0,2,False,True,0.0,0.5,False,1.0,0.0
synthetic,overload_039_w420,4,1,overload,overload,4,"[""current_delta_mean"", ""current_slope"", ""temperature_delta_mean"", ""temperature_slope""]",vibration_slope,0,2,False,True,0.0,0.5,False,1.0,0.0
synthetic,overload_039_w420,4,2,overload,overload,4,"[""current_delta_mean"", ""current_slope"", ""temperature_delta_mean"", ""temperature_slope""]",vibration_slope,0,2,False,True,0.0,0.5,False,1.0,0.0
synthetic,overload_039_w420,4,3,overload,overload,4,"[""current_delta_mean"", ""current_slope"", ""temperature_delta_mean"", ""temperature_slope""]",vibration_slope,0,2,False,True,0.0,0.5,False,1.0,0.0
synthetic,overload_039_w420,4,4,overload,overload,4,"[""current_delta_mean"", ""current_slope"", ""temperature_delta_mean"", ""temperature_slope""]",vibration_slope,0,2,False,True,0.0,0.5,False,1.0,0.0
synthetic,overload_039_w480,4,0,overload,overload,4,"[""current_z_last"", ""current_delta_mean"", ""current_slope"", ""temperature_z_last""]",vibration_delta_mean,1,2,True,True,0.25,0.5,False,1.0,0.0
synthetic,overload_039_w480,4,1,overload,overload,4,"[""current_z_last"", ""current_delta_mean"", ""current_slope"", ""temperature_z_last""]",vibration_delta_mean,1,2,True,True,0.25,0.5,False,1.0,0.0
synthetic,overload_039_w480,4,2,overload,overload,4,"[""current_z_last"", ""current_delta_mean"", ""current_slope"", ""temperature_z_last""]",vibration_delta_mean,1,2,True,True,0.25,0.5,False,1.0,0.0
synthetic,overload_039_w480,4,3,overload,overload,4,"[""current_z_last"", ""current_delta_mean"", ""current_slope"", ""temperature_z_last""]",vibration_delta_mean,1,2,True,True,0.25,0.5,False,1.0,0.0
synthetic,overload_039_w480,4,4,overload,overload,4,"[""current_z_last"", ""current_delta_mean"", ""current_slope"", ""temperature_z_last""]",vibration_delta_mean,1,2,True,True,0.25,0.5,False,1.0,0.0
synthetic,overload_046_w300,4,0,overload,overload,4,"[""current_delta_mean"", ""current_slope"", ""current_z_last"", ""vibration_z_last""]",vibration_slope,1,3,True,True,0.25,0.75,False,1.0,0.0
synthetic,overload_046_w300,4,1,overload,overload,4,"[""current_delta_mean"", ""current_slope"", ""current_z_last"", ""vibration_z_last""]",vibration_slope,1,3,True,True,0.25,0.75,False,1.0,0.0
synthetic,overload_046_w300,4,2,overload,overload,4,"[""current_delta_mean"", ""current_slope"", ""current_z_last"", ""vibration_z_last""]",vibration_slope,1,3,True,True,0.25,0.75,False,1.0,0.0
synthetic,overload_046_w300,4,3,overload,overload,4,"[""current_delta_mean"", ""current_slope"", ""current_z_last"", ""vibration_z_last""]",vibration_slope,1,3,True,True,0.25,0.75,False,1.0,0.0
synthetic,overload_046_w300,4,4,overload,overload,4,"[""current_delta_mean"", ""current_slope"", ""current_z_last"", ""vibration_z_last""]",vibration_slope,1,3,True,True,0.25,0.75,False,1.0,0.0
synthetic,overload_046_w360,4,0,overload,overload,3,"[""current_delta_mean"", ""current_slope"", ""temperature_z_last""]",vibration_slope,1,2,True,True,0.3333333333333333,0.6666666666666666,False,1.0,0.0
synthetic,overload_046_w360,4,1,overload,overload,3,"[""current_delta_mean"", ""current_slope"", ""temperature_z_last""]",vibration_slope,1,2,True,True,0.3333333333333333,0.6666666666666666,False,1.0,0.0
synthetic,overload_046_w360,4,2,overload,overload,4,"[""current_delta_mean"", ""current_slope"", ""temperature_z_last"", ""temperature_delta_mean""]",vibration_slope,1,3,True,True,0.25,0.75,False,1.0,0.0
synthetic,overload_046_w360,4,3,overload,overload,4,"[""current_delta_mean"", ""current_slope"", ""temperature_z_last"", ""temperature_delta_mean""]",vibration_slope,1,3,True,True,0.25,0.75,False,1.0,0.0
synthetic,overload_046_w360,4,4,overload,overload,3,"[""current_delta_mean"", ""current_slope"", ""temperature_z_last""]",vibration_slope,1,2,True,True,0.3333333333333333,0.6666666666666666,False,1.0,0.0
synthetic,overload_046_w420,4,0,overload,overload,4,"[""current_delta_mean"", ""current_slope"", ""temperature_delta_mean"", ""vibration_z_last""]",vibration_slope,1,2,True,True,0.25,0.5,False,1.0,0.0
synthetic,overload_046_w420,4,1,overload,overload,4,"[""current_delta_mean"", ""current_slope"", ""temperature_delta_mean"", ""temperature_slope""]",vibration_slope,1,2,True,True,0.25,0.5,False,1.0,0.0
synthetic,overload_046_w420,4,2,overload,overload,4,"[""current_delta_mean"", ""current_slope"", ""temperature_delta_mean"", ""temperature_slope""]",vibration_slope,1,2,True,True,0.25,0.5,False,1.0,0.0
synthetic,overload_046_w420,4,3,overload,overload,4,"[""current_delta_mean"", ""current_slope"", ""temperature_delta_mean"", ""temperature_slope""]",vibration_slope,1,2,True,True,0.25,0.5,False,1.0,0.0
synthetic,overload_046_w420,4,4,overload,overload,4,"[""current_delta_mean"", ""current_slope"", ""temperature_delta_mean"", ""temperature_slope""]",vibration_slope,1,2,True,True,0.25,0.5,False,1.0,0.0
synthetic,sensor_drift_005_w480,4,0,sensor_drift,sensor_drift,4,"[""current_delta_mean"", ""current_z_last"", ""current_slope"", ""temperature_slope""]",vibration_slope,1,2,True,True,0.25,0.5,False,1.0,0.0
synthetic,sensor_drift_005_w480,4,1,sensor_drift,sensor_drift,4,"[""current_delta_mean"", ""current_z_last"", ""current_slope"", ""temperature_slope""]",vibration_slope,1,2,True,True,0.25,0.5,False,1.0,0.0
synthetic,sensor_drift_005_w480,4,2,sensor_drift,sensor_drift,4,"[""current_delta_mean"", ""current_z_last"", ""current_slope"", ""temperature_slope""]",vibration_slope,1,2,True,True,0.25,0.5,False,1.0,0.0
synthetic,sensor_drift_005_w480,4,3,sensor_drift,sensor_drift,4,"[""current_delta_mean"", ""current_z_last"", ""current_slope"", ""temperature_slope""]",vibration_slope,1,2,True,True,0.25,0.5,False,1.0,0.0
synthetic,sensor_drift_005_w480,4,4,sensor_drift,sensor_drift,4,"[""current_delta_mean"", ""current_z_last"", ""current_slope"", ""temperature_slope""]",vibration_slope,1,2,True,True,0.25,0.5,False,1.0,0.0
synthetic,sensor_drift_024_w360,4,0,sensor_drift,sensor_drift,4,"[""current_delta_mean"", ""current_slope"", ""current_z_last"", ""temperature_z_last""]",vibration_slope,1,2,True,True,0.25,0.5,False,1.0,0.0
synthetic,sensor_drift_024_w360,4,1,sensor_drift,sensor_drift,4,"[""current_delta_mean"", ""current_slope"", ""temperature_z_last"", ""temperature_slope""]",vibration_slope,1,1,True,True,0.25,0.25,False,1.0,0.0
synthetic,sensor_drift_024_w360,4,2,sensor_drift,sensor_drift,4,"[""current_delta_mean"", ""current_slope"", ""temperature_z_last"", ""vibration_delta_mean""]",vibration_slope,2,2,True,True,0.5,0.5,False,1.0,0.0
synthetic,sensor_drift_024_w360,4,3,sensor_drift,sensor_drift,4,"[""current_delta_mean"", ""current_slope"", ""temperature_z_last"", ""current_z_last""]",vibration_slope,1,2,True,True,0.25,0.5,False,1.0,0.0
synthetic,sensor_drift_024_w360,4,4,sensor_drift,sensor_drift,4,"[""current_delta_mean"", ""current_slope"", ""current_z_last"", ""temperature_z_last""]",vibration_slope,1,2,True,True,0.25,0.5,False,1.0,0.0
synthetic,sensor_drift_024_w480,4,0,sensor_drift,sensor_drift,4,"[""current_delta_mean"", ""current_z_last"", ""current_slope"", ""temperature_slope""]",vibration_slope,1,2,True,True,0.25,0.5,False,1.0,0.0
synthetic,sensor_drift_024_w480,4,1,sensor_drift,sensor_drift,4,"[""current_delta_mean"", ""current_z_last"", ""current_slope"", ""temperature_slope""]",vibration_slope,1,2,True,True,0.25,0.5,False,1.0,0.0
synthetic,sensor_drift_024_w480,4,2,sensor_drift,sensor_drift,4,"[""current_delta_mean"", ""current_z_last"", ""current_slope"", ""temperature_slope""]",vibration_slope,1,2,True,True,0.25,0.5,False,1.0,0.0
synthetic,sensor_drift_024_w480,4,3,sensor_drift,sensor_drift,4,"[""current_delta_mean"", ""current_z_last"", ""current_slope"", ""temperature_slope""]",vibration_slope,1,2,True,True,0.25,0.5,False,1.0,0.0
synthetic,sensor_drift_024_w480,4,4,sensor_drift,sensor_drift,4,"[""current_delta_mean"", ""current_z_last"", ""current_slope"", ""temperature_slope""]",vibration_slope,1,2,True,True,0.25,0.5,False,1.0,0.0
synthetic,sensor_drift_027_w300,4,0,sensor_drift,sensor_drift,4,"[""vibration_delta_mean"", ""vibration_slope"", ""temperature_z_last"", ""current_z_last""]",vibration_delta_mean,2,2,True,True,0.5,0.5,True,0.75,0.25
synthetic,sensor_drift_027_w300,4,1,sensor_drift,sensor_drift,4,"[""vibration_delta_mean"", ""vibration_slope"", ""vibration_z_last"", ""current_z_last""]",vibration_delta_mean,2,2,True,True,0.5,0.5,True,1.0,0.0
synthetic,sensor_drift_027_w300,4,2,sensor_drift,sensor_drift,4,"[""vibration_delta_mean"", ""vibration_slope"", ""vibration_z_last"", ""current_z_last""]",vibration_delta_mean,2,2,True,True,0.5,0.5,True,1.0,0.0
synthetic,sensor_drift_027_w300,4,3,sensor_drift,sensor_drift,4,"[""vibration_delta_mean"", ""vibration_slope"", ""vibration_z_last"", ""current_z_last""]",vibration_delta_mean,2,2,True,True,0.5,0.5,True,1.0,0.0
synthetic,sensor_drift_027_w300,4,4,sensor_drift,sensor_drift,4,"[""vibration_delta_mean"", ""vibration_slope"", ""vibration_z_last"", ""current_z_last""]",vibration_delta_mean,2,2,True,True,0.5,0.5,True,1.0,0.0
synthetic,sensor_drift_027_w360,4,0,sensor_drift,sensor_drift,4,"[""current_delta_mean"", ""current_slope"", ""temperature_z_last"", ""vibration_slope""]",vibration_slope,2,2,True,True,0.5,0.5,True,1.0,0.0
synthetic,sensor_drift_027_w360,4,1,sensor_drift,sensor_drift,4,"[""current_delta_mean"", ""current_slope"", ""temperature_z_last"", ""vibration_delta_mean""]",vibration_slope,2,2,True,True,0.5,0.5,False,1.0,0.0
synthetic,sensor_drift_027_w360,4,2,sensor_drift,sensor_drift,3,"[""current_delta_mean"", ""current_slope"", ""temperature_z_last""]",vibration_slope,1,1,True,True,0.3333333333333333,0.3333333333333333,False,1.0,0.0
synthetic,sensor_drift_027_w360,4,3,sensor_drift,sensor_drift,4,"[""current_delta_mean"", ""current_slope"", ""temperature_z_last"", ""current_z_last""]",vibration_slope,1,2,True,True,0.25,0.5,False,1.0,0.0
synthetic,sensor_drift_027_w360,4,4,sensor_drift,sensor_drift,4,"[""current_delta_mean"", ""current_slope"", ""temperature_z_last"", ""current_z_last""]",vibration_slope,1,2,True,True,0.25,0.5,False,1.0,0.0
synthetic,sensor_drift_029_w300,4,0,sensor_drift,sensor_drift,4,"[""current_z_last"", ""temperature_z_last"", ""vibration_z_last"", ""vibration_slope""]",vibration_slope,2,2,True,True,0.5,0.5,True,1.0,0.0
synthetic,sensor_drift_029_w300,4,1,sensor_drift,sensor_drift,3,"[""current_z_last"", ""temperature_z_last"", ""vibration_z_last""]",vibration_slope,1,1,True,True,0.3333333333333333,0.3333333333333333,False,1.0,0.0
synthetic,sensor_drift_029_w300,4,2,sensor_drift,sensor_drift,4,"[""current_z_last"", ""temperature_z_last"", ""vibration_z_last"", ""vibration_slope""]",vibration_slope,2,2,True,True,0.5,0.5,True,1.0,0.0
synthetic,sensor_drift_029_w300,4,3,sensor_drift,sensor_drift,4,"[""current_z_last"", ""temperature_z_last"", ""vibration_z_last"", ""vibration_slope""]",vibration_slope,2,2,True,True,0.5,0.5,True,1.0,0.0
synthetic,sensor_drift_029_w300,4,4,sensor_drift,sensor_drift,4,"[""current_z_last"", ""temperature_z_last"", ""vibration_z_last"", ""vibration_slope""]",vibration_slope,2,2,True,True,0.5,0.5,True,1.0,0.0
synthetic,sensor_drift_029_w420,4,0,sensor_drift,sensor_drift,4,"[""temperature_z_last"", ""temperature_delta_mean"", ""temperature_slope"", ""current_z_last""]",vibration_slope,0,2,False,True,0.0,0.5,False,1.0,0.0
synthetic,sensor_drift_029_w420,4,1,sensor_drift,sensor_drift,4,"[""temperature_z_last"", ""temperature_delta_mean"", ""temperature_slope"", ""current_z_last""]",vibration_slope,0,2,False,True,0.0,0.5,False,1.0,0.0
synthetic,sensor_drift_029_w420,4,2,sensor_drift,sensor_drift,4,"[""temperature_z_last"", ""temperature_delta_mean"", ""temperature_slope"", ""current_z_last""]",vibration_slope,0,2,False,True,0.0,0.5,False,1.0,0.0
synthetic,sensor_drift_029_w420,4,3,sensor_drift,sensor_drift,4,"[""temperature_z_last"", ""temperature_delta_mean"", ""temperature_slope"", ""current_z_last""]",vibration_slope,0,2,False,True,0.0,0.5,False,1.0,0.0
synthetic,sensor_drift_029_w420,4,4,sensor_drift,sensor_drift,4,"[""temperature_z_last"", ""temperature_delta_mean"", ""temperature_slope"", ""current_z_last""]",vibration_slope,0,2,False,True,0.0,0.5,False,1.0,0.0
synthetic,sensor_drift_029_w480,4,0,sensor_drift,sensor_drift,4,"[""current_delta_mean"", ""current_slope"", ""vibration_z_last"", ""temperature_z_last""]",vibration_slope,1,1,True,True,0.25,0.25,False,1.0,0.0
synthetic,sensor_drift_029_w480,4,1,sensor_drift,sensor_drift,4,"[""current_delta_mean"", ""current_slope"", ""vibration_z_last"", ""temperature_z_last""]",vibration_slope,1,1,True,True,0.25,0.25,False,1.0,0.0
synthetic,sensor_drift_029_w480,4,2,sensor_drift,sensor_drift,4,"[""current_delta_mean"", ""current_slope"", ""vibration_z_last"", ""temperature_z_last""]",vibration_slope,1,1,True,True,0.25,0.25,False,1.0,0.0
synthetic,sensor_drift_029_w480,4,3,sensor_drift,sensor_drift,4,"[""current_delta_mean"", ""current_slope"", ""vibration_z_last"", ""temperature_z_last""]",vibration_slope,1,1,True,True,0.25,0.25,False,1.0,0.0
synthetic,sensor_drift_029_w480,4,4,sensor_drift,sensor_drift,4,"[""current_delta_mean"", ""current_slope"", ""vibration_z_last"", ""temperature_z_last""]",vibration_slope,1,1,True,True,0.25,0.25,False,1.0,0.0
synthetic,sensor_drift_032_w360,4,0,sensor_drift,sensor_drift,4,"[""current_delta_mean"", ""current_slope"", ""temperature_z_last"", ""vibration_z_last""]",vibration_slope,1,1,True,True,0.25,0.25,False,1.0,0.0
synthetic,sensor_drift_032_w360,4,1,sensor_drift,sensor_drift,4,"[""current_delta_mean"", ""current_slope"", ""temperature_z_last"", ""vibration_z_last""]",vibration_slope,1,1,True,True,0.25,0.25,False,1.0,0.0
synthetic,sensor_drift_032_w360,4,2,sensor_drift,sensor_drift,4,"[""current_delta_mean"", ""current_slope"", ""temperature_z_last"", ""vibration_z_last""]",vibration_slope,1,1,True,True,0.25,0.25,False,1.0,0.0
synthetic,sensor_drift_032_w360,4,3,sensor_drift,sensor_drift,4,"[""current_delta_mean"", ""current_slope"", ""temperature_z_last"", ""vibration_z_last""]",vibration_slope,1,1,True,True,0.25,0.25,False,1.0,0.0
synthetic,sensor_drift_032_w360,4,4,sensor_drift,sensor_drift,4,"[""current_delta_mean"", ""current_slope"", ""vibration_z_last"", ""temperature_z_last""]",vibration_slope,1,1,True,True,0.25,0.25,False,1.0,0.0
synthetic,sensor_drift_038_w300,4,0,sensor_drift,sensor_drift,4,"[""current_z_last"", ""temperature_z_last"", ""vibration_z_last"", ""vibration_slope""]",vibration_slope,2,2,True,True,0.5,0.5,True,1.0,0.0
synthetic,sensor_drift_038_w300,4,1,sensor_drift,sensor_drift,4,"[""current_z_last"", ""temperature_z_last"", ""vibration_z_last"", ""vibration_slope""]",vibration_slope,2,2,True,True,0.5,0.5,True,1.0,0.0
synthetic,sensor_drift_038_w300,4,2,sensor_drift,sensor_drift,4,"[""current_z_last"", ""vibration_z_last"", ""temperature_z_last"", ""vibration_slope""]",vibration_slope,2,2,True,True,0.5,0.5,True,1.0,0.0
synthetic,sensor_drift_038_w300,4,3,sensor_drift,sensor_drift,4,"[""current_z_last"", ""vibration_z_last"", ""temperature_z_last"", ""vibration_slope""]",vibration_slope,2,2,True,True,0.5,0.5,True,1.0,0.0
synthetic,sensor_drift_038_w300,4,4,sensor_drift,sensor_drift,3,"[""current_z_last"", ""vibration_z_last"", ""temperature_z_last""]",vibration_slope,1,1,True,True,0.3333333333333333,0.3333333333333333,False,1.0,0.0
synthetic,sensor_drift_038_w420,4,0,sensor_drift,sensor_drift,4,"[""temperature_delta_mean"", ""temperature_slope"", ""temperature_z_last"", ""current_z_last""]",vibration_slope,0,2,False,True,0.0,0.5,False,1.0,0.0
synthetic,sensor_drift_038_w420,4,1,sensor_drift,sensor_drift,4,"[""temperature_delta_mean"", ""temperature_slope"", ""current_z_last"", ""temperature_z_last""]",vibration_slope,0,2,False,True,0.0,0.5,False,1.0,0.0
synthetic,sensor_drift_038_w420,4,2,sensor_drift,sensor_drift,4,"[""temperature_delta_mean"", ""temperature_slope"", ""temperature_z_last"", ""current_z_last""]",vibration_slope,0,2,False,True,0.0,0.5,False,1.0,0.0
synthetic,sensor_drift_038_w420,4,3,sensor_drift,sensor_drift,4,"[""temperature_delta_mean"", ""temperature_slope"", ""temperature_z_last"", ""current_z_last""]",vibration_slope,0,2,False,True,0.0,0.5,False,1.0,0.0
synthetic,sensor_drift_038_w420,4,4,sensor_drift,sensor_drift,4,"[""temperature_delta_mean"", ""temperature_slope"", ""temperature_z_last"", ""current_z_last""]",vibration_slope,0,2,False,True,0.0,0.5,False,1.0,0.0
synthetic,sensor_drift_038_w480,4,0,sensor_drift,sensor_drift,4,"[""current_delta_mean"", ""current_slope"", ""temperature_slope"", ""vibration_z_last""]",vibration_slope,1,1,True,True,0.25,0.25,False,1.0,0.0
synthetic,sensor_drift_038_w480,4,1,sensor_drift,sensor_drift,4,"[""current_delta_mean"", ""current_slope"", ""temperature_slope"", ""vibration_z_last""]",vibration_slope,1,1,True,True,0.25,0.25,False,1.0,0.0
synthetic,sensor_drift_038_w480,4,2,sensor_drift,sensor_drift,4,"[""current_delta_mean"", ""current_slope"", ""temperature_slope"", ""vibration_slope""]",vibration_slope,2,2,True,True,0.5,0.5,True,1.0,0.0
synthetic,sensor_drift_038_w480,4,3,sensor_drift,sensor_drift,4,"[""current_delta_mean"", ""current_slope"", ""temperature_slope"", ""vibration_z_last""]",vibration_slope,1,1,True,True,0.25,0.25,False,1.0,0.0
synthetic,sensor_drift_038_w480,4,4,sensor_drift,sensor_drift,4,"[""current_delta_mean"", ""current_slope"", ""temperature_slope"", ""vibration_z_last""]",vibration_slope,1,1,True,True,0.25,0.25,False,1.0,0.0
synthetic,sensor_drift_043_w360,4,0,sensor_drift,sensor_drift,3,"[""current_delta_mean"", ""current_slope"", ""temperature_z_last""]",vibration_slope,1,1,True,True,0.3333333333333333,0.3333333333333333,False,1.0,0.0
synthetic,sensor_drift_043_w360,4,1,sensor_drift,sensor_drift,4,"[""current_delta_mean"", ""current_slope"", ""current_z_last"", ""temperature_z_last""]",vibration_slope,1,2,True,True,0.25,0.5,False,1.0,0.0
synthetic,sensor_drift_043_w360,4,2,sensor_drift,sensor_drift,4,"[""current_delta_mean"", ""current_slope"", ""current_z_last"", ""temperature_z_last""]",vibration_slope,1,2,True,True,0.25,0.5,False,1.0,0.0
synthetic,sensor_drift_043_w360,4,3,sensor_drift,sensor_drift,4,"[""current_delta_mean"", ""current_slope"", ""temperature_z_last"", ""vibration_z_last""]",vibration_slope,1,1,True,True,0.25,0.25,False,1.0,0.0
synthetic,sensor_drift_043_w360,4,4,sensor_drift,sensor_drift,4,"[""current_delta_mean"", ""current_slope"", ""current_z_last"", ""temperature_z_last""]",vibration_slope,1,2,True,True,0.25,0.5,False,1.0,0.0
synthetic,sensor_drift_044_w300,4,0,sensor_drift,sensor_drift,4,"[""current_z_last"", ""vibration_delta_mean"", ""vibration_slope"", ""temperature_z_last""]",vibration_slope,2,3,True,True,0.5,0.75,True,1.0,0.0
synthetic,sensor_drift_044_w300,4,1,sensor_drift,sensor_drift,3,"[""current_z_last"", ""vibration_delta_mean"", ""vibration_slope""]",vibration_slope,2,3,True,True,0.6666666666666666,1.0,True,1.0,0.0
synthetic,sensor_drift_044_w300,4,2,sensor_drift,sensor_drift,4,"[""current_z_last"", ""vibration_delta_mean"", ""vibration_slope"", ""temperature_z_last""]",vibration_slope,2,3,True,True,0.5,0.75,True,1.0,0.0
synthetic,sensor_drift_044_w300,4,3,sensor_drift,sensor_drift,4,"[""current_z_last"", ""vibration_delta_mean"", ""vibration_slope"", ""temperature_z_last""]",vibration_slope,2,3,True,True,0.5,0.75,True,1.0,0.0
synthetic,sensor_drift_044_w300,4,4,sensor_drift,sensor_drift,4,"[""current_z_last"", ""vibration_delta_mean"", ""vibration_slope"", ""temperature_z_last""]",vibration_slope,2,3,True,True,0.5,0.75,True,1.0,0.0
synthetic,sensor_drift_044_w360,4,0,sensor_drift,sensor_drift,4,"[""current_delta_mean"", ""current_z_last"", ""current_slope"", ""temperature_z_last""]",vibration_slope,1,2,True,True,0.25,0.5,False,1.0,0.0
synthetic,sensor_drift_044_w360,4,1,sensor_drift,sensor_drift,4,"[""current_delta_mean"", ""current_z_last"", ""current_slope"", ""temperature_z_last""]",vibration_slope,1,2,True,True,0.25,0.5,False,1.0,0.0
synthetic,sensor_drift_044_w360,4,2,sensor_drift,sensor_drift,4,"[""current_delta_mean"", ""current_z_last"", ""current_slope"", ""temperature_z_last""]",vibration_slope,1,2,True,True,0.25,0.5,False,1.0,0.0
synthetic,sensor_drift_044_w360,4,3,sensor_drift,sensor_drift,4,"[""current_delta_mean"", ""current_z_last"", ""current_slope"", ""temperature_z_last""]",vibration_slope,1,2,True,True,0.25,0.5,False,1.0,0.0
synthetic,sensor_drift_044_w360,4,4,sensor_drift,sensor_drift,4,"[""current_delta_mean"", ""current_z_last"", ""current_slope"", ""temperature_z_last""]",vibration_slope,1,2,True,True,0.25,0.5,False,1.0,0.0
synthetic,sensor_drift_044_w480,4,0,sensor_drift,sensor_drift,4,"[""current_delta_mean"", ""current_slope"", ""temperature_slope"", ""temperature_z_last""]",vibration_delta_mean,1,3,True,True,0.25,0.75,False,1.0,0.0
synthetic,sensor_drift_044_w480,4,1,sensor_drift,sensor_drift,4,"[""current_delta_mean"", ""current_slope"", ""temperature_slope"", ""temperature_z_last""]",vibration_delta_mean,1,3,True,True,0.25,0.75,False,1.0,0.0
synthetic,sensor_drift_044_w480,4,2,sensor_drift,sensor_drift,4,"[""current_delta_mean"", ""current_slope"", ""temperature_slope"", ""temperature_z_last""]",vibration_delta_mean,1,3,True,True,0.25,0.75,False,1.0,0.0
synthetic,sensor_drift_044_w480,4,3,sensor_drift,sensor_drift,4,"[""current_delta_mean"", ""current_slope"", ""temperature_slope"", ""temperature_z_last""]",vibration_delta_mean,1,3,True,True,0.25,0.75,False,1.0,0.0
synthetic,sensor_drift_044_w480,4,4,sensor_drift,sensor_drift,4,"[""current_delta_mean"", ""current_slope"", ""temperature_slope"", ""temperature_z_last""]",vibration_delta_mean,1,3,True,True,0.25,0.75,False,1.0,0.0
synthetic,sensor_drift_045_w300,4,0,sensor_drift,sensor_drift,4,"[""current_z_last"", ""vibration_delta_mean"", ""vibration_z_last"", ""vibration_slope""]",vibration_slope,3,3,True,True,0.75,0.75,True,1.0,0.0
synthetic,sensor_drift_045_w300,4,1,sensor_drift,sensor_drift,4,"[""current_z_last"", ""vibration_z_last"", ""vibration_slope"", ""vibration_delta_mean""]",vibration_slope,3,3,True,True,0.75,0.75,True,1.0,0.0
synthetic,sensor_drift_045_w300,4,2,sensor_drift,sensor_drift,4,"[""current_z_last"", ""vibration_delta_mean"", ""vibration_z_last"", ""vibration_slope""]",vibration_slope,3,3,True,True,0.75,0.75,True,1.0,0.0
synthetic,sensor_drift_045_w300,4,3,sensor_drift,sensor_drift,4,"[""current_z_last"", ""vibration_delta_mean"", ""vibration_z_last"", ""current_delta_mean""]",vibration_slope,2,2,True,True,0.5,0.5,False,0.75,0.25
synthetic,sensor_drift_045_w300,4,4,sensor_drift,sensor_drift,4,"[""current_z_last"", ""vibration_delta_mean"", ""vibration_z_last"", ""vibration_slope""]",vibration_slope,3,3,True,True,0.75,0.75,True,1.0,0.0
synthetic,sensor_drift_046_w420,4,0,sensor_drift,sensor_drift,4,"[""temperature_delta_mean"", ""temperature_slope"", ""vibration_z_last"", ""current_z_last""]",vibration_delta_mean,0,2,False,True,0.0,0.5,False,1.0,0.0
synthetic,sensor_drift_046_w420,4,1,sensor_drift,sensor_drift,4,"[""temperature_slope"", ""temperature_delta_mean"", ""vibration_z_last"", ""current_z_last""]",vibration_delta_mean,0,2,False,True,0.0,0.5,False,1.0,0.0
synthetic,sensor_drift_046_w420,4,2,sensor_drift,sensor_drift,4,"[""temperature_slope"", ""temperature_delta_mean"", ""vibration_z_last"", ""current_z_last""]",vibration_delta_mean,0,2,False,True,0.0,0.5,False,1.0,0.0
synthetic,sensor_drift_046_w420,4,3,sensor_drift,sensor_drift,4,"[""temperature_delta_mean"", ""temperature_slope"", ""vibration_z_last"", ""current_z_last""]",vibration_delta_mean,0,2,False,True,0.0,0.5,False,1.0,0.0
synthetic,sensor_drift_046_w420,4,4,sensor_drift,sensor_drift,4,"[""temperature_slope"", ""temperature_delta_mean"", ""vibration_z_last"", ""current_z_last""]",vibration_delta_mean,0,2,False,True,0.0,0.5,False,1.0,0.0
synthetic,sensor_drift_046_w480,4,0,sensor_drift,sensor_drift,4,"[""current_delta_mean"", ""current_slope"", ""current_z_last"", ""temperature_slope""]",vibration_slope,1,2,True,True,0.25,0.5,False,1.0,0.0
synthetic,sensor_drift_046_w480,4,1,sensor_drift,sensor_drift,4,"[""current_delta_mean"", ""current_z_last"", ""current_slope"", ""temperature_slope""]",vibration_slope,1,2,True,True,0.25,0.5,False,1.0,0.0
synthetic,sensor_drift_046_w480,4,2,sensor_drift,sensor_drift,4,"[""current_delta_mean"", ""current_slope"", ""current_z_last"", ""temperature_slope""]",vibration_slope,1,2,True,True,0.25,0.5,False,1.0,0.0
synthetic,sensor_drift_046_w480,4,3,sensor_drift,sensor_drift,4,"[""current_delta_mean"", ""current_z_last"", ""current_slope"", ""temperature_slope""]",vibration_slope,1,2,True,True,0.25,0.5,False,1.0,0.0
synthetic,sensor_drift_046_w480,4,4,sensor_drift,sensor_drift,4,"[""current_delta_mean"", ""current_slope"", ""current_z_last"", ""temperature_slope""]",vibration_slope,1,2,True,True,0.25,0.5,False,1.0,0.0
synthetic,sensor_drift_047_w360,4,0,sensor_drift,sensor_drift,4,"[""current_delta_mean"", ""current_slope"", ""temperature_z_last"", ""vibration_z_last""]",vibration_slope,0,1,False,True,0.0,0.25,False,1.0,0.0
synthetic,sensor_drift_047_w360,4,1,sensor_drift,sensor_drift,4,"[""current_delta_mean"", ""current_slope"", ""temperature_z_last"", ""vibration_z_last""]",vibration_slope,0,1,False,True,0.0,0.25,False,1.0,0.0
synthetic,sensor_drift_047_w360,4,2,sensor_drift,sensor_drift,4,"[""current_delta_mean"", ""current_slope"", ""temperature_z_last"", ""vibration_z_last""]",vibration_slope,0,1,False,True,0.0,0.25,False,1.0,0.0
synthetic,sensor_drift_047_w360,4,3,sensor_drift,sensor_drift,4,"[""current_delta_mean"", ""current_slope"", ""temperature_z_last"", ""vibration_z_last""]",vibration_slope,0,1,False,True,0.0,0.25,False,1.0,0.0
synthetic,sensor_drift_047_w360,4,4,sensor_drift,sensor_drift,4,"[""current_delta_mean"", ""current_slope"", ""temperature_z_last"", ""vibration_z_last""]",vibration_slope,0,1,False,True,0.0,0.25,False,1.0,0.0
synthetic,overvoltage_004_w360,4,0,overvoltage,overvoltage,4,"[""current_z_last"", ""temperature_delta_mean"", ""temperature_slope"", ""temperature_z_last""]",current_z_last,1,1,True,True,0.25,0.25,True,1.0,0.0
synthetic,overvoltage_004_w360,4,1,overvoltage,overvoltage,4,"[""current_z_last"", ""temperature_delta_mean"", ""temperature_slope"", ""temperature_z_last""]",current_z_last,1,1,True,True,0.25,0.25,True,1.0,0.0
synthetic,overvoltage_004_w360,4,2,overvoltage,overvoltage,4,"[""current_z_last"", ""temperature_delta_mean"", ""temperature_slope"", ""temperature_z_last""]",current_z_last,1,1,True,True,0.25,0.25,True,1.0,0.0
synthetic,overvoltage_004_w360,4,3,overvoltage,overvoltage,3,"[""current_z_last"", ""temperature_delta_mean"", ""temperature_slope""]",current_z_last,1,1,True,True,0.3333333333333333,0.3333333333333333,True,1.0,0.0
synthetic,overvoltage_004_w360,4,4,overvoltage,overvoltage,4,"[""current_z_last"", ""temperature_delta_mean"", ""temperature_slope"", ""temperature_z_last""]",current_z_last,1,1,True,True,0.25,0.25,True,1.0,0.0
synthetic,overvoltage_004_w480,4,0,overvoltage,overvoltage,3,"[""current_z_last"", ""temperature_z_last"", ""vibration_z_last""]",vibration_slope,1,1,True,True,0.3333333333333333,0.3333333333333333,False,0.6666666666666666,0.3333333333333333
synthetic,overvoltage_004_w480,4,1,overvoltage,overvoltage,3,"[""current_z_last"", ""temperature_z_last"", ""vibration_z_last""]",vibration_slope,1,1,True,True,0.3333333333333333,0.3333333333333333,False,0.6666666666666666,0.3333333333333333
synthetic,overvoltage_004_w480,4,2,overvoltage,overvoltage,3,"[""current_z_last"", ""temperature_z_last"", ""vibration_z_last""]",vibration_slope,1,1,True,True,0.3333333333333333,0.3333333333333333,False,0.6666666666666666,0.3333333333333333
synthetic,overvoltage_004_w480,4,3,overvoltage,overvoltage,3,"[""current_z_last"", ""temperature_z_last"", ""vibration_z_last""]",vibration_slope,1,1,True,True,0.3333333333333333,0.3333333333333333,False,0.6666666666666666,0.3333333333333333
synthetic,overvoltage_004_w480,4,4,overvoltage,overvoltage,3,"[""current_z_last"", ""temperature_z_last"", ""vibration_z_last""]",vibration_slope,1,1,True,True,0.3333333333333333,0.3333333333333333,False,0.6666666666666666,0.3333333333333333
synthetic,overvoltage_006_w360,4,0,overvoltage,overvoltage,4,"[""current_z_last"", ""temperature_delta_mean"", ""temperature_slope"", ""vibration_z_last""]",vibration_slope,1,1,True,True,0.25,0.25,False,1.0,0.0
synthetic,overvoltage_006_w360,4,1,overvoltage,overvoltage,4,"[""current_z_last"", ""temperature_delta_mean"", ""temperature_z_last"", ""vibration_z_last""]",vibration_slope,1,1,True,True,0.25,0.25,False,1.0,0.0
synthetic,overvoltage_006_w360,4,2,overvoltage,overvoltage,4,"[""current_z_last"", ""temperature_delta_mean"", ""temperature_slope"", ""vibration_z_last""]",vibration_slope,1,1,True,True,0.25,0.25,False,1.0,0.0
synthetic,overvoltage_006_w360,4,3,overvoltage,overvoltage,4,"[""current_z_last"", ""temperature_delta_mean"", ""temperature_slope"", ""vibration_z_last""]",vibration_slope,1,1,True,True,0.25,0.25,False,1.0,0.0
synthetic,overvoltage_006_w360,4,4,overvoltage,overvoltage,4,"[""current_z_last"", ""temperature_delta_mean"", ""temperature_slope"", ""vibration_z_last""]",vibration_slope,1,1,True,True,0.25,0.25,False,1.0,0.0
synthetic,overvoltage_007_w360,4,0,overvoltage,overvoltage,3,"[""current_z_last"", ""temperature_z_last"", ""temperature_slope""]",vibration_slope,1,1,True,True,0.3333333333333333,0.3333333333333333,False,1.0,0.0
synthetic,overvoltage_007_w360,4,1,overvoltage,overvoltage,3,"[""current_z_last"", ""temperature_z_last"", ""temperature_slope""]",vibration_slope,1,1,True,True,0.3333333333333333,0.3333333333333333,False,1.0,0.0
synthetic,overvoltage_007_w360,4,2,overvoltage,overvoltage,3,"[""current_z_last"", ""temperature_z_last"", ""temperature_slope""]",vibration_slope,1,1,True,True,0.3333333333333333,0.3333333333333333,False,1.0,0.0
synthetic,overvoltage_007_w360,4,3,overvoltage,overvoltage,3,"[""current_z_last"", ""temperature_z_last"", ""temperature_delta_mean""]",vibration_slope,1,1,True,True,0.3333333333333333,0.3333333333333333,False,1.0,0.0
synthetic,overvoltage_007_w360,4,4,overvoltage,overvoltage,3,"[""current_z_last"", ""temperature_z_last"", ""temperature_delta_mean""]",vibration_slope,1,1,True,True,0.3333333333333333,0.3333333333333333,False,1.0,0.0
synthetic,overvoltage_007_w420,4,0,overvoltage,overvoltage,4,"[""current_delta_mean"", ""current_slope"", ""temperature_delta_mean"", ""temperature_slope""]",current_slope,1,3,True,True,0.25,0.75,True,1.0,0.0
synthetic,overvoltage_007_w420,4,1,overvoltage,overvoltage,4,"[""current_delta_mean"", ""current_slope"", ""temperature_delta_mean"", ""temperature_slope""]",current_slope,1,3,True,True,0.25,0.75,True,1.0,0.0
synthetic,overvoltage_007_w420,4,2,overvoltage,overvoltage,4,"[""current_delta_mean"", ""current_slope"", ""temperature_delta_mean"", ""temperature_slope""]",current_slope,1,3,True,True,0.25,0.75,True,1.0,0.0
synthetic,overvoltage_007_w420,4,3,overvoltage,overvoltage,4,"[""current_delta_mean"", ""current_slope"", ""temperature_delta_mean"", ""temperature_slope""]",current_slope,1,3,True,True,0.25,0.75,True,1.0,0.0
synthetic,overvoltage_007_w420,4,4,overvoltage,overvoltage,4,"[""current_delta_mean"", ""current_slope"", ""temperature_delta_mean"", ""temperature_slope""]",current_slope,1,3,True,True,0.25,0.75,True,1.0,0.0
synthetic,overvoltage_008_w300,4,0,overvoltage,overvoltage,4,"[""current_delta_mean"", ""current_slope"", ""temperature_slope"", ""temperature_z_last""]",vibration_slope,1,3,True,True,0.25,0.75,False,1.0,0.0
synthetic,overvoltage_008_w300,4,1,overvoltage,overvoltage,4,"[""current_delta_mean"", ""current_slope"", ""temperature_slope"", ""temperature_z_last""]",vibration_slope,1,3,True,True,0.25,0.75,False,1.0,0.0
synthetic,overvoltage_008_w300,4,2,overvoltage,overvoltage,4,"[""current_delta_mean"", ""current_slope"", ""temperature_slope"", ""temperature_z_last""]",vibration_slope,1,3,True,True,0.25,0.75,False,1.0,0.0
synthetic,overvoltage_008_w300,4,3,overvoltage,overvoltage,4,"[""current_delta_mean"", ""current_slope"", ""temperature_slope"", ""temperature_z_last""]",vibration_slope,1,3,True,True,0.25,0.75,False,1.0,0.0
synthetic,overvoltage_008_w300,4,4,overvoltage,overvoltage,4,"[""current_delta_mean"", ""current_slope"", ""temperature_slope"", ""temperature_z_last""]",vibration_slope,1,3,True,True,0.25,0.75,False,1.0,0.0
synthetic,overvoltage_008_w480,4,0,overvoltage,overvoltage,4,"[""current_z_last"", ""temperature_z_last"", ""vibration_z_last"", ""current_delta_mean""]",vibration_slope,1,2,True,True,0.25,0.5,False,1.0,0.0
synthetic,overvoltage_008_w480,4,1,overvoltage,overvoltage,4,"[""current_z_last"", ""temperature_z_last"", ""vibration_z_last"", ""current_delta_mean""]",vibration_slope,1,2,True,True,0.25,0.5,False,1.0,0.0
synthetic,overvoltage_008_w480,4,2,overvoltage,overvoltage,3,"[""current_z_last"", ""temperature_z_last"", ""vibration_z_last""]",vibration_slope,1,1,True,True,0.3333333333333333,0.3333333333333333,False,0.6666666666666666,0.3333333333333333
synthetic,overvoltage_008_w480,4,3,overvoltage,overvoltage,4,"[""current_z_last"", ""temperature_z_last"", ""vibration_z_last"", ""current_delta_mean""]",vibration_slope,1,2,True,True,0.25,0.5,False,1.0,0.0
synthetic,overvoltage_008_w480,4,4,overvoltage,overvoltage,4,"[""current_z_last"", ""temperature_z_last"", ""vibration_z_last"", ""current_delta_mean""]",vibration_slope,1,2,True,True,0.25,0.5,False,0.75,0.25
synthetic,overvoltage_011_w360,4,0,overvoltage,overvoltage,3,"[""current_z_last"", ""temperature_delta_mean"", ""temperature_slope""]",vibration_slope,1,1,True,True,0.3333333333333333,0.3333333333333333,False,1.0,0.0
synthetic,overvoltage_011_w360,4,1,overvoltage,overvoltage,4,"[""current_z_last"", ""temperature_delta_mean"", ""temperature_slope"", ""vibration_z_last""]",vibration_slope,1,1,True,True,0.25,0.25,False,1.0,0.0
synthetic,overvoltage_011_w360,4,2,overvoltage,overvoltage,4,"[""current_z_last"", ""temperature_delta_mean"", ""temperature_slope"", ""vibration_z_last""]",vibration_slope,1,1,True,True,0.25,0.25,False,1.0,0.0
synthetic,overvoltage_011_w360,4,3,overvoltage,overvoltage,4,"[""current_z_last"", ""temperature_delta_mean"", ""temperature_slope"", ""vibration_z_last""]",vibration_slope,1,1,True,True,0.25,0.25,False,1.0,0.0
synthetic,overvoltage_011_w360,4,4,overvoltage,overvoltage,4,"[""current_z_last"", ""temperature_delta_mean"", ""temperature_slope"", ""vibration_z_last""]",vibration_slope,1,1,True,True,0.25,0.25,False,1.0,0.0
synthetic,overvoltage_011_w420,4,0,overvoltage,overvoltage,4,"[""current_delta_mean"", ""current_slope"", ""temperature_delta_mean"", ""temperature_slope""]",vibration_slope,1,3,True,True,0.25,0.75,False,1.0,0.0
synthetic,overvoltage_011_w420,4,1,overvoltage,overvoltage,4,"[""current_delta_mean"", ""current_slope"", ""temperature_delta_mean"", ""temperature_slope""]",vibration_slope,1,3,True,True,0.25,0.75,False,1.0,0.0
synthetic,overvoltage_011_w420,4,2,overvoltage,overvoltage,4,"[""current_delta_mean"", ""current_slope"", ""temperature_delta_mean"", ""temperature_slope""]",vibration_slope,1,3,True,True,0.25,0.75,False,1.0,0.0
synthetic,overvoltage_011_w420,4,3,overvoltage,overvoltage,4,"[""current_delta_mean"", ""current_slope"", ""temperature_delta_mean"", ""temperature_slope""]",vibration_slope,1,3,True,True,0.25,0.75,False,1.0,0.0
synthetic,overvoltage_011_w420,4,4,overvoltage,overvoltage,4,"[""current_delta_mean"", ""current_slope"", ""temperature_delta_mean"", ""temperature_slope""]",vibration_slope,1,3,True,True,0.25,0.75,False,1.0,0.0
synthetic,overvoltage_011_w480,4,0,overvoltage,overvoltage,4,"[""current_z_last"", ""temperature_z_last"", ""vibration_z_last"", ""current_delta_mean""]",vibration_slope,1,2,True,True,0.25,0.5,False,1.0,0.0
synthetic,overvoltage_011_w480,4,1,overvoltage,overvoltage,4,"[""current_z_last"", ""temperature_z_last"", ""vibration_z_last"", ""current_delta_mean""]",vibration_slope,1,2,True,True,0.25,0.5,False,1.0,0.0
synthetic,overvoltage_011_w480,4,2,overvoltage,overvoltage,4,"[""current_z_last"", ""temperature_z_last"", ""vibration_z_last"", ""current_delta_mean""]",vibration_slope,1,2,True,True,0.25,0.5,False,1.0,0.0
synthetic,overvoltage_011_w480,4,3,sensor_drift,overvoltage,4,"[""current_z_last"", ""temperature_z_last"", ""vibration_z_last"", ""current_delta_mean""]",vibration_slope,1,2,True,True,0.25,0.5,False,1.0,0.0
synthetic,overvoltage_011_w480,4,4,overvoltage,overvoltage,4,"[""current_z_last"", ""temperature_z_last"", ""vibration_z_last"", ""current_slope""]",vibration_slope,1,2,True,True,0.25,0.5,False,1.0,0.0
synthetic,overvoltage_022_w300,4,0,overvoltage,overvoltage,4,"[""current_delta_mean"", ""current_slope"", ""temperature_z_last"", ""vibration_z_last""]",current_slope,2,2,True,True,0.5,0.5,True,1.0,0.0
synthetic,overvoltage_022_w300,4,1,overvoltage,overvoltage,4,"[""current_delta_mean"", ""current_slope"", ""temperature_z_last"", ""vibration_z_last""]",current_slope,2,2,True,True,0.5,0.5,True,1.0,0.0
synthetic,overvoltage_022_w300,4,2,overvoltage,overvoltage,3,"[""current_delta_mean"", ""current_slope"", ""temperature_z_last""]",current_slope,2,2,True,True,0.6666666666666666,0.6666666666666666,True,1.0,0.0
synthetic,overvoltage_022_w300,4,3,overvoltage,overvoltage,4,"[""current_delta_mean"", ""current_slope"", ""temperature_z_last"", ""vibration_z_last""]",current_slope,2,2,True,True,0.5,0.5,True,1.0,0.0
synthetic,overvoltage_022_w300,4,4,overvoltage,overvoltage,4,"[""current_delta_mean"", ""current_slope"", ""temperature_z_last"", ""vibration_z_last""]",current_slope,2,2,True,True,0.5,0.5,True,1.0,0.0
synthetic,overvoltage_027_w300,4,0,overvoltage,overvoltage,4,"[""current_delta_mean"", ""current_slope"", ""temperature_z_last"", ""temperature_slope""]",vibration_slope,1,2,True,True,0.25,0.5,False,1.0,0.0
synthetic,overvoltage_027_w300,4,1,overvoltage,overvoltage,4,"[""current_delta_mean"", ""current_slope"", ""temperature_z_last"", ""temperature_slope""]",vibration_slope,1,2,True,True,0.25,0.5,False,1.0,0.0
synthetic,overvoltage_027_w300,4,2,overvoltage,overvoltage,4,"[""current_delta_mean"", ""current_slope"", ""temperature_z_last"", ""temperature_slope""]",vibration_slope,1,2,True,True,0.25,0.5,False,1.0,0.0
synthetic,overvoltage_027_w300,4,3,overvoltage,overvoltage,4,"[""current_delta_mean"", ""current_slope"", ""temperature_z_last"", ""temperature_slope""]",vibration_slope,1,2,True,True,0.25,0.5,False,1.0,0.0
synthetic,overvoltage_027_w300,4,4,overvoltage,overvoltage,4,"[""current_delta_mean"", ""current_slope"", ""temperature_z_last"", ""temperature_slope""]",vibration_slope,1,2,True,True,0.25,0.5,False,1.0,0.0
synthetic,overvoltage_032_w480,4,0,overvoltage,overvoltage,3,"[""current_z_last"", ""temperature_z_last"", ""vibration_z_last""]",current_z_last,1,1,True,True,0.3333333333333333,0.3333333333333333,True,0.3333333333333333,0.6666666666666666
synthetic,overvoltage_032_w480,4,1,overvoltage,overvoltage,3,"[""current_z_last"", ""temperature_z_last"", ""vibration_z_last""]",current_z_last,1,1,True,True,0.3333333333333333,0.3333333333333333,True,0.3333333333333333,0.6666666666666666
synthetic,overvoltage_032_w480,4,2,overvoltage,overvoltage,3,"[""current_z_last"", ""temperature_z_last"", ""vibration_z_last""]",current_z_last,1,1,True,True,0.3333333333333333,0.3333333333333333,True,0.3333333333333333,0.6666666666666666
synthetic,overvoltage_032_w480,4,3,overvoltage,overvoltage,3,"[""current_z_last"", ""temperature_z_last"", ""vibration_z_last""]",current_z_last,1,1,True,True,0.3333333333333333,0.3333333333333333,True,0.3333333333333333,0.6666666666666666
synthetic,overvoltage_032_w480,4,4,overvoltage,overvoltage,3,"[""current_z_last"", ""temperature_z_last"", ""vibration_z_last""]",current_z_last,1,1,True,True,0.3333333333333333,0.3333333333333333,True,0.3333333333333333,0.6666666666666666
synthetic,overvoltage_033_w480,4,0,overvoltage,overvoltage,4,"[""current_z_last"", ""temperature_z_last"", ""current_delta_mean"", ""vibration_delta_mean""]",vibration_slope,2,3,True,True,0.5,0.75,False,1.0,0.0
synthetic,overvoltage_033_w480,4,1,overvoltage,overvoltage,3,"[""current_z_last"", ""temperature_z_last"", ""vibration_delta_mean""]",vibration_slope,2,2,True,True,0.6666666666666666,0.6666666666666666,False,1.0,0.0
synthetic,overvoltage_033_w480,4,2,overvoltage,overvoltage,3,"[""temperature_z_last"", ""current_z_last"", ""vibration_z_last""]",vibration_slope,1,1,True,True,0.3333333333333333,0.3333333333333333,False,1.0,0.0
synthetic,overvoltage_033_w480,4,3,overvoltage,overvoltage,3,"[""temperature_z_last"", ""current_z_last"", ""vibration_z_last""]",vibration_slope,1,1,True,True,0.3333333333333333,0.3333333333333333,False,1.0,0.0
synthetic,overvoltage_033_w480,4,4,overvoltage,overvoltage,3,"[""temperature_z_last"", ""current_z_last"", ""temperature_delta_mean""]",vibration_slope,1,1,True,True,0.3333333333333333,0.3333333333333333,False,1.0,0.0
synthetic,overvoltage_038_w300,4,0,overvoltage,overvoltage,4,"[""current_delta_mean"", ""current_slope"", ""temperature_z_last"", ""temperature_slope""]",current_slope,2,2,True,True,0.5,0.5,True,1.0,0.0
synthetic,overvoltage_038_w300,4,1,overvoltage,overvoltage,4,"[""current_delta_mean"", ""current_slope"", ""temperature_z_last"", ""temperature_slope""]",current_slope,2,2,True,True,0.5,0.5,True,1.0,0.0
synthetic,overvoltage_038_w300,4,2,overvoltage,overvoltage,3,"[""current_delta_mean"", ""current_slope"", ""temperature_z_last""]",current_slope,2,2,True,True,0.6666666666666666,0.6666666666666666,True,1.0,0.0
synthetic,overvoltage_038_w300,4,3,overvoltage,overvoltage,4,"[""current_delta_mean"", ""current_slope"", ""temperature_z_last"", ""temperature_slope""]",current_slope,2,2,True,True,0.5,0.5,True,1.0,0.0
synthetic,overvoltage_038_w300,4,4,overvoltage,overvoltage,4,"[""current_delta_mean"", ""current_slope"", ""temperature_z_last"", ""temperature_slope""]",current_slope,2,2,True,True,0.5,0.5,True,1.0,0.0
synthetic,overvoltage_038_w360,4,0,overvoltage,overvoltage,4,"[""current_z_last"", ""temperature_z_last"", ""temperature_delta_mean"", ""temperature_slope""]",current_z_last,1,1,True,True,0.25,0.25,True,1.0,0.0
synthetic,overvoltage_038_w360,4,1,overvoltage,overvoltage,4,"[""current_z_last"", ""temperature_delta_mean"", ""temperature_slope"", ""temperature_z_last""]",current_z_last,1,1,True,True,0.25,0.25,True,1.0,0.0
synthetic,overvoltage_038_w360,4,2,overvoltage,overvoltage,4,"[""current_z_last"", ""temperature_delta_mean"", ""temperature_slope"", ""temperature_z_last""]",current_z_last,1,1,True,True,0.25,0.25,True,1.0,0.0
synthetic,overvoltage_038_w360,4,3,overvoltage,overvoltage,4,"[""current_z_last"", ""temperature_delta_mean"", ""temperature_z_last"", ""temperature_slope""]",current_z_last,1,1,True,True,0.25,0.25,True,1.0,0.0
synthetic,overvoltage_038_w360,4,4,overvoltage,overvoltage,4,"[""current_z_last"", ""temperature_delta_mean"", ""temperature_slope"", ""temperature_z_last""]",current_z_last,1,1,True,True,0.25,0.25,True,1.0,0.0
synthetic,overvoltage_038_w480,4,0,overvoltage,overvoltage,4,"[""current_z_last"", ""vibration_z_last"", ""temperature_z_last"", ""current_delta_mean""]",vibration_delta_mean,1,2,True,True,0.25,0.5,False,1.0,0.0
synthetic,overvoltage_038_w480,4,1,overvoltage,overvoltage,4,"[""current_z_last"", ""vibration_z_last"", ""temperature_z_last"", ""current_delta_mean""]",vibration_delta_mean,1,2,True,True,0.25,0.5,False,1.0,0.0
synthetic,overvoltage_038_w480,4,2,overvoltage,overvoltage,4,"[""current_z_last"", ""vibration_z_last"", ""temperature_z_last"", ""current_delta_mean""]",vibration_delta_mean,1,2,True,True,0.25,0.5,False,0.75,0.25
synthetic,overvoltage_038_w480,4,3,overvoltage,overvoltage,3,"[""current_z_last"", ""vibration_z_last"", ""temperature_z_last""]",vibration_delta_mean,1,1,True,True,0.3333333333333333,0.3333333333333333,False,1.0,0.0
synthetic,overvoltage_038_w480,4,4,overvoltage,overvoltage,4,"[""current_z_last"", ""vibration_z_last"", ""temperature_z_last"", ""current_delta_mean""]",vibration_delta_mean,1,2,True,True,0.25,0.5,False,1.0,0.0
synthetic,overvoltage_040_w420,4,0,overvoltage,overvoltage,4,"[""current_delta_mean"", ""current_slope"", ""temperature_delta_mean"", ""temperature_slope""]",vibration_slope,1,3,True,True,0.25,0.75,False,1.0,0.0
synthetic,overvoltage_040_w420,4,1,overvoltage,overvoltage,4,"[""current_delta_mean"", ""current_slope"", ""temperature_delta_mean"", ""temperature_slope""]",vibration_slope,1,3,True,True,0.25,0.75,False,1.0,0.0
synthetic,overvoltage_040_w420,4,2,overvoltage,overvoltage,4,"[""current_delta_mean"", ""current_slope"", ""temperature_delta_mean"", ""temperature_slope""]",vibration_slope,1,3,True,True,0.25,0.75,False,1.0,0.0
synthetic,overvoltage_040_w420,4,3,overvoltage,overvoltage,4,"[""current_delta_mean"", ""current_slope"", ""temperature_delta_mean"", ""temperature_slope""]",vibration_slope,1,3,True,True,0.25,0.75,False,1.0,0.0
synthetic,overvoltage_040_w420,4,4,overvoltage,overvoltage,4,"[""current_delta_mean"", ""current_slope"", ""temperature_delta_mean"", ""temperature_slope""]",vibration_slope,1,3,True,True,0.25,0.75,False,1.0,0.0
synthetic,overvoltage_040_w480,4,0,overvoltage,overvoltage,4,"[""current_z_last"", ""vibration_z_last"", ""current_delta_mean"", ""temperature_z_last""]",vibration_slope,1,2,True,True,0.25,0.5,False,1.0,0.0
synthetic,overvoltage_040_w480,4,1,overvoltage,overvoltage,3,"[""current_z_last"", ""vibration_z_last"", ""current_delta_mean""]",vibration_slope,1,2,True,True,0.3333333333333333,0.6666666666666666,False,1.0,0.0
synthetic,overvoltage_040_w480,4,2,overvoltage,overvoltage,3,"[""current_z_last"", ""vibration_z_last"", ""current_delta_mean""]",vibration_slope,1,2,True,True,0.3333333333333333,0.6666666666666666,False,1.0,0.0
synthetic,overvoltage_040_w480,4,3,overvoltage,overvoltage,4,"[""current_z_last"", ""vibration_z_last"", ""current_delta_mean"", ""temperature_z_last""]",vibration_slope,1,2,True,True,0.25,0.5,False,1.0,0.0
synthetic,overvoltage_040_w480,4,4,overvoltage,overvoltage,4,"[""current_z_last"", ""vibration_z_last"", ""current_delta_mean"", ""temperature_z_last""]",vibration_slope,1,2,True,True,0.25,0.5,False,1.0,0.0
synthetic,overvoltage_041_w480,4,0,overvoltage,overvoltage,4,"[""current_z_last"", ""vibration_delta_mean"", ""vibration_slope"", ""temperature_z_last""]",vibration_slope,3,3,True,True,0.75,0.75,True,0.5,0.5
synthetic,overvoltage_041_w480,4,1,overvoltage,overvoltage,3,"[""current_z_last"", ""vibration_delta_mean"", ""vibration_slope""]",vibration_slope,3,3,True,True,1.0,1.0,True,0.3333333333333333,0.6666666666666666
synthetic,overvoltage_041_w480,4,2,overvoltage,overvoltage,3,"[""current_z_last"", ""vibration_z_last"", ""vibration_delta_mean""]",vibration_slope,2,2,True,True,0.6666666666666666,0.6666666666666666,False,0.6666666666666666,0.3333333333333333
synthetic,overvoltage_041_w480,4,3,overvoltage,overvoltage,3,"[""current_z_last"", ""vibration_z_last"", ""vibration_delta_mean""]",vibration_slope,2,2,True,True,0.6666666666666666,0.6666666666666666,False,1.0,0.0
synthetic,overvoltage_041_w480,4,4,overvoltage,overvoltage,4,"[""current_z_last"", ""vibration_delta_mean"", ""vibration_slope"", ""temperature_z_last""]",vibration_slope,3,3,True,True,0.75,0.75,True,0.5,0.5
synthetic,overvoltage_049_w480,4,0,overvoltage,overvoltage,3,"[""current_z_last"", ""temperature_z_last"", ""vibration_z_last""]",vibration_slope,1,1,True,True,0.3333333333333333,0.3333333333333333,False,1.0,0.0
synthetic,overvoltage_049_w480,4,1,overvoltage,overvoltage,3,"[""current_z_last"", ""temperature_z_last"", ""vibration_z_last""]",vibration_slope,1,1,True,True,0.3333333333333333,0.3333333333333333,False,1.0,0.0
synthetic,overvoltage_049_w480,4,2,overvoltage,overvoltage,3,"[""current_z_last"", ""temperature_z_last"", ""vibration_z_last""]",vibration_slope,1,1,True,True,0.3333333333333333,0.3333333333333333,False,1.0,0.0
synthetic,overvoltage_049_w480,4,3,overvoltage,overvoltage,3,"[""current_z_last"", ""temperature_z_last"", ""vibration_z_last""]",vibration_slope,1,1,True,True,0.3333333333333333,0.3333333333333333,False,1.0,0.0
synthetic,overvoltage_049_w480,4,4,overvoltage,overvoltage,3,"[""current_z_last"", ""temperature_z_last"", ""vibration_z_last""]",vibration_slope,1,1,True,True,0.3333333333333333,0.3333333333333333,False,1.0,0.0
